Global_Step,Curriculum_Lvl,Dist_to_Target,Reward,Terminated,Table_Collision,J1_Pos,J2_Pos,J3_Pos,J4_Pos,J5_Pos,J6_Pos,J1_Vel,J2_Vel,J3_Vel,J4_Vel,J5_Vel,J6_Vel,Gripper_Pos,EE_X,EE_Y,EE_Z,Target_X,Target_Y,Target_Z,Act_J1,Act_J2,Act_J3,Act_J4,Act_J5,Act_J6,Act_Gripper,Spawn_Radius_M
1,0.0,1.1886,-0.1168,False,False,2.0626,-1.5658,2.1339,-1.7968,-1.6362,-0.0271,0.3152,-0.0633,0.7267,2.3313,-0.2424,-0.2979,-0.0,-0.2675,0.8052,0.8491,0.802,-0.26,0.01,0.0597,-0.0579,-0.01,-0.0548,-0.0758,-0.0577,-2.9548,0.0
101,0.0,1.011,0.0,False,False,3.7825,0.2494,3.0606,-3.8584,-3.1325,3.8619,0.0017,-0.0004,-0.0028,-0.016,-0.0004,-0.0303,0.1838,-0.158,0.6063,0.8114,0.802,-0.26,0.01,-0.0114,-0.0321,0.0221,0.0051,0.0007,-0.0756,-1.0257,0.0
201,0.0,1.0155,0.0,False,False,3.7848,0.2494,3.0589,-3.8676,-3.1341,3.8475,-0.0039,0.0002,0.0051,0.0298,0.0032,0.051,0.3273,-0.1646,0.6005,0.8091,0.802,-0.26,0.01,0.0315,0.0126,-0.0457,0.0522,-0.0511,-0.0171,0.138,0.0
301,0.0,1.0102,0.0,False,False,3.7812,0.2494,3.0576,-3.8744,-3.1353,3.8382,-0.0026,0.0001,-0.0008,0.0036,0.0031,0.01,0.1576,-0.1572,0.6063,0.8123,0.802,-0.26,0.01,0.0388,-0.0101,0.0169,-0.0407,0.0447,-0.0306,-1.3334,0.0
401,0.0,1.0148,0.0,False,False,3.7815,0.2494,3.0572,-3.8766,-3.1358,3.8361,-0.0006,0.0,-0.0019,0.0026,0.0024,-0.0043,0.2845,-0.1636,0.6018,0.81,0.802,-0.26,0.01,0.0623,-0.0046,0.0391,0.0668,0.0626,0.0097,1.1407,0.0
501,0.0,1.1987,-0.2325,False,False,2.0668,-1.5192,2.153,-1.8907,-1.6189,0.0365,0.3805,-0.0044,1.0228,-3.1509,-0.6157,0.7677,-0.0627,-0.2767,0.8112,0.8297,0.802,-0.26,0.01,0.0635,0.0353,0.0753,0.022,-0.0162,0.0697,-3.0783,0.0
601,0.0,1.0235,0.0014,False,False,3.1903,0.2495,2.8455,-4.6626,-3.1273,0.4741,0.0003,-0.0001,-0.0005,-0.0064,0.005,-0.0062,0.1873,-0.1407,0.6873,0.8222,0.802,-0.26,0.01,-0.0094,0.0272,0.0692,-0.0453,-0.0325,-0.0036,1.1733,0.0
701,0.0,1.0007,0.0052,False,False,3.3486,0.2495,2.8455,-4.6631,-3.1297,0.2986,-0.0,-0.0001,-0.0004,0.0009,-0.0004,0.0105,0.2667,-0.1252,0.6659,0.8093,0.802,-0.26,0.01,-0.0027,-0.0299,-0.0278,-0.031,0.0004,-0.0638,1.1082,0.0
801,0.0,0.9989,0.0,False,False,3.4843,0.2495,2.8455,-4.6629,-3.1288,0.1629,-0.2188,0.0005,-0.001,0.0037,0.0056,-0.3155,0.3897,-0.1297,0.6498,0.8105,0.802,-0.26,0.01,-0.0429,-0.0588,0.0285,-0.0142,0.0337,-0.0234,2.0395,0.0
901,0.0,1.0067,0.0003,False,False,3.6921,0.2495,2.8455,-4.6626,-3.1272,-0.0552,0.0092,0.0012,-0.0039,-0.0106,-0.0018,0.0133,0.3756,-0.1484,0.621,0.8168,0.802,-0.26,0.01,-0.0463,-0.0044,-0.0603,-0.0643,-0.0707,-0.0382,2.9048,0.0
1001,0.0,1.1858,-0.1427,False,False,2.0688,-1.5573,2.1454,-1.7918,-1.5957,0.0023,0.4075,0.0377,0.9145,2.6207,0.3174,-0.0749,0.0008,-0.273,0.7879,0.8426,0.802,-0.26,0.01,0.0783,-0.0402,0.0377,0.0577,0.0284,-0.0096,-0.8595,0.0
1101,0.0,1.0186,0.0023,False,False,3.6075,0.2489,3.0167,-4.0946,-3.1249,3.5898,-0.0006,0.0,-0.0042,0.0043,-0.005,-0.004,0.1698,-0.1597,0.6249,0.8108,0.802,-0.26,0.01,0.0601,-0.0102,0.0468,-0.0103,0.0632,-0.008,-2.7991,0.0
1201,0.0,1.0301,0.0,False,False,3.637,0.2487,2.978,-4.2414,-3.131,3.391,-0.0,-0.0,-0.1699,-0.5701,-0.0368,-0.8442,0.252,-0.1754,0.6147,0.8101,0.802,-0.26,0.01,-0.0457,-0.0657,-0.075,-0.0793,0.0034,-0.0092,-1.102,0.0
1301,0.0,1.0306,0.0,False,False,3.8822,0.2495,2.8455,-4.6626,-3.1274,2.7832,0.2162,0.0,-0.0006,0.0099,0.0014,-0.1157,0.088,-0.1877,0.5765,0.8147,0.802,-0.26,0.01,0.071,0.0195,0.0466,0.0759,-0.0399,-0.0609,-2.4333,0.0
1401,0.0,1.0125,0.0,False,False,4.1851,0.2495,2.8455,-4.6638,-3.1275,2.8468,-0.1015,0.0023,-0.0047,0.0745,-0.0975,-0.0398,0.1525,-0.1873,0.5047,0.8111,0.802,-0.26,0.01,-0.069,0.0461,0.0638,-0.0269,-0.0429,-0.0455,-2.5409,0.0
1501,0.0,1.1847,-0.1105,False,False,2.0608,-1.5473,2.1489,-1.8415,-1.6217,0.0331,0.2651,0.1422,0.929,2.1598,-0.0734,0.2303,0.0929,-0.2668,0.7986,0.8405,0.802,-0.26,0.01,0.0555,-0.0214,0.0398,-0.0533,-0.0526,0.0466,1.0663,0.0
1601,0.0,0.9989,0.0,False,False,4.1728,0.2496,3.0708,-3.7959,-3.1156,4.1748,0.0008,0.0011,0.002,0.0178,-0.0057,0.0545,0.185,-0.1622,0.5499,0.8143,0.802,-0.26,0.01,-0.0114,-0.0586,0.0666,-0.0619,0.0596,0.0236,-2.305,0.0
1701,0.0,1.0016,0.0,False,False,4.2397,0.2491,3.0377,-3.9919,-3.1296,3.7132,0.0018,0.0002,-0.0048,-0.0278,0.0048,-0.0564,0.3304,-0.1744,0.5126,0.8083,0.802,-0.26,0.01,-0.0074,0.0321,0.0385,0.0097,-0.071,0.0083,0.6361,0.0
1801,0.0,1.0014,0.0,False,False,4.2417,0.2491,3.0367,-3.9976,-3.1292,3.7111,0.001,0.0009,-0.0033,-0.0167,0.0005,-0.0647,0.322,-0.1743,0.5123,0.8085,0.802,-0.26,0.01,-0.0485,0.0038,0.0269,0.0498,0.0473,-0.0222,-1.4341,0.0
1901,0.0,0.9978,0.0,False,False,4.2597,0.2492,3.0443,-3.9626,-3.1234,3.8948,0.0,0.0014,0.0701,0.4691,-0.0463,1.5135,0.1611,-0.1682,0.522,0.8133,0.802,-0.26,0.01,0.0007,0.0563,0.0765,0.0634,-0.0725,-0.0443,-2.5385,0.0
2001,0.0,1.1892,-0.125,False,False,2.0657,-1.5629,2.1643,-1.8615,-1.6285,0.0417,0.351,-0.0112,1.0468,2.1666,-0.0894,0.3001,0.0,-0.2692,0.8041,0.8398,0.802,-0.26,0.01,0.0688,-0.048,0.0677,-0.0733,-0.0506,0.0572,-2.7259,0.0
2101,0.0,0.9544,0.0,False,False,3.7123,0.25,3.0946,-3.543,-3.0756,1.1647,-0.4074,0.0009,0.0017,0.0416,0.0338,0.0855,0.3166,-0.0761,0.6626,0.8208,0.802,-0.26,0.01,-0.0768,-0.0563,-0.0252,-0.0698,0.0719,-0.0538,0.5984,0.0
2201,0.0,0.9604,0.0067,False,False,3.7473,0.25,3.0949,-3.5226,-3.0832,1.1742,-0.0085,-0.0001,-0.0002,0.0104,-0.0101,0.0136,0.2901,-0.0837,0.6599,0.8208,0.802,-0.26,0.01,0.0672,0.0201,-0.0153,-0.0045,0.0646,-0.0059,2.0982,0.0
2301,0.0,0.9738,-0.0001,False,False,3.9118,0.25,3.0914,-3.5985,-3.0927,1.0643,0.0022,0.001,-0.0007,-0.0021,-0.0039,-0.0205,0.3511,-0.106,0.6405,0.8222,0.802,-0.26,0.01,-0.0224,-0.0368,0.0785,0.009,0.0753,0.0071,3.0302,0.0
2401,0.0,0.9789,0.0,False,False,3.9745,0.2499,3.0895,-3.627,-3.0993,1.0029,0.0015,-0.0,-0.001,-0.0114,0.021,0.0281,0.2918,-0.1165,0.6271,0.8223,0.802,-0.26,0.01,-0.0291,0.0621,0.0456,0.076,-0.0323,-0.0505,0.4594,0.0
2501,0.0,1.1893,-0.1211,False,False,2.0658,-1.5676,2.1493,-1.8283,-1.6344,0.0298,0.3575,-0.0723,0.8775,2.2619,-0.1619,0.1943,0.0098,-0.2683,0.8058,0.844,0.802,-0.26,0.01,0.0681,-0.0591,0.027,-0.0685,-0.0629,0.0365,-0.5863,0.0
2601,0.0,0.9983,0.0,False,False,3.7536,0.2493,3.0522,-3.9018,-3.1361,0.5095,-0.0012,0.0004,0.004,0.0393,0.0031,0.0644,0.3395,-0.1346,0.6336,0.8256,0.802,-0.26,0.01,0.0092,0.0672,-0.0719,0.0264,0.0393,0.0343,-0.7517,0.0
2701,0.0,0.9871,0.0,False,False,3.7665,0.2493,3.0499,-3.9165,-3.1344,0.5038,-0.0876,0.001,0.0751,0.5251,-0.0725,1.3334,0.3787,-0.1236,0.6308,0.8302,0.802,-0.26,0.01,-0.0477,-0.0623,0.0653,0.0645,-0.0581,-0.0183,1.6366,0.0
2801,0.0,0.9879,0.0,False,False,3.775,0.2492,3.0473,-3.934,-3.1317,0.4966,0.0,-0.0,-0.0023,-0.0156,0.0013,-0.0598,0.3678,-0.1251,0.6289,0.8293,0.802,-0.26,0.01,0.0773,-0.0405,-0.0232,-0.0661,-0.0264,-0.0775,1.8422,0.0
2901,0.0,0.9918,0.0,False,False,3.7926,0.2493,3.0474,-3.933,-3.1308,0.53,0.0002,0.001,-0.0015,-0.0077,-0.0008,-0.0107,0.2942,-0.1309,0.6245,0.8258,0.802,-0.26,0.01,-0.0009,-0.056,0.0098,0.0721,0.0379,-0.0052,0.0199,0.0
3001,0.0,1.2039,-0.2864,False,False,2.0693,-1.5178,2.1543,-1.9195,-1.6401,-0.0094,0.2379,-0.0346,1.1025,-3.1529,-0.4716,1.9485,-0.055,-0.2775,0.8216,0.8294,0.802,-0.26,0.01,0.0676,0.0363,0.0679,-0.0779,-0.0597,-0.0275,-1.6347,0.0
3101,0.0,1.0177,0.0,False,False,3.4641,0.2492,3.0412,-3.9719,-3.1315,3.7355,0.0027,0.0003,0.0066,0.0367,-0.0066,0.039,0.3625,-0.1515,0.6451,0.8079,0.802,-0.26,0.01,-0.0321,-0.0329,-0.0198,-0.0673,0.0326,-0.029,1.1783,0.0
3201,0.0,1.0167,-0.003,False,False,3.4751,0.2491,3.036,-4.0011,-3.1285,3.6945,-0.0022,0.0003,-0.0028,-0.0137,0.0163,-0.0133,0.3261,-0.1504,0.6454,0.8086,0.802,-0.26,0.01,0.034,0.0438,0.0002,0.0696,0.0102,-0.0289,1.7118,0.0
3301,0.0,1.0129,0.0,False,False,3.4783,0.2491,3.0344,-4.01,-3.128,3.6921,0.0,0.0041,-0.0006,-0.007,0.0216,0.0171,0.2105,-0.1463,0.6454,0.8103,0.802,-0.26,0.01,0.0703,-0.0174,-0.0648,0.0179,-0.0649,0.0356,-2.3167,0.0
3401,0.0,1.0095,0.0,False,False,3.4514,0.2491,3.035,-4.0064,-3.1284,3.6975,0.0007,0.0002,-0.0027,-0.012,-0.0007,-0.031,0.1624,-0.141,0.6498,0.8111,0.802,-0.26,0.01,0.0002,-0.0083,0.0244,0.0656,-0.0761,0.0531,-2.1848,0.0
3501,0.0,1.1772,-0.1532,False,False,2.0625,-1.5784,2.1648,-1.8047,-1.6316,0.0282,0.3529,-0.1575,1.0585,2.7748,-0.2488,0.2034,0.0032,-0.2611,0.793,0.8426,0.802,-0.26,0.01,0.066,-0.0749,0.0726,0.0536,-0.0607,0.0341,-1.5073,0.0
3601,0.0,0.9581,0.0,False,False,3.3904,0.2497,3.0748,-3.7683,-3.1134,0.8535,0.354,0.0014,-0.0972,-0.719,-0.0593,-1.7017,0.2375,-0.0753,0.6738,0.821,0.802,-0.26,0.01,0.0625,-0.0674,0.037,-0.0667,0.0139,-0.0684,-0.3757,0.0
3701,0.0,0.9608,0.0,False,False,3.444,0.2494,3.0556,-3.8843,-3.1328,0.4914,0.2442,0.0003,0.0141,0.0749,0.0109,0.133,0.5368,-0.0806,0.667,0.836,0.802,-0.26,0.01,0.0726,-0.0559,0.0407,0.0501,0.0714,-0.0505,-0.6068,0.0
3801,0.0,0.9665,0.0,False,False,3.4302,0.2494,3.0564,-3.8803,-3.1321,0.5314,-0.0027,-0.0001,-0.0003,-0.002,0.021,0.0436,0.4013,-0.0863,0.6685,0.8306,0.802,-0.26,0.01,0.0486,0.0636,-0.0722,0.01,-0.0582,-0.0202,2.5949,0.0
3901,0.0,0.9813,0.0,False,False,3.4343,0.2493,3.0522,-3.9017,-3.1361,0.5092,0.0001,0.0011,0.007,0.0464,0.0002,0.07,0.3418,-0.1014,0.6716,0.8257,0.802,-0.26,0.01,-0.0173,-0.0438,-0.0496,0.0358,-0.0751,-0.0264,-2.7533,0.0
4001,0.0,1.1896,-0.1225,False,False,2.066,-1.5606,2.145,-1.7982,-1.6306,0.0313,0.352,0.0027,0.8872,2.5243,-0.1059,0.2126,0.0101,-0.269,0.8053,0.8398,0.802,-0.26,0.01,0.0686,-0.0462,0.0298,0.0207,-0.0563,0.0391,-0.1638,0.0
4101,0.0,0.9891,0.0,False,False,4.8023,-3.3932,3.1416,-0.1013,-2.5529,4.2323,-0.0047,-0.0004,0.0015,0.2748,0.0473,0.156,0.0771,-0.0895,0.7183,0.7956,0.802,-0.26,0.01,0.0489,-0.0314,0.0792,0.0706,-0.0757,0.0421,2.1635,0.0
4201,0.0,1.0138,0.0,False,False,5.0786,-3.3932,3.1404,-0.1017,-2.5253,4.2117,-0.0008,-0.0005,0.0057,0.011,-0.0398,-0.0213,-0.0,-0.125,0.7003,0.7968,0.802,-0.26,0.01,0.0055,0.0758,-0.0154,0.0299,0.02,0.0705,-3.0408,0.0
4301,0.0,1.0463,0.0,False,False,5.5087,-3.3932,3.1365,-0.0897,-2.477,4.2411,0.3412,0.0,-0.0045,0.0716,0.1434,0.0875,-0.0001,-0.1788,0.6542,0.7959,0.802,-0.26,0.01,0.0735,0.0374,-0.0509,-0.01,0.0048,0.0607,-0.1523,0.0
4401,0.0,1.0665,0.0,False,False,6.2023,-3.3932,3.1332,-0.0279,-2.3303,4.3039,-0.005,0.0001,0.0096,0.0131,-0.018,-0.0261,0.0343,-0.2326,0.5487,0.7962,0.802,-0.26,0.01,0.0509,0.0287,-0.0477,0.0787,-0.0774,-0.0076,0.6608,0.0
4501,0.0,1.2102,-0.1365,False,False,2.0663,-1.5062,2.1495,-1.8602,-1.5974,0.0177,0.2624,0.5655,1.0713,2.085,0.4206,0.0573,0.0558,-0.2868,0.8169,0.8269,0.802,-0.26,0.01,0.0648,0.0541,0.078,0.0286,0.0035,0.0159,-0.4358,0.0
4601,0.0,1.0379,0.0052,False,False,3.5184,0.2495,2.8455,-4.6631,-3.1296,3.2364,0.0081,0.0018,-0.0007,0.0041,-0.0067,0.0249,0.192,-0.1784,0.6298,0.8173,0.802,-0.26,0.01,-0.0483,0.0404,0.0292,0.0208,-0.0382,0.0212,-2.2257,0.0
4701,0.0,1.0375,-0.0005,False,False,3.7972,0.2495,2.8454,-4.6623,-3.1261,3.0561,0.1588,0.0011,-0.0001,0.0008,-0.0025,0.0117,0.2139,-0.1957,0.5737,0.8129,0.802,-0.26,0.01,0.0715,0.0525,0.053,-0.0042,-0.0551,-0.0461,-0.1153,0.0
4801,0.0,1.0097,0.0001,False,False,4.2256,0.2495,2.8454,-4.6623,-3.1261,3.0559,-0.0025,0.0003,0.0001,-0.0007,-0.0005,-0.0226,0.149,-0.1864,0.4951,0.8133,0.802,-0.26,0.01,0.017,0.0141,0.0168,-0.0561,0.0202,-0.0486,-2.5219,0.0
4901,0.0,0.9158,0.0,False,False,4.9376,0.2495,2.8454,-4.6624,-3.1264,3.063,-0.0099,-0.0,-0.0001,0.0003,0.0012,0.0123,0.1143,-0.1079,0.3908,0.8138,0.802,-0.26,0.01,0.0584,0.0747,0.067,-0.0151,0.0689,0.0687,-2.4533,0.0
5001,0.0,1.1815,-0.1231,False,False,2.0638,-1.5362,2.1235,-1.7733,-1.6338,-0.0177,0.2724,0.2365,0.7393,2.4572,-0.1114,-0.2572,0.0,-0.2639,0.7968,0.8435,0.802,-0.26,0.01,0.0585,-0.0049,-0.0069,0.0486,-0.0767,-0.0407,-1.9719,0.0
5101,0.0,0.9794,0.0,False,False,4.2191,0.25,3.0925,-3.5789,-3.0872,1.4301,0.0056,0.0007,0.0004,0.0017,-0.0179,-0.0306,0.3042,-0.1249,0.6055,0.8127,0.802,-0.26,0.01,-0.0391,-0.0443,-0.0332,-0.0726,-0.0628,0.0682,0.3659,0.0
5201,0.0,0.9795,0.0,False,False,4.2864,0.2499,3.0892,-3.63,-3.092,1.3543,-0.0055,0.0001,0.0008,0.005,0.0083,0.0276,0.3955,-0.1282,0.5959,0.8126,0.802,-0.26,0.01,0.0467,0.0148,-0.038,0.0166,-0.0482,0.0274,1.6793,0.0
5301,0.0,0.9832,0.0,False,False,4.3537,0.2497,3.0742,-3.7776,-3.1057,0.923,-0.0,0.0003,-0.0047,0.0074,-0.044,-0.1324,0.2765,-0.1419,0.5636,0.8194,0.802,-0.26,0.01,-0.0568,-0.0098,-0.0051,-0.0187,-0.032,0.0184,1.1074,0.0
5401,0.0,0.984,0.0,False,False,4.3615,0.2494,3.0571,-3.877,-3.1314,0.5286,0.001,0.0005,0.0193,0.0461,0.0569,0.1327,0.4152,-0.1453,0.553,0.8315,0.802,-0.26,0.01,-0.031,-0.0267,-0.0713,0.0457,-0.0317,-0.0609,1.9494,0.0
5501,0.0,1.1811,-0.1316,False,False,2.0659,-1.5767,2.1641,-1.8406,-1.6378,0.017,0.3782,-0.1517,1.0116,2.3971,-0.2218,0.0788,0.0,-0.2632,0.7972,0.8468,0.802,-0.26,0.01,0.071,-0.0729,0.0609,-0.0519,-0.0667,0.0146,-2.8181,0.0
5601,0.0,0.9958,0.0,False,False,3.7345,0.2493,3.0519,-3.9029,-3.1363,0.5058,-0.0015,0.0001,0.0004,0.0001,0.0021,-0.0015,0.353,-0.1309,0.6363,0.8267,0.802,-0.26,0.01,0.0153,-0.0428,-0.0782,-0.0446,0.0452,-0.0651,1.9792,0.0
5701,0.0,0.9996,0.0,False,False,3.7505,0.2493,3.0492,-3.9216,-3.1338,0.4886,-0.0057,0.0041,-0.0028,-0.0198,0.0016,-0.0368,0.3383,-0.1362,0.6332,0.825,0.802,-0.26,0.01,-0.0213,-0.0607,0.0441,-0.0464,-0.0644,-0.0367,-1.1351,0.0
5801,0.0,0.9905,-0.0022,False,False,3.756,0.2493,3.0484,-3.9266,-3.132,0.528,-0.0044,0.0001,0.0012,0.0167,-0.0095,0.0098,0.308,-0.1275,0.6301,0.8265,0.802,-0.26,0.01,0.0188,-0.064,0.0216,0.0691,0.0333,-0.0179,-2.6114,0.0
5901,0.0,0.9905,0.0,False,False,3.7752,0.2492,3.0472,-3.9344,-3.1306,0.5352,-0.0049,0.0001,-0.0048,-0.0276,0.0039,-0.1366,0.3426,-0.1282,0.6285,0.8266,0.802,-0.26,0.01,0.0597,0.0757,0.0476,-0.0065,-0.0114,-0.0396,1.9706,0.0
6001,0.0,1.1789,-0.1404,False,False,2.064,-1.5661,2.1626,-1.8148,-1.6381,-0.0097,0.3374,-0.0355,1.0665,2.66,-0.2422,-0.1531,-0.0,-0.2618,0.7956,0.8398,0.802,-0.26,0.01,0.0664,-0.053,0.0739,0.0465,-0.0753,-0.0297,-1.1339,0.0
6101,0.0,0.9795,0.0,False,False,4.4527,0.25,3.0933,-3.5665,-3.1023,1.62,-0.3783,0.0005,0.0227,0.4918,-0.075,0.7658,0.3275,-0.1354,0.5734,0.8088,0.802,-0.26,0.01,-0.0671,-0.0528,0.0535,0.0753,-0.0149,-0.072,-0.0971,0.0
6201,0.0,0.9772,0.0,False,False,4.5201,0.2499,3.0882,-3.6444,-3.0996,1.4066,-0.0042,-0.0005,0.0003,0.0057,0.0001,0.0014,0.3774,-0.1368,0.5605,0.8111,0.802,-0.26,0.01,0.0774,0.0728,0.0277,-0.0341,0.0046,0.07,1.3391,0.0
6301,0.0,0.9753,0.0,False,False,4.551,0.2495,3.0675,-3.817,-3.1215,0.7698,-0.0003,-0.0001,-0.0058,-0.041,-0.004,-0.1678,0.3831,-0.1417,0.5337,0.8252,0.802,-0.26,0.01,0.0607,-0.0149,-0.0621,0.0406,-0.066,0.0253,2.118,0.0
6401,0.0,0.9756,0.0,False,False,4.5553,0.2493,3.0542,-3.8919,-3.1341,0.5112,-0.0018,0.0011,0.0001,0.0001,-0.0003,0.0082,0.4048,-0.1446,0.5223,0.8313,0.802,-0.26,0.01,-0.0018,-0.066,-0.0261,-0.0636,0.0568,-0.0584,1.1275,0.0
6501,0.0,1.191,-0.1284,False,False,2.0671,-1.5729,2.1572,-1.8363,-1.6131,-0.0089,0.4023,-0.1196,0.9473,2.3078,0.066,-0.1594,0.0,-0.2732,0.7994,0.8443,0.802,-0.26,0.01,0.0746,-0.0676,0.0449,-0.0618,-0.0093,-0.0294,-2.4753,0.0
6601,0.0,1.0207,0.0,False,False,3.7917,0.249,3.0303,-4.0309,-3.1269,3.6718,-0.0039,0.0041,-0.033,-0.1145,-0.0236,-0.4396,0.2662,-0.1726,0.5925,0.8092,0.802,-0.26,0.01,0.0652,0.0641,0.0534,-0.0404,0.0395,-0.0211,-0.801,0.0
6701,0.0,1.0183,0.0,False,False,3.8077,0.2491,3.0389,-3.989,-3.1213,3.9239,-0.0001,0.0013,0.078,0.4982,0.0027,1.7735,0.2562,-0.17,0.5927,0.8132,0.802,-0.26,0.01,-0.057,-0.0324,0.0544,0.0229,0.0045,-0.0573,0.3676,0.0
6801,0.0,1.0248,0.0,False,False,3.842,0.2488,2.997,-4.174,-3.1268,3.4891,0.0018,0.0034,-0.0099,0.1493,-0.2223,0.4916,0.2465,-0.1809,0.5793,0.8095,0.802,-0.26,0.01,-0.0294,0.0676,0.0652,-0.0354,0.0438,0.0172,0.4855,0.0
6901,0.0,1.0214,0.0,False,False,4.1264,0.2493,2.8455,-4.6628,-3.1293,2.8971,0.2913,-0.0934,-0.0053,0.0983,-0.0006,-0.1043,0.3521,-0.1968,0.5028,0.8085,0.802,-0.26,0.01,0.0683,-0.0566,-0.0559,-0.0713,-0.0151,-0.0537,2.8709,0.0
7001,0.0,1.1819,-0.1362,False,False,2.0655,-1.5646,2.1599,-1.829,-1.6385,0.0371,0.3486,-0.0276,1.0206,2.4576,-0.204,0.258,0.0095,-0.2633,0.7993,0.8407,0.802,-0.26,0.01,0.0684,-0.0513,0.0624,-0.0046,-0.0732,0.0485,-0.6055,0.0
7101,0.0,1.0168,0.0,False,False,3.4387,0.2489,3.0146,-4.1037,-3.1252,3.5846,-0.0001,-0.0,-0.0026,-0.0092,0.0117,0.008,0.2047,-0.1491,0.649,0.8098,0.802,-0.26,0.01,0.0662,-0.0267,-0.0513,-0.0541,-0.0026,-0.0688,-1.6448,0.0
7201,0.0,1.0336,0.0,False,False,3.4494,0.2487,2.9696,-4.269,-3.1343,3.3641,-0.0,0.0012,-0.049,-0.1363,-0.0372,-0.2978,0.359,-0.1698,0.6414,0.8082,0.802,-0.26,0.01,-0.0559,-0.0773,0.0022,-0.0495,-0.0658,-0.0567,3.0341,0.0
7301,0.0,1.0432,0.0,False,False,3.6021,0.2495,2.8455,-4.6629,-3.1289,2.8559,-0.0024,0.0007,-0.0001,0.0002,-0.0012,0.0077,0.3021,-0.1909,0.6095,0.8082,0.802,-0.26,0.01,0.0232,-0.0031,0.0059,-0.0615,0.0427,-0.0296,1.1815,0.0
7401,0.0,0.9967,0.0,False,False,4.3562,0.2495,2.8455,-4.6628,-3.1281,3.0014,-0.0015,0.004,-0.0005,0.0065,0.003,0.031,0.1987,-0.1786,0.4668,0.8124,0.802,-0.26,0.01,0.0103,0.077,-0.0617,0.0377,0.0386,-0.0279,-1.2244,0.0
7501,0.0,1.1768,-0.1352,False,False,2.0624,-1.5717,2.1514,-1.7931,-1.6308,-0.0155,0.3355,-0.1022,0.9323,2.6537,-0.2204,-0.2055,-0.0,-0.2613,0.7911,0.8474,0.802,-0.26,0.01,0.0634,-0.065,0.0405,0.0346,-0.0616,-0.0385,-2.2802,0.0
7601,0.0,0.9682,0.0,False,False,4.6771,-0.8329,2.9308,-2.1566,-2.9714,4.9734,0.1593,0.1173,0.0305,0.074,-0.2964,0.2357,-0.0,-0.139,0.5165,0.8126,0.802,-0.26,0.01,0.071,0.0491,-0.0679,-0.0193,0.0286,0.0426,2.3228,0.0
7701,0.0,0.7278,0.0,False,False,5.9094,0.2495,2.8454,-4.6623,-3.1261,3.0562,-0.0011,0.0,-0.0,0.0051,-0.0055,0.0181,0.2019,0.079,0.3702,0.813,0.802,-0.26,0.01,-0.0238,0.0224,-0.0024,-0.0623,-0.0316,-0.0445,-2.1753,0.0
7801,0.0,0.6779,0.0,False,False,6.2124,0.2494,2.8454,-4.6622,-3.1262,3.0578,-0.0074,0.0155,0.0008,-0.0159,0.0009,0.0931,0.2836,0.1336,0.4008,0.8126,0.802,-0.26,0.01,0.0701,-0.0726,-0.0234,0.0763,0.0064,-0.0445,1.8238,0.0
7901,0.0,0.6732,0.0035,False,False,6.214,0.2495,2.8454,-4.6624,-3.1264,3.0636,-0.0167,0.0001,0.0,0.0013,-0.001,-0.0128,0.3509,0.1385,0.4015,0.8125,0.802,-0.26,0.01,0.0637,-0.0314,0.0191,-0.075,0.0745,0.0719,2.6763,0.0
8001,0.0,1.1795,-0.1508,False,False,2.045,-1.5685,2.1622,-1.8024,-1.6162,0.0303,0.1385,-0.0391,1.0552,2.7195,-0.4337,0.2754,0.0,-0.2616,0.7976,0.8385,0.802,-0.26,0.01,0.0282,-0.0557,0.0706,0.0593,-0.0707,0.0447,-2.7662,0.0
8101,0.0,0.9934,0.0001,False,False,3.6284,0.2495,3.0625,-3.8475,-3.1285,3.7075,-0.0002,0.0013,-0.0017,-0.0122,0.0062,-0.0073,0.2177,-0.1243,0.6475,0.821,0.802,-0.26,0.01,0.0594,-0.0149,-0.0158,0.0035,-0.0637,-0.0527,-0.345,0.0
8201,0.0,0.9935,0.0,False,False,3.6658,0.2493,3.0517,-3.9043,-3.1371,3.5959,-0.0016,0.0017,-0.0023,-0.0174,0.0008,-0.0406,0.1627,-0.1247,0.646,0.8285,0.802,-0.26,0.01,0.0221,0.0494,0.0643,0.0458,-0.0501,-0.0526,2.634,0.0
8301,0.0,1.0014,-0.0006,False,False,3.6811,0.2493,3.0516,-3.9046,-3.1373,3.6322,0.0014,0.0018,0.0234,0.1251,0.011,0.1647,0.276,-0.1373,0.6359,0.8205,0.802,-0.26,0.01,-0.0428,0.0292,0.0752,0.069,0.0391,-0.0528,2.6124,0.0
8401,0.0,1.0087,-0.0008,False,False,3.7125,0.2493,3.0509,-3.9097,-3.1353,3.6779,0.0,-0.0001,-0.0042,-0.0265,0.0187,0.0022,0.1795,-0.1463,0.6326,0.8176,0.802,-0.26,0.01,0.0694,-0.0562,0.0244,-0.0797,0.071,0.0676,1.6103,0.0
8501,0.0,1.1853,-0.1207,False,False,2.0673,-1.5377,2.1284,-1.7747,-1.6223,-0.0036,0.3271,0.2249,0.7953,2.5403,0.0728,-0.1307,-0.0,-0.2685,0.7965,0.8392,0.802,-0.26,0.01,0.0682,-0.0069,0.0077,0.0718,-0.0417,-0.0191,-2.9573,0.0
8601,0.0,1.0146,0.0,False,False,3.4041,0.2491,3.0337,-4.0136,-3.1288,3.7594,-0.0016,0.0003,0.001,0.0081,0.0008,0.0249,0.2931,-0.1447,0.6543,0.8107,0.802,-0.26,0.01,0.021,-0.0039,-0.0092,0.0224,-0.0129,0.0642,-0.1339,0.0
8701,0.0,1.0179,0.0,False,False,3.4153,0.2491,3.0312,-4.0265,-3.1275,3.7817,0.0001,-0.0006,-0.0949,-0.4713,-0.0178,-1.8345,0.336,-0.1492,0.6517,0.8109,0.802,-0.26,0.01,-0.0439,-0.0685,-0.0215,-0.0407,-0.056,-0.0393,0.8309,0.0
8801,0.0,1.0204,0.0,False,False,3.4436,0.2489,3.0158,-4.0987,-3.1254,3.6026,0.4367,0.0015,-0.0238,-0.0854,-0.0062,0.1023,0.275,-0.1536,0.6473,0.8089,0.802,-0.26,0.01,0.0673,-0.0612,-0.0237,0.046,-0.0265,0.0581,1.0569,0.0
8901,0.0,1.0164,0.0,False,False,3.4827,0.2491,3.0377,-3.9916,-3.1238,3.9265,-0.0,0.0049,0.0635,0.3971,0.0045,1.3729,0.2994,-0.1506,0.6436,0.8133,0.802,-0.26,0.01,-0.0278,-0.0039,0.046,-0.0169,0.0156,0.0414,1.2632,0.0
9001,0.0,1.183,-0.1196,False,False,2.0585,-1.5623,2.1583,-1.8148,-1.6089,0.0026,0.2862,0.0056,1.021,2.5723,-0.0481,-0.0308,-0.0,-0.2675,0.7931,0.8405,0.802,-0.26,0.01,0.0562,-0.0465,0.0631,0.0321,-0.0241,-0.006,-2.6797,0.0
9101,0.0,1.0191,0.0,False,False,3.8707,0.2491,3.0373,-3.9941,-3.1291,3.7026,-0.0012,0.0001,-0.0013,-0.0068,0.0002,-0.0077,0.3077,-0.1745,0.581,0.809,0.802,-0.26,0.01,-0.0107,0.0746,0.0008,0.0747,-0.076,0.0552,-0.2733,0.0
9201,0.0,1.0186,0.0,False,False,3.908,0.2491,3.0387,-3.9863,-3.131,3.7556,0.0002,-0.0004,0.0003,0.0029,-0.0008,0.007,0.3182,-0.1766,0.5718,0.8097,0.802,-0.26,0.01,0.0119,0.0417,0.0255,0.0449,-0.0196,-0.033,0.6219,0.0
9301,0.0,1.0159,0.0,False,False,3.9347,0.2492,3.0394,-3.9822,-3.131,3.8415,0.0,0.0023,0.0126,0.07,-0.0014,0.1801,0.2424,-0.174,0.571,0.8128,0.802,-0.26,0.01,0.0104,-0.018,-0.0221,0.008,0.0042,-0.0397,-1.9461,0.0
9401,0.0,1.0155,0.0,False,False,3.9723,0.2492,3.0412,-3.9714,-3.1249,3.9594,-0.0498,0.0006,0.0118,-0.0407,0.1515,-0.7679,0.2924,-0.1757,0.5633,0.8137,0.802,-0.26,0.01,-0.0582,-0.0614,0.0371,-0.0096,0.0597,-0.0633,1.205,0.0
9501,0.0,1.1811,-0.1168,False,False,2.0669,-1.5613,2.1176,-1.7535,-1.6321,-0.0247,0.3619,-0.0329,0.5939,2.5166,-0.1048,-0.3246,0.0028,-0.2642,0.7939,0.8545,0.802,-0.26,0.01,0.0683,-0.0526,-0.0419,0.0069,-0.0583,-0.0549,-1.8113,0.0
9601,0.0,0.9896,0.0,False,False,3.6398,0.2494,3.06,-3.8615,-3.1308,3.6542,0.0006,0.0002,0.011,0.0621,0.0061,0.2126,0.2379,-0.1202,0.6471,0.8254,0.802,-0.26,0.01,-0.0017,0.0487,0.0581,0.0065,-0.0196,0.0091,2.61,0.0
9701,0.0,0.9853,0.0021,False,False,3.6597,0.2494,3.0566,-3.8797,-3.1334,3.6149,-0.0002,-0.0,-0.0026,-0.0099,0.0029,-0.0186,0.0792,-0.1148,0.6485,0.8319,0.802,-0.26,0.01,0.0704,0.0357,0.0216,0.0724,0.0186,0.0667,-2.9145,0.0
9801,0.0,0.9866,0.0,False,False,3.6785,0.2493,3.0512,-3.9072,-3.1368,3.5783,-0.0012,-0.0,0.0001,0.0009,0.0011,0.0004,0.0032,-0.1167,0.6469,0.8343,0.802,-0.26,0.01,0.0363,-0.0584,-0.0107,-0.0204,0.0327,-0.0371,-2.1059,0.0
9901,0.0,0.998,-0.0008,False,False,3.683,0.2493,3.0532,-3.8966,-3.1359,3.6521,0.0004,0.0006,-0.0037,-0.0043,-0.0151,-0.005,0.2255,-0.1335,0.6361,0.8216,0.802,-0.26,0.01,-0.0224,-0.0725,0.0783,-0.009,-0.0762,-0.0496,1.264,0.0
10001,0.0,1.192,-0.1366,False,False,2.0265,-1.54,2.1363,-1.7779,-1.5857,-0.0404,-0.1162,0.2484,0.8556,2.4992,-0.4251,-0.3037,0.0017,-0.2711,0.807,0.835,0.802,-0.26,0.01,-0.0159,-0.0066,0.0203,0.0606,-0.0566,-0.0628,-1.5987,0.0
10101,0.0,1.016,0.0,False,False,3.574,0.2493,3.0523,-3.9019,-3.1349,4.3077,0.0014,-0.0001,-0.0118,-0.0568,-0.0108,-0.1263,0.3209,-0.1545,0.631,0.8222,0.802,-0.26,0.01,-0.0341,-0.0208,0.0769,0.0519,0.0714,-0.0743,0.9529,0.0
10201,0.0,1.0147,0.0,False,False,3.5994,0.2493,3.0486,-3.9258,-3.1342,4.2088,0.0006,0.0,-0.0018,-0.011,0.0039,-0.012,0.241,-0.1542,0.6282,0.8196,0.802,-0.26,0.01,-0.0775,-0.0018,-0.0077,-0.0528,-0.036,-0.0307,-0.5718,0.0
10301,0.0,1.0045,0.001,False,False,3.639,0.2493,3.0493,-3.9208,-3.134,4.3208,0.0044,0.0001,-0.0031,-0.0199,0.0029,-0.0621,0.0674,-0.1398,0.6383,0.8167,0.802,-0.26,0.01,-0.0517,0.0633,0.0362,0.0613,0.0054,0.0066,-2.2774,0.0
10401,0.0,1.02,0.0,False,False,3.6913,0.2492,3.0398,-3.9794,-3.1275,4.2054,-0.0029,0.0001,-0.0414,-0.1466,-0.0307,-0.1927,0.2925,-0.1656,0.6111,0.8206,0.802,-0.26,0.01,-0.0752,0.0386,-0.0477,0.0725,0.0149,-0.0565,0.6273,0.0
10501,0.0,1.1796,-0.145,False,False,2.0476,-1.5598,2.1624,-1.8177,-1.6206,-0.0345,0.1449,0.046,1.0716,2.5931,-0.3916,-0.3271,-0.0,-0.2622,0.7966,0.8382,0.802,-0.26,0.01,0.0317,-0.0402,0.0746,0.042,-0.077,-0.0647,-1.6708,0.0
10601,0.0,1.0071,-0.0005,False,False,3.925,0.2495,3.0618,-3.8516,-3.1312,3.8697,0.0001,0.001,0.0011,0.0137,-0.0101,0.0124,0.1382,-0.1604,0.5856,0.8124,0.802,-0.26,0.01,0.0404,-0.0574,0.0218,0.007,-0.0434,-0.073,-2.9493,0.0
10701,0.0,1.0096,0.0,False,False,3.942,0.2494,3.059,-3.8669,-3.1337,3.8433,-0.0023,0.0004,0.0014,0.0065,0.002,0.0105,0.178,-0.1644,0.5816,0.812,0.802,-0.26,0.01,0.0222,0.035,-0.022,0.0628,0.0789,0.0587,-1.5509,0.0
10801,0.0,1.0158,0.0,False,False,3.9935,0.2493,3.049,-3.9233,-3.1359,3.7482,-0.0001,-0.0,-0.0035,-0.0249,0.0032,0.0005,0.2664,-0.1734,0.5727,0.8116,0.802,-0.26,0.01,0.0486,-0.0692,-0.0134,-0.0129,0.0614,-0.07,2.6144,0.0
10901,0.0,1.0111,0.0,False,False,3.9955,0.2493,3.0489,-3.9241,-3.1362,3.7545,0.0008,-0.0,-0.0013,-0.0062,0.0001,-0.0241,0.1425,-0.168,0.5743,0.8135,0.802,-0.26,0.01,-0.0156,0.0042,0.0611,-0.0643,-0.0218,-0.0162,-2.1253,0.0
11001,0.0,1.1927,-0.2803,False,False,2.0719,-1.5238,2.1531,-1.8773,-1.6516,-0.0188,0.2853,-0.1027,1.0816,-3.148,-0.2428,2.1665,-0.0633,-0.2697,0.8119,0.8308,0.802,-0.26,0.01,0.0742,0.0275,0.0763,0.0565,-0.0754,-0.0404,-0.8783,0.0
11101,0.0,1.0033,0.0,False,False,4.1199,0.2497,3.0767,-3.7537,-3.114,3.9744,-0.0514,0.0001,0.0061,0.0467,0.005,0.0861,0.2924,-0.1631,0.5637,0.8096,0.802,-0.26,0.01,-0.0311,-0.0735,0.037,-0.077,-0.0687,-0.0169,1.7143,0.0
11201,0.0,1.0042,0.0,False,False,4.1473,0.2496,3.0729,-3.7818,-3.117,3.9232,0.0037,0.0001,-0.0006,-0.0009,-0.0041,-0.0107,0.3074,-0.1657,0.5577,0.8095,0.802,-0.26,0.01,-0.0578,0.0038,-0.0284,0.0791,-0.0443,0.0211,1.545,0.0
11301,0.0,1.0046,0.0,False,False,4.181,0.2495,3.0666,-3.8226,-3.1219,3.8405,0.002,-0.0,-0.0049,0.0079,-0.037,-0.065,0.2103,-0.1661,0.5576,0.8126,0.802,-0.26,0.01,-0.0312,-0.0182,0.0515,-0.0426,0.0535,-0.0377,-0.0008,0.0
11401,0.0,1.0065,0.0,False,False,4.1853,0.2494,3.0606,-3.8576,-3.1276,3.7634,-0.0003,-0.0001,-0.0062,-0.0304,-0.0003,0.0898,0.1929,-0.168,0.5574,0.8143,0.802,-0.26,0.01,0.0699,-0.0031,-0.0079,0.0079,-0.0422,0.0267,0.5893,0.0
11501,0.0,1.1986,-0.1281,False,False,2.0672,-1.5174,2.1436,-1.8661,-1.6343,-0.0408,0.2646,0.4366,0.9485,1.8798,0.0352,-0.4644,-0.0,-0.2752,0.8142,0.8285,0.802,-0.26,0.01,0.063,0.0319,0.0454,-0.0615,-0.0738,-0.0794,-2.6107,0.0
11601,0.0,0.9714,0.0,False,False,3.0857,0.2495,2.8457,-4.6671,-3.1214,-0.0627,0.005,0.0011,-0.0037,0.0625,-0.0577,0.0525,0.3684,-0.0817,0.6926,0.8159,0.802,-0.26,0.01,-0.0261,0.0695,-0.0267,-0.0011,-0.0342,0.02,1.2963,0.0
11701,0.0,1.002,0.0,False,False,3.3485,0.2495,2.8455,-4.6625,-3.127,-0.0465,-0.0054,0.0002,0.0005,-0.0005,0.0015,-0.0108,0.2219,-0.1266,0.6655,0.816,0.802,-0.26,0.01,0.0644,0.0578,-0.0745,0.0376,-0.042,-0.0179,-1.8716,0.0
11801,0.0,1.0203,0.0,False,False,3.6488,0.2495,2.8455,-4.6625,-3.127,-0.0443,0.0028,0.0001,-0.0,0.0001,-0.0001,0.0099,0.1062,-0.1633,0.6195,0.8155,0.802,-0.26,0.01,-0.0265,-0.0089,-0.0013,0.0526,0.0058,-0.0796,-2.5997,0.0
11901,0.0,1.0102,-0.0038,False,False,3.9601,0.2495,2.8455,-4.6626,-3.1274,-0.0705,0.2496,0.0,-0.0002,0.0013,0.001,-0.0011,0.2433,-0.1672,0.5735,0.8168,0.802,-0.26,0.01,0.0722,0.0093,-0.0261,-0.0529,-0.0338,0.0111,-0.776,0.0
12001,0.0,1.1761,-0.1502,False,False,2.064,-1.5801,2.1602,-1.8032,-1.6413,-0.0059,0.3658,-0.1828,0.9988,2.7094,-0.3179,-0.1188,-0.0,-0.2595,0.7933,0.8462,0.802,-0.26,0.01,0.0679,-0.079,0.0575,0.0278,-0.0783,-0.0244,-0.9508,0.0
12101,0.0,0.9925,0.0,False,False,3.5764,0.2492,3.0465,-3.9391,-3.1307,0.6322,0.0029,0.0009,-0.0001,0.0096,-0.0066,0.0251,0.1694,-0.1231,0.6482,0.8198,0.802,-0.26,0.01,-0.0591,-0.031,-0.0099,-0.0625,-0.0389,0.0712,-1.3076,0.0
12201,0.0,0.9937,0.001,False,False,3.577,0.2492,3.0427,-3.9627,-3.1289,0.5819,-0.0058,0.0004,0.0031,0.0187,-0.0019,0.0535,0.2512,-0.1233,0.651,0.8208,0.802,-0.26,0.01,0.069,0.0687,-0.0445,0.0158,-0.0278,0.0016,2.569,0.0
12301,0.0,0.9824,-0.0007,False,False,3.5852,0.2493,3.0488,-3.9237,-3.1308,0.7051,0.0005,-0.0001,-0.002,-0.014,0.0028,-0.0147,0.2975,-0.1108,0.6516,0.8221,0.802,-0.26,0.01,0.0202,-0.0503,0.0693,0.0268,0.0189,-0.032,1.1376,0.0
12401,0.0,0.9967,0.0,False,False,3.6152,0.2492,3.0408,-3.9739,-3.1277,0.5993,0.001,-0.0005,-0.0345,-0.2157,-0.0058,-1.3415,0.1419,-0.13,0.6421,0.819,0.802,-0.26,0.01,-0.0792,0.0137,-0.0224,-0.0563,-0.002,0.0142,-2.3081,0.0
12501,0.0,1.1783,-0.1447,False,False,2.0693,-1.5558,2.1558,-1.8044,-1.6294,-0.0379,0.3852,0.0623,1.0361,2.6914,-0.008,-0.4347,0.0455,-0.264,0.7897,0.8391,0.802,-0.26,0.01,0.077,-0.0355,0.0671,0.0787,-0.0461,-0.0783,0.4259,0.0
12601,0.0,0.9948,0.0019,False,False,3.3375,0.2495,2.8455,-4.6625,-3.127,-0.0451,-0.0142,0.0007,0.0001,0.0011,0.0014,0.019,0.3477,-0.1173,0.6691,0.8163,0.802,-0.26,0.01,0.0188,-0.061,0.023,0.0181,0.0522,0.0491,2.966,0.0
12701,0.0,1.0113,0.0,False,False,3.6321,0.2495,2.8455,-4.6626,-3.1273,0.0162,0.0049,0.0001,-0.0009,-0.0015,-0.0006,0.0257,0.2242,-0.1517,0.6255,0.8148,0.802,-0.26,0.01,0.0056,-0.0431,-0.0413,-0.0737,-0.0007,-0.0527,-1.4821,0.0
12801,0.0,1.0136,-0.0001,False,False,3.8557,0.2495,2.8455,-4.6625,-3.1271,-0.0518,0.0006,-0.0,-0.0002,-0.0009,0.0004,-0.0042,0.1971,-0.1662,0.5889,0.8161,0.802,-0.26,0.01,-0.0016,0.0241,-0.0463,-0.0765,-0.0318,0.0177,-1.3992,0.0
12901,0.0,1.0073,0.0,False,False,4.0584,0.2495,2.8455,-4.6626,-3.127,-0.0495,-0.1284,0.0001,-0.0031,0.0502,-0.0744,-0.2831,0.2539,-0.1688,0.5572,0.8162,0.802,-0.26,0.01,-0.0451,-0.0411,-0.0196,0.0365,-0.073,0.0686,-1.3684,0.0
13001,0.0,1.1683,-0.1345,False,False,2.0598,-1.5735,2.1596,-1.8121,-1.6326,-0.0181,0.3079,-0.1124,1.0009,2.6142,-0.2956,-0.2241,0.1659,-0.2553,0.7834,0.8483,0.802,-0.26,0.01,0.0585,-0.0669,0.0579,0.016,-0.0707,-0.0414,3.0696,0.0
13101,0.0,0.9709,0.0,False,False,4.7857,0.2501,3.0954,-3.5037,-3.0875,1.4885,-0.0027,0.0011,-0.0004,0.0084,-0.015,-0.0237,0.3733,-0.1355,0.5416,0.8137,0.802,-0.26,0.01,-0.0345,-0.0212,0.0406,0.0521,0.0037,0.0268,1.9144,0.0
13201,0.0,0.9611,0.0,False,False,4.9396,0.25,3.0946,-3.5499,-3.0781,1.4527,-0.3856,-0.0002,-0.011,0.1604,-0.1926,-0.1307,0.3181,-0.1318,0.516,0.8129,0.802,-0.26,0.01,-0.0563,-0.0659,0.0215,0.053,0.078,-0.0557,1.3984,0.0
13301,0.0,0.951,-0.0004,False,False,5.0808,0.25,3.0936,-3.556,-3.0844,1.4522,0.0117,-0.0,-0.0005,-0.0084,0.0027,-0.0427,0.3826,-0.1255,0.4989,0.8124,0.802,-0.26,0.01,-0.0099,-0.0724,0.0554,0.0695,-0.0355,-0.0001,1.9184,0.0
13401,0.0,0.9511,0.0,False,False,5.0929,0.25,3.0946,-3.5314,-3.0842,1.4789,-0.0038,-0.0002,-0.0002,-0.0031,0.0066,0.0619,0.3417,-0.1262,0.4963,0.8129,0.802,-0.26,0.01,-0.0601,0.0209,-0.0711,0.0611,-0.0052,-0.0059,3.1147,0.0
13501,0.0,1.1827,-0.162,False,False,2.0629,-1.5799,2.163,-1.8179,-1.6386,-0.034,0.3518,-0.1788,1.014,2.5974,-0.311,-0.3666,0.0,-0.264,0.7996,0.8429,0.802,-0.26,0.01,0.0654,-0.0783,0.0612,-0.0017,-0.0748,-0.072,-3.0856,0.0
13601,0.0,0.992,0.0,False,False,3.7037,0.2493,3.0508,-3.9102,-3.1334,0.5695,0.0018,0.0004,0.0054,0.0448,-0.0095,0.0715,0.2484,-0.1273,0.6355,0.8239,0.802,-0.26,0.01,-0.0116,0.0261,0.0467,0.0217,-0.0258,0.0733,-2.1565,0.0
13701,0.0,0.9908,0.0,False,False,3.7103,0.2493,3.048,-3.9287,-3.1312,0.5396,0.0038,0.0003,0.0184,0.1243,-0.0198,0.1451,0.2803,-0.1263,0.6348,0.8249,0.802,-0.26,0.01,-0.0665,0.0468,-0.0755,-0.0208,0.0041,-0.0058,-0.6716,0.0
13801,0.0,0.9898,0.0033,False,False,3.7084,0.2492,3.0473,-3.9334,-3.1306,0.5344,-0.0033,0.0001,0.0025,0.0208,-0.0055,0.0262,0.3174,-0.1244,0.6366,0.8259,0.802,-0.26,0.01,0.0531,0.0632,-0.0767,-0.018,-0.0344,0.0526,1.8037,0.0
13901,0.0,0.9952,0.0,False,False,3.7219,0.2492,3.0447,-3.9498,-3.1289,0.5102,-0.008,0.0011,0.0009,0.0128,-0.0052,0.013,0.2828,-0.1315,0.6333,0.8238,0.802,-0.26,0.01,0.0692,0.038,-0.0423,0.0748,0.0448,0.061,0.464,0.0
14001,0.0,1.1903,-0.1576,False,False,2.0564,-1.5795,2.1695,-1.8247,-1.6247,-0.0284,0.2874,-0.1612,1.0855,2.621,-0.3062,-0.2782,0.0,-0.2695,0.806,0.838,0.802,-0.26,0.01,0.0536,-0.0759,0.0787,0.0098,-0.0585,-0.0597,-2.0231,0.0
14101,0.0,0.8706,0.0,False,False,5.5786,-0.0479,3.0668,-3.2906,-3.093,4.7418,0.1273,0.4145,0.0268,-0.6116,-0.0127,-0.1242,0.1362,-0.0599,0.411,0.8138,0.802,-0.26,0.01,0.0448,0.0529,0.0115,0.0431,-0.0773,-0.0318,2.4449,0.0
14201,0.0,0.7277,0.0,False,False,6.0846,0.2491,3.0385,-3.9873,-3.1292,4.0862,0.0,0.0007,0.0421,0.238,-0.0169,0.7666,0.3003,0.0821,0.3923,0.8183,0.802,-0.26,0.01,0.0558,-0.0438,0.0779,0.0241,-0.0784,-0.0268,0.8961,0.0
14301,0.0,0.736,0.0,False,False,6.2078,0.2493,3.0517,-3.9039,-3.1351,4.423,0.0001,-0.0001,-0.0074,-0.0344,0.0073,0.0598,0.1572,0.0748,0.4001,0.8188,0.802,-0.26,0.01,0.0699,-0.074,0.0675,0.0666,-0.0226,-0.0035,0.0127,0.0
14401,0.0,0.7297,-0.0011,False,False,6.2098,0.2493,3.0517,-3.904,-3.135,4.4272,-0.0005,-0.0002,-0.0173,-0.0846,-0.0294,-0.1956,0.191,0.0815,0.4016,0.8209,0.802,-0.26,0.01,0.0727,-0.0618,0.0423,0.0483,-0.047,0.0415,-2.0513,0.0
14501,0.0,1.1784,-0.135,False,False,2.0599,-1.5606,2.1627,-1.8147,-1.6312,-0.0068,0.2834,0.0262,1.0898,2.6376,-0.2419,-0.1196,0.0,-0.2619,0.7945,0.8383,0.802,-0.26,0.01,0.0576,-0.0425,0.0785,0.0613,-0.0711,-0.0231,-1.7883,0.0
14601,0.0,0.9817,0.0,False,False,3.3836,0.2492,3.0412,-3.9717,-3.1277,0.9063,-0.0,0.0015,0.1321,0.7447,-0.0271,2.2544,0.1244,-0.1033,0.6689,0.8158,0.802,-0.26,0.01,-0.0565,-0.0393,0.069,0.0651,-0.0299,0.03,-2.3214,0.0
14701,0.0,1.0117,0.0,False,False,3.4383,0.2495,2.8455,-4.6624,-3.1272,-0.4453,-0.031,0.0001,-0.0007,-0.0024,-0.0009,-0.0775,0.3516,-0.1389,0.6602,0.8242,0.802,-0.26,0.01,0.0481,0.0174,0.0611,-0.0644,-0.002,-0.0357,1.9608,0.0
14801,0.0,1.0236,0.0,False,False,3.6442,0.2495,2.8455,-4.6625,-3.1271,-0.4437,0.0008,0.0009,-0.0005,-0.0044,0.0019,0.0006,0.3364,-0.1634,0.6289,0.8219,0.802,-0.26,0.01,-0.0314,0.0435,-0.0587,-0.0162,-0.0631,0.0236,0.703,0.0
14901,0.0,1.0184,0.0,False,False,3.9418,0.2495,2.8455,-4.6626,-3.1272,-0.4477,0.0029,0.0002,-0.0004,-0.0035,0.0023,0.0009,0.3643,-0.1736,0.58,0.8248,0.802,-0.26,0.01,-0.0228,-0.0294,0.0317,-0.0574,-0.0248,0.0343,0.5903,0.0
15001,0.0,1.1831,-0.1388,False,False,2.0657,-1.5761,2.1682,-1.826,-1.6331,0.0106,0.3824,-0.1369,1.0842,2.6285,-0.182,0.0343,-0.0,-0.2652,0.7984,0.8407,0.802,-0.26,0.01,0.0722,-0.0706,0.0791,0.0167,-0.0566,0.0035,-1.6203,0.0
15101,0.0,0.9611,-0.0002,False,False,3.5195,0.2496,3.0705,-3.798,-3.1161,1.1992,0.0059,0.0004,-0.0019,-0.0143,0.0014,-0.0394,0.384,-0.0828,0.6646,0.8121,0.802,-0.26,0.01,-0.067,0.0195,0.0325,-0.0167,-0.0792,0.0401,2.5867,0.0
15201,0.0,0.9885,0.0,False,False,3.5551,0.2492,3.0421,-3.9654,-3.1265,0.6715,0.0001,0.0006,-0.0006,-0.0045,0.0006,-0.0185,0.1944,-0.1178,0.651,0.8193,0.802,-0.26,0.01,-0.0752,0.0238,-0.0022,0.0597,-0.0258,0.0742,-0.4375,0.0
15301,0.0,0.9853,0.0103,False,False,3.5673,0.2492,3.0397,-3.9798,-3.1259,0.645,-0.0019,0.004,-0.0023,-0.0153,0.0013,-0.0122,0.2777,-0.114,0.6516,0.821,0.802,-0.26,0.01,0.0543,-0.0172,-0.0053,-0.0456,-0.0593,0.0494,2.6225,0.0
15401,0.0,1.0012,0.0052,False,False,3.5911,0.249,3.0271,-4.0463,-3.1249,0.4746,0.0009,-0.0001,-0.0044,-0.0181,-0.0019,-0.0652,0.2011,-0.1338,0.6448,0.819,0.802,-0.26,0.01,0.0143,0.0556,0.0502,0.0459,-0.0686,-0.0444,1.1532,0.0
15501,0.0,1.1754,-0.1423,False,False,2.0466,-1.5675,2.1654,-1.8122,-1.6206,-0.026,0.1515,-0.0295,1.0881,2.6854,-0.4396,-0.2386,0.0752,-0.2594,0.7926,0.8389,0.802,-0.26,0.01,0.0313,-0.0537,0.0787,0.0521,-0.0767,-0.05,1.3967,0.0
15601,0.0,0.9928,-0.0015,False,False,3.7168,0.2492,3.0452,-3.9469,-3.1288,0.6711,-0.0003,0.0,-0.0015,0.0004,-0.0061,-0.0271,0.2281,-0.1293,0.6326,0.8207,0.802,-0.26,0.01,0.0718,0.0029,0.0395,0.0194,-0.0236,0.017,-1.1003,0.0
15701,0.0,1.0041,0.0027,False,False,3.7326,0.2491,3.0321,-4.0214,-3.1255,0.4779,-0.0025,0.0001,0.0009,0.0048,0.0002,0.0036,0.2668,-0.1427,0.6287,0.8204,0.802,-0.26,0.01,0.035,0.0063,-0.0101,-0.0319,-0.0582,0.0438,1.9498,0.0
15801,0.0,0.9953,0.0,False,False,3.7444,0.2492,3.0414,-3.9698,-3.1263,0.6627,0.0027,0.0004,-0.0007,0.0008,-0.0053,0.0348,0.2277,-0.1335,0.6284,0.8199,0.802,-0.26,0.01,-0.0667,0.0649,-0.0659,0.0742,-0.0182,-0.0453,-0.5059,0.0
15901,0.0,0.9934,0.0,False,False,3.7602,0.2492,3.0398,-3.9793,-3.1263,0.6345,-0.0005,0.0035,0.0174,0.0996,0.0104,0.3599,0.2684,-0.1318,0.6274,0.8212,0.802,-0.26,0.01,-0.0664,0.0711,0.0508,-0.0746,-0.0162,0.0519,0.9409,0.0
16001,0.0,1.1771,-0.1546,False,False,2.0417,-1.5759,2.1682,-1.8173,-1.6171,0.033,0.1148,-0.1101,1.0822,2.6418,-0.5337,0.3158,0.0368,-0.2595,0.7963,0.8408,0.802,-0.26,0.01,0.0223,-0.0683,0.0771,0.0224,-0.0778,0.0505,0.5893,0.0
16101,0.0,0.9783,0.0,False,False,3.9158,0.2499,3.0865,-3.6633,-3.0978,1.2857,-0.0041,-0.0004,0.0008,0.0086,0.0045,0.0453,0.2392,-0.115,0.6298,0.8142,0.802,-0.26,0.01,0.069,0.0741,-0.0481,-0.0348,-0.0229,-0.0688,-1.8899,0.0
16201,0.0,0.9896,-0.0009,False,False,3.9303,0.2495,3.0667,-3.8219,-3.122,0.6912,0.0003,0.0001,0.0001,-0.0002,0.0003,-0.0121,0.2779,-0.1325,0.6138,0.8242,0.802,-0.26,0.01,0.0046,-0.0168,0.0767,-0.052,0.0672,0.006,0.1241,0.0
16301,0.0,0.9883,0.0,False,False,3.9439,0.2494,3.0571,-3.8766,-3.1314,0.5295,0.0016,0.0001,0.0052,0.0342,-0.0086,-0.013,0.4143,-0.1315,0.6117,0.8316,0.802,-0.26,0.01,-0.0192,0.0731,-0.0748,0.0388,-0.007,-0.0149,-1.9592,0.0
16401,0.0,0.9894,0.0,False,False,3.9536,0.2494,3.0548,-3.8885,-3.1337,0.5141,0.0013,-0.0004,0.0021,0.0081,0.006,0.0022,0.411,-0.1336,0.6092,0.8316,0.802,-0.26,0.01,-0.0235,-0.0457,-0.0541,-0.0379,0.0508,-0.0465,-0.5394,0.0
16501,0.0,1.1863,-0.1483,False,False,2.0684,-1.5795,2.172,-1.8568,-1.643,-0.0177,0.4098,-0.1775,1.083,2.3662,-0.2293,-0.2329,0.0,-0.2663,0.8032,0.842,0.802,-0.26,0.01,0.0768,-0.0771,0.0784,-0.0644,-0.071,-0.0456,-2.9841,0.0
16601,0.0,0.9784,0.0,False,False,4.4632,0.25,3.093,-3.5685,-3.0856,1.4303,-0.0006,-0.0,-0.0009,0.0082,-0.0212,-0.0044,0.3926,-0.1321,0.5801,0.8126,0.802,-0.26,0.01,0.005,0.0026,0.0614,-0.058,0.054,0.0222,2.1096,0.0
16701,0.0,0.9769,0.0,False,False,4.5239,0.2495,3.0676,-3.8167,-3.1217,0.7488,-0.001,0.0005,-0.0053,-0.0304,-0.0046,-0.1227,0.375,-0.1426,0.5365,0.8255,0.802,-0.26,0.01,-0.0028,-0.0233,-0.0532,0.0478,-0.0786,0.0711,2.6592,0.0
16801,0.0,0.9771,0.0,False,False,4.5226,0.2494,3.0556,-3.8848,-3.1329,0.5195,-0.0,-0.0001,-0.0047,0.0028,-0.0297,-0.0462,0.4095,-0.1447,0.5283,0.8314,0.802,-0.26,0.01,-0.0736,0.042,-0.0449,0.0233,0.074,-0.0285,2.7432,0.0
16901,0.0,0.9755,0.0,False,False,4.5384,0.2493,3.0512,-3.9078,-3.1361,0.4901,-0.0029,-0.0001,-0.0016,-0.0112,0.0021,-0.0424,0.4103,-0.1442,0.5235,0.8319,0.802,-0.26,0.01,0.0367,0.0101,0.0203,0.0629,0.0165,-0.0539,-2.7769,0.0
17001,0.0,1.1768,-0.136,False,False,2.0455,-1.5575,2.16,-1.8176,-1.6183,-0.0235,0.1167,0.0691,1.0513,2.5465,-0.4065,-0.2242,0.051,-0.2603,0.7938,0.8392,0.802,-0.26,0.01,0.0267,-0.0362,0.0692,0.0347,-0.078,-0.045,0.553,0.0
17101,0.0,0.9781,0.0,False,False,5.051,0.2511,3.1386,-3.6367,-2.4164,4.319,0.0091,0.0014,0.0077,-0.0547,0.0277,-0.0151,0.1563,-0.1014,0.6648,0.797,0.802,-0.26,0.01,-0.0222,-0.0191,-0.0372,0.0789,-0.0256,0.0606,0.928,0.0
17201,0.0,0.9779,0.0,False,False,5.0081,0.2509,3.1315,-3.5991,-2.4633,4.3367,-0.0037,0.0035,0.0062,-0.0411,0.0254,-0.0266,0.0542,-0.1042,0.6572,0.8003,0.802,-0.26,0.01,-0.0133,-0.0087,0.0751,0.0255,-0.0624,0.0637,-2.3225,0.0
17301,0.0,0.9852,0.0,False,False,4.9595,0.2506,3.1185,-3.5281,-2.5575,4.3721,0.4352,0.0006,0.0149,-0.1114,0.0366,-0.0767,0.1924,-0.1228,0.6293,0.8028,0.802,-0.26,0.01,0.0724,-0.0638,0.0582,0.0665,0.0463,0.0099,1.115,0.0
17401,0.0,0.952,0.0002,False,False,5.4325,0.2505,3.1146,-3.5837,-2.7425,4.3029,-0.0,0.0001,0.001,-0.0047,0.0135,0.0042,0.2364,-0.1255,0.5046,0.8021,0.802,-0.26,0.01,-0.0607,0.0665,-0.0055,-0.0181,-0.0385,-0.0221,2.2258,0.0
17501,0.0,1.1803,-0.1364,False,False,2.064,-1.5707,2.1679,-1.8372,-1.6401,0.0024,0.3436,-0.0818,1.0866,2.5014,-0.2709,-0.0485,0.0,-0.2622,0.7979,0.8412,0.802,-0.26,0.01,0.0666,-0.0609,0.0788,-0.0053,-0.078,-0.0101,-2.9652,0.0
17601,0.0,1.002,0.0,False,False,5.8257,-0.9151,2.8986,-2.0132,-1.4273,4.5731,0.1937,-0.2621,0.1615,-0.5202,0.1486,0.3655,0.1718,-0.0814,0.7624,0.8099,0.802,-0.26,0.01,0.079,-0.0542,0.0766,0.0632,0.0014,-0.0694,-2.4738,0.0
17701,0.0,0.9772,0.0,False,False,6.2131,-1.0216,2.7612,-1.7493,-1.6432,4.41,-0.0055,0.0005,0.001,-0.0019,0.0036,0.0167,0.2966,-0.1068,0.6489,0.8091,0.802,-0.26,0.01,0.079,0.052,0.0781,-0.0489,-0.0714,0.0612,-1.5554,0.0
17801,0.0,0.9711,0.0,False,False,6.1889,-1.0139,2.7862,-1.7884,-1.6972,4.4388,-0.1453,-0.0155,0.0536,-0.1191,-0.0614,-0.5476,0.4612,-0.1092,0.6256,0.8054,0.802,-0.26,0.01,0.0769,0.0268,0.0771,0.0101,-0.0366,0.0746,2.9505,0.0
17901,0.0,0.9673,0.0,False,False,6.2003,-1.001,2.801,-1.808,-1.7953,4.4512,-0.0964,0.0108,0.0132,-0.0242,-0.1124,-0.3872,0.3677,-0.1127,0.604,0.8088,0.802,-0.26,0.01,0.073,0.0568,0.0684,-0.0466,0.0225,-0.0256,0.7686,0.0
18001,0.0,1.1844,-0.1567,False,False,2.0584,-1.5749,2.1638,-1.8092,-1.6352,0.0416,0.2941,-0.1193,1.0554,2.6789,-0.3615,0.3478,0.0,-0.2637,0.8045,0.8382,0.802,-0.26,0.01,0.0561,-0.0683,0.0701,0.0397,-0.0796,0.0582,-2.4405,0.0
18101,0.0,0.9737,0.0,False,False,4.6419,0.2501,3.0957,-3.4908,-3.0763,4.9612,0.0379,-0.0001,-0.0029,-0.091,0.1568,-0.0545,0.2759,-0.1443,0.517,0.8234,0.802,-0.26,0.01,0.0387,-0.0468,0.0676,0.0793,0.0341,-0.0683,-0.2904,0.0
18201,0.0,0.9655,0.0,False,False,4.7751,0.2501,3.0958,-3.4816,-3.0729,4.9552,-0.0028,0.0005,-0.0011,0.0035,-0.0071,-0.0407,0.2329,-0.1393,0.5025,0.822,0.802,-0.26,0.01,0.0663,0.0505,0.0776,0.0193,-0.0076,0.0591,0.3497,0.0
18301,0.0,0.9413,0.0,False,False,4.9954,0.25,3.0951,-3.5144,-3.0828,4.8941,0.2292,-0.0001,-0.0036,-0.107,0.0568,-0.3301,0.3167,-0.1228,0.462,0.8236,0.802,-0.26,0.01,0.0729,-0.0036,-0.0496,-0.0152,-0.042,0.0397,2.3557,0.0
18401,0.0,0.8955,-0.0048,False,False,5.3851,0.25,3.0922,-3.5829,-3.0836,4.8293,-0.0056,0.0009,-0.0015,0.0052,-0.01,-0.0284,0.1786,-0.0828,0.4248,0.8189,0.802,-0.26,0.01,0.0599,0.0543,0.0417,-0.0744,0.075,-0.0363,-3.1061,0.0
18501,0.0,1.1787,-0.1703,False,False,2.0649,-1.5797,2.1663,-1.808,-1.6403,0.0491,0.3766,-0.172,1.0706,2.7758,-0.289,0.3829,-0.0,-0.2608,0.7973,0.8409,0.802,-0.26,0.01,0.0706,-0.0771,0.0756,0.0491,-0.0742,0.0672,-2.9082,0.0
18601,0.0,0.9753,0.0,False,False,4.6869,0.2501,3.0961,-3.4957,-3.0756,1.529,0.2271,0.0006,0.0038,-0.0818,0.1522,-0.167,0.3492,-0.1357,0.5572,0.8126,0.802,-0.26,0.01,0.0418,-0.0605,0.0187,-0.0423,0.0786,0.0547,2.5043,0.0
18701,0.0,0.9686,0.0,False,False,4.8197,0.25,3.0944,-3.5367,-3.0831,1.4742,0.0008,0.0003,0.0004,0.0166,0.0024,0.1179,0.3924,-0.1346,0.5359,0.8124,0.802,-0.26,0.01,-0.0308,-0.0362,-0.0059,-0.0183,0.0266,0.0155,2.9691,0.0
18801,0.0,0.9631,0.0013,False,False,4.8809,0.25,3.0941,-3.5453,-3.0834,1.463,0.0027,0.0003,-0.0002,-0.0017,-0.002,0.0015,0.2714,-0.1331,0.5192,0.8131,0.802,-0.26,0.01,-0.0354,0.0406,0.0271,0.0484,0.0764,-0.0103,-1.4326,0.0
18901,0.0,0.9639,0.0,False,False,4.9107,0.25,3.0948,-3.5249,-3.0829,1.4833,-0.0134,0.0019,-0.0013,-0.0048,0.0094,0.0424,0.3651,-0.133,0.5233,0.8128,0.802,-0.26,0.01,0.0654,0.0131,-0.0616,-0.0471,-0.0188,-0.0228,0.9804,0.0
19001,0.0,1.1857,-0.1509,False,False,2.0664,-1.5803,2.1687,-1.8523,-1.6435,-0.0253,0.3868,-0.187,1.0431,2.3358,-0.2795,-0.3014,-0.0,-0.2655,0.8033,0.8436,0.802,-0.26,0.01,0.0721,-0.079,0.068,-0.0731,-0.077,-0.0583,-2.9496,0.0
19101,0.0,0.7545,0.0,False,False,5.9366,0.2492,3.0448,-3.9511,-3.1272,3.9718,0.0033,0.0021,-0.0083,-0.1683,0.2158,-0.2195,0.3117,0.0534,0.3816,0.8138,0.802,-0.26,0.01,-0.0239,-0.0326,0.0747,-0.0508,-0.0695,-0.0696,2.6861,0.0
19201,0.0,0.6866,0.0023,False,False,6.2333,0.2495,2.8455,-4.6626,-3.1274,2.8035,0.0007,0.0033,-0.0059,-0.002,-0.003,0.0035,0.2416,0.1243,0.3983,0.8108,0.802,-0.26,0.01,0.0668,-0.0127,0.044,-0.0446,0.0095,-0.0349,0.8292,0.0
19301,0.0,0.6872,0.0,False,False,6.2068,0.2495,2.8455,-4.6627,-3.1277,2.8126,-0.1432,0.0001,-0.0032,0.0156,-0.0194,-0.0064,0.2701,0.1233,0.3958,0.81,0.802,-0.26,0.01,-0.0361,-0.0589,0.0527,-0.0576,0.0208,0.0404,0.3484,0.0
19401,0.0,0.6831,-0.0024,False,False,6.2114,0.2495,2.8455,-4.6627,-3.1279,2.8188,-0.0143,0.0016,-0.0001,0.0028,0.0131,0.0043,0.3189,0.1276,0.397,0.809,0.802,-0.26,0.01,0.066,-0.0586,0.0109,0.0682,0.0639,-0.0233,0.5555,0.0
19501,0.0,1.1877,-0.1429,False,False,2.0573,-1.5777,2.1675,-1.8508,-1.6331,0.0369,0.2825,-0.152,1.0319,2.3196,-0.36,0.303,-0.0,-0.2659,0.8073,0.8414,0.802,-0.26,0.01,0.053,-0.0737,0.0653,-0.0754,-0.0765,0.0511,-2.8707,0.0
19601,0.0,0.9848,-0.0072,False,False,3.9278,0.2495,3.0648,-3.8336,-3.1222,0.8054,0.0002,0.0008,-0.0035,-0.0022,-0.0216,-0.1345,0.3729,-0.126,0.6182,0.8232,0.802,-0.26,0.01,-0.0734,-0.0022,0.0243,-0.0388,0.0014,-0.054,2.3878,0.0
19701,0.0,1.0035,0.0,False,False,3.9369,0.2493,3.0493,-3.9208,-3.1339,0.4919,-0.0057,0.0007,0.0048,0.0315,-0.0038,0.0881,0.3355,-0.1497,0.6064,0.8247,0.802,-0.26,0.01,0.0577,0.0583,-0.0637,-0.0228,-0.0538,-0.0648,2.6752,0.0
19801,0.0,1.007,0.0,False,False,3.9323,0.2492,3.047,-3.9361,-3.1314,0.477,-0.0006,-0.001,0.0049,0.0388,-0.0094,0.039,0.3179,-0.154,0.6049,0.8224,0.802,-0.26,0.01,-0.0088,0.0588,-0.0434,-0.0383,0.0604,-0.0369,2.2155,0.0
19901,0.0,0.997,0.0,False,False,3.9215,0.2493,3.0506,-3.9145,-3.1308,0.5554,0.0001,0.0002,0.0042,0.0019,0.0237,0.0453,0.2782,-0.1428,0.6067,0.8239,0.802,-0.26,0.01,-0.0135,0.0,-0.0162,-0.0189,0.0256,0.0353,0.7031,0.0
20001,0.0,1.1812,-0.1448,False,False,2.0591,-1.5647,2.1658,-1.8353,-1.6337,0.0518,0.2778,-0.0163,1.0804,2.501,-0.2914,0.4243,0.0,-0.2624,0.7998,0.8394,0.802,-0.26,0.01,0.0557,-0.0497,0.0776,0.0028,-0.0776,0.0769,-2.8035,0.0
20101,0.0,0.972,-0.0014,False,False,3.6029,0.2495,3.0661,-3.8255,-3.1196,0.8423,-0.0044,0.0004,0.001,0.0041,0.0044,0.0368,0.3434,-0.0982,0.6551,0.8217,0.802,-0.26,0.01,0.0697,0.0273,0.0446,-0.0531,-0.0734,-0.0285,2.2272,0.0
20201,0.0,0.9881,0.0,False,False,3.6223,0.2493,3.0504,-3.9132,-3.1339,0.5401,-0.0007,0.0021,-0.0103,-0.0178,-0.0383,-0.1106,0.3041,-0.1187,0.6469,0.8254,0.802,-0.26,0.01,-0.0086,-0.0645,0.0408,-0.0485,-0.007,-0.0543,-0.766,0.0
20301,0.0,0.999,0.0,False,False,3.6464,0.2492,3.0458,-3.9433,-3.1306,0.4809,0.0003,-0.0,-0.003,-0.0193,0.001,-0.0795,0.3054,-0.131,0.6455,0.8227,0.802,-0.26,0.01,0.0377,0.0637,-0.0067,-0.0459,0.0706,-0.0741,-0.7159,0.0
20401,0.0,0.9902,0.0,False,False,3.6592,0.2492,3.0458,-3.9431,-3.1297,0.5157,0.0001,0.0008,0.0008,0.006,-0.001,0.0041,0.2928,-0.123,0.6416,0.8249,0.802,-0.26,0.01,-0.0143,-0.059,-0.0419,0.0748,0.0667,-0.0622,-0.2188,0.0
20501,0.0,1.1873,-0.142,False,False,2.0485,-1.579,2.1734,-1.8544,-1.6253,0.0112,0.1898,-0.1497,1.0937,2.3508,-0.4741,0.0973,-0.0,-0.2655,0.8073,0.8397,0.802,-0.26,0.01,0.0357,-0.0742,0.0798,-0.0654,-0.0792,0.0105,-2.8464,0.0
20601,0.0,0.8114,-0.005,False,False,5.6559,0.2492,3.0455,-3.9454,-3.1309,4.0549,0.0001,0.003,0.0059,0.0365,-0.0061,0.0403,0.1171,-0.0038,0.381,0.8163,0.802,-0.26,0.01,0.0675,-0.0166,0.0555,0.0563,-0.027,-0.0653,-2.6389,0.0
20701,0.0,0.736,0.0,False,False,5.9481,0.2488,3.0013,-4.157,-3.1227,3.7234,0.0,0.0001,-0.0158,-0.0533,0.0326,-0.1504,0.3111,0.0717,0.3786,0.8127,0.802,-0.26,0.01,0.0631,-0.0542,0.0233,-0.075,-0.0271,-0.0726,1.5586,0.0
20801,0.0,0.6932,0.0,False,False,6.21,0.2495,2.8454,-4.6623,-3.1261,3.0563,-0.0065,0.0,0.0001,-0.0005,-0.0033,0.0626,0.0778,0.118,0.3999,0.8139,0.802,-0.26,0.01,0.0206,-0.047,0.0133,-0.0161,-0.0413,-0.068,-2.9529,0.0
20901,0.0,0.6883,-0.0011,False,False,6.2027,0.2495,2.8454,-4.6624,-3.1263,3.0514,0.2002,0.0008,-0.0012,0.0118,-0.0043,0.0519,0.1529,0.1228,0.3994,0.8134,0.802,-0.26,0.01,0.0488,-0.0606,0.0186,-0.0761,0.0449,-0.0714,-2.8918,0.0
21001,0.0,1.19,-0.1471,False,False,2.0672,-1.5729,2.166,-1.8534,-1.6424,0.049,0.3804,-0.1137,1.0359,2.3012,-0.2285,0.3734,0.0,-0.2676,0.8094,0.8397,0.802,-0.26,0.01,0.0726,-0.066,0.0664,-0.0691,-0.0753,0.0671,-3.0322,0.0
21101,0.0,0.9747,0.0,False,False,4.6011,0.2502,3.1031,-3.4744,-2.862,1.3503,-0.0037,0.0003,-0.001,0.0478,0.0004,0.1188,0.2826,-0.1148,0.62,0.8141,0.802,-0.26,0.01,0.0499,0.0318,-0.0088,0.0528,0.0623,0.0064,0.2275,0.0
21201,0.0,0.9795,0.0,False,False,4.7429,0.2501,3.0993,-3.3952,-2.8623,1.6172,0.1771,0.0023,-0.003,-0.0155,-0.1359,-0.1653,0.4259,-0.1198,0.6207,0.8122,0.802,-0.26,0.01,0.0654,0.0006,0.0611,0.0561,0.0138,0.0759,3.0685,0.0
21301,0.0,0.9817,0.0,False,False,4.8681,0.2501,3.0993,-3.3789,-2.8886,1.6281,0.0148,-0.0,-0.0009,-0.0245,0.0702,0.0985,0.3288,-0.1312,0.5939,0.8142,0.802,-0.26,0.01,-0.0598,0.0076,-0.0646,-0.0129,-0.0634,0.0246,2.2781,0.0
21401,0.0,0.9782,0.0,False,False,5.0149,0.2501,3.0987,-3.3961,-2.9133,1.6203,-0.0031,0.0083,0.0001,-0.0098,-0.0033,0.0106,0.3632,-0.1356,0.5681,0.8127,0.802,-0.26,0.01,-0.0441,0.0422,0.0741,-0.006,0.0668,-0.0732,0.9127,0.0
21501,0.0,1.1843,-0.1527,False,False,2.0682,-1.5783,2.172,-1.8619,-1.643,0.054,0.4032,-0.1665,1.0796,2.3163,-0.2301,0.4134,0.0,-0.2644,0.8023,0.8435,0.802,-0.26,0.01,0.0759,-0.0751,0.0776,-0.0772,-0.0723,0.0757,-2.3945,0.0
21601,0.0,0.9776,-0.0206,False,False,3.8016,0.2498,3.0834,-3.6962,-3.1001,1.0037,-0.0332,0.0013,0.0033,0.0408,0.0192,0.2144,0.2195,-0.1107,0.639,0.8188,0.802,-0.26,0.01,0.0683,0.0177,-0.0654,-0.0702,0.0044,0.0252,-1.3986,0.0
21701,0.0,0.9755,0.0054,False,False,3.7906,0.2498,3.081,-3.7183,-3.1076,0.9078,0.0026,0.0003,0.0,-0.0004,0.0015,0.0107,0.3147,-0.1074,0.6416,0.8226,0.802,-0.26,0.01,-0.0409,0.0186,-0.021,0.0073,-0.0473,-0.0162,2.3467,0.0
21801,0.0,0.9822,0.0,False,False,3.8003,0.2496,3.0732,-3.7799,-3.1152,0.7159,0.0,-0.0006,-0.0361,-0.2602,-0.0042,-1.0,0.2997,-0.1172,0.6344,0.825,0.802,-0.26,0.01,-0.066,0.0229,-0.073,-0.0077,0.0083,-0.0115,0.4602,0.0
21901,0.0,0.9816,0.0,False,False,3.7997,0.2496,3.07,-3.801,-3.118,0.6352,-0.0015,0.0006,-0.0025,-0.0176,0.0128,-0.0073,0.396,-0.1156,0.6364,0.8291,0.802,-0.26,0.01,0.0639,0.004,-0.0685,0.035,-0.0032,-0.0246,1.3558,0.0
22001,0.0,1.1898,-0.1343,False,False,2.0568,-1.571,2.1711,-1.8629,-1.6314,0.018,0.2634,-0.0795,1.0883,2.2633,-0.3311,0.1251,-0.0,-0.2676,0.809,0.838,0.802,-0.26,0.01,0.0513,-0.0609,0.0787,-0.0734,-0.0757,0.0192,-3.0825,0.0
22101,0.0,0.954,0.0,False,False,4.1866,0.2502,3.1027,-3.4765,-2.8798,1.3363,-0.0006,0.0025,-0.0044,0.0032,-0.0,0.0402,0.3304,-0.0772,0.6595,0.8151,0.802,-0.26,0.01,-0.0281,0.0018,0.0157,-0.019,0.0033,0.0391,0.7948,0.0
22201,0.0,0.96,0.0,False,False,4.222,0.2501,3.1002,-3.4253,-2.9202,1.4264,0.0029,0.0002,0.0003,-0.0059,0.0172,0.0425,0.3526,-0.0855,0.6551,0.8168,0.802,-0.26,0.01,-0.0332,0.0259,-0.0389,-0.0406,0.0065,-0.0619,1.4071,0.0
22301,0.0,0.9709,0.0,False,False,4.4215,0.2501,3.0987,-3.3976,-2.9227,1.6178,-0.0021,0.0,-0.0,0.0017,0.0076,0.0085,0.3587,-0.104,0.6384,0.8127,0.802,-0.26,0.01,-0.0303,0.066,0.0767,-0.0485,-0.0488,-0.0356,0.5624,0.0
22401,0.0,0.9785,0.0,False,False,4.6012,0.2501,3.0984,-3.4076,-2.9804,1.6071,-0.0017,0.0,0.0003,0.0089,0.002,0.0139,0.3562,-0.1249,0.6027,0.813,0.802,-0.26,0.01,0.01,-0.068,0.0747,0.0776,-0.0747,-0.0381,2.2903,0.0
22501,0.0,1.1869,-0.1415,False,False,2.069,-1.5803,2.1717,-1.8519,-1.6446,0.0123,0.4181,-0.1861,1.0897,2.3711,-0.2383,0.0347,-0.0,-0.2662,0.8049,0.8409,0.802,-0.26,0.01,0.0782,-0.0786,0.0784,-0.0531,-0.0731,0.0037,-3.0815,0.0
22601,0.0,0.9644,0.0,False,False,4.2235,0.2502,3.1004,-3.4683,-2.9547,1.3848,0.0023,-0.0004,0.0006,-0.0039,0.0338,0.0913,0.3749,-0.0941,0.6455,0.8159,0.802,-0.26,0.01,-0.0207,0.0627,-0.0267,-0.0684,-0.0474,-0.0169,2.9708,0.0
22701,0.0,0.9793,0.0,False,False,4.2718,0.2501,3.0961,-3.4602,-3.0926,1.2207,0.2548,-0.0,-0.0013,-0.1463,0.0463,0.0162,0.352,-0.123,0.6099,0.8231,0.802,-0.26,0.01,0.0651,-0.0282,-0.0744,-0.0477,0.0288,0.0614,2.2162,0.0
22801,0.0,0.9792,0.0,False,False,4.3793,0.25,3.0949,-3.5217,-3.0832,1.175,0.0001,-0.0,-0.0001,-0.0029,0.0092,0.0122,0.3826,-0.1279,0.595,0.8224,0.802,-0.26,0.01,0.0054,-0.0326,-0.0048,0.0699,-0.0329,-0.0063,1.9064,0.0
22901,0.0,0.9804,0.0,False,False,4.4021,0.25,3.0939,-3.5535,-3.0861,1.1236,0.0019,-0.0,0.0003,-0.0058,0.0101,0.0149,0.3823,-0.1314,0.588,0.8227,0.802,-0.26,0.01,-0.023,-0.0054,0.0537,-0.0256,-0.0687,-0.0231,2.8784,0.0
23001,0.0,1.185,-0.15,False,False,2.0682,-1.579,2.1664,-1.8436,-1.6437,0.0475,0.4056,-0.1763,1.0335,2.384,-0.2434,0.3575,-0.0,-0.2646,0.8035,0.8434,0.802,-0.26,0.01,0.0758,-0.077,0.0654,-0.0539,-0.0741,0.0642,-3.0794,0.0
23101,0.0,0.9725,0.0,False,False,4.0638,0.25,3.0946,-3.53,-3.0848,1.1753,-0.208,0.0005,0.0068,0.2016,-0.02,0.3501,0.398,-0.1077,0.6322,0.8223,0.802,-0.26,0.01,-0.0548,-0.0481,-0.0309,0.0349,-0.0734,-0.0561,2.7204,0.0
23201,0.0,0.9818,0.0,False,False,4.2215,0.2499,3.0902,-3.6175,-3.0949,1.039,0.2368,-0.0,-0.0093,-0.1119,-0.0226,-0.197,0.3253,-0.1289,0.6003,0.8221,0.802,-0.26,0.01,0.0739,-0.0048,0.0289,-0.065,0.0191,0.0275,2.5345,0.0
23301,0.0,0.9821,0.0,False,False,4.2105,0.2499,3.0892,-3.6312,-3.0955,1.0356,-0.0044,0.0005,-0.0003,-0.0005,0.0037,0.0182,0.2796,-0.1299,0.5983,0.8212,0.802,-0.26,0.01,0.0535,0.0728,-0.0329,-0.009,0.0558,-0.0111,-0.0062,0.0
23401,0.0,0.9816,0.0,False,False,4.2638,0.2499,3.0863,-3.6663,-3.1049,0.9491,0.0006,0.0018,0.003,0.0231,-0.0528,-0.0601,0.3946,-0.1314,0.5917,0.8249,0.802,-0.26,0.01,0.0129,-0.0058,-0.0741,0.0693,-0.0574,-0.0532,2.705,0.0
23501,0.0,1.1882,-0.1571,False,False,2.0582,-1.5812,2.1734,-1.8568,-1.6326,0.0515,0.3021,-0.1828,1.0888,2.351,-0.3486,0.436,0.0,-0.2663,0.8078,0.8407,0.802,-0.26,0.01,0.0561,-0.0791,0.0792,-0.0707,-0.0718,0.075,-2.8361,0.0
23601,0.0,0.9044,0.0006,False,False,3.7524,0.2503,3.1075,-3.5422,-2.8201,1.3462,0.001,0.0007,0.002,-0.0236,0.0371,0.0096,0.3561,-0.0128,0.682,0.809,0.802,-0.26,0.01,-0.01,0.0435,-0.0296,0.0429,0.0715,-0.0359,2.7861,0.0
23701,0.0,0.9402,-0.0009,False,False,3.9038,0.2501,3.0989,-3.4116,-2.971,1.4926,0.0065,0.0014,0.0003,-0.0084,0.0017,0.0397,0.4177,-0.0561,0.6732,0.8163,0.802,-0.26,0.01,-0.0449,-0.0051,-0.0613,0.06,0.055,-0.0449,2.8679,0.0
23801,0.0,0.9658,0.0,False,False,4.1094,0.2501,3.0986,-3.4097,-2.9791,1.617,0.3523,-0.0,-0.0124,0.142,-0.1896,-0.1135,0.1671,-0.0952,0.6466,0.8141,0.802,-0.26,0.01,0.0588,-0.0504,0.0498,0.0651,0.0607,-0.0358,-2.4984,0.0
23901,0.0,0.9785,0.0,False,False,4.3848,0.2501,3.0962,-3.4714,-3.0857,1.5224,0.3449,0.0001,-0.0087,-0.1556,0.0124,0.5976,0.4155,-0.1255,0.6009,0.8137,0.802,-0.26,0.01,0.0658,-0.0422,0.0684,-0.0374,-0.0049,-0.0342,2.7844,0.0
24001,0.0,1.1861,-0.1501,False,False,2.0678,-1.5728,2.1715,-1.8664,-1.6428,0.0533,0.3859,-0.109,1.0889,2.264,-0.2184,0.4024,0.0,-0.2654,0.8046,0.841,0.802,-0.26,0.01,0.074,-0.065,0.0794,-0.0779,-0.0744,0.0742,-2.6244,0.0
24101,0.0,0.9739,0.0,False,False,3.9868,0.25,3.0908,-3.6077,-3.0917,1.0751,-0.0019,0.0027,-0.0017,0.0002,-0.0128,-0.021,0.3652,-0.1094,0.6319,0.8221,0.802,-0.26,0.01,0.0096,-0.0236,0.0639,0.0307,-0.036,-0.0066,2.0635,0.0
24201,0.0,0.974,-0.0002,False,False,3.9544,0.25,3.0913,-3.5994,-3.0894,1.0969,0.0028,0.0005,-0.0,-0.0005,-0.0049,-0.029,0.3697,-0.1075,0.6371,0.8214,0.802,-0.26,0.01,-0.0518,0.0353,-0.048,0.0263,0.018,-0.0502,2.9608,0.0
24301,0.0,0.9767,-0.0029,False,False,3.9962,0.2499,3.0903,-3.6145,-3.0906,1.0852,0.002,0.0004,-0.0011,-0.0077,0.0141,0.0047,0.2815,-0.1142,0.6272,0.8203,0.802,-0.26,0.01,-0.0327,0.0611,-0.0046,0.0366,-0.0044,-0.057,-0.1818,0.0
24401,0.0,0.9765,-0.0,False,False,4.0154,0.2499,3.0886,-3.6386,-3.0958,1.0337,-0.003,-0.0001,0.0005,0.0088,0.0013,0.0251,0.3685,-0.1144,0.6257,0.8223,0.802,-0.26,0.01,0.0305,0.074,-0.0702,-0.0294,0.0417,0.0665,2.0057,0.0
24501,0.0,1.1953,-0.1049,False,False,2.0667,-1.5282,2.1477,-1.8659,-1.6343,0.0129,0.2817,0.3296,0.9578,1.9403,-0.0076,0.0245,-0.0,-0.2725,0.8119,0.8327,0.802,-0.26,0.01,0.0639,0.0128,0.0475,-0.0723,-0.0717,0.0108,-2.9938,0.0
24601,0.0,0.9415,0.0,False,False,3.9471,0.2502,3.1036,-3.5427,-2.9014,1.3047,0.0012,0.0007,0.0035,-0.0469,0.0509,-0.0163,0.3007,-0.0607,0.6662,0.812,0.802,-0.26,0.01,-0.0273,-0.0468,0.0404,0.0007,-0.0205,0.0669,-0.0289,0.0
24701,0.0,0.9574,0.0,False,False,4.001,0.2501,3.1003,-3.5008,-2.9669,1.3081,0.0,0.0,0.0001,-0.001,0.0039,0.007,0.2601,-0.0829,0.6547,0.8155,0.802,-0.26,0.01,-0.0194,0.0179,0.0561,-0.0227,0.0025,-0.0217,-1.3764,0.0
24801,0.0,0.9659,-0.0014,False,False,4.1398,0.2501,3.0979,-3.4211,-3.0269,1.5936,-0.0023,0.0001,-0.0003,-0.001,0.0074,0.0187,0.4021,-0.096,0.6448,0.8129,0.802,-0.26,0.01,0.0298,0.0733,0.0681,0.0108,-0.0637,0.0542,1.9055,0.0
24901,0.0,0.9792,0.0,False,False,4.3427,0.2501,3.0965,-3.4729,-3.0773,1.5197,0.479,0.0059,-0.0026,-0.609,0.2301,-0.7632,0.2811,-0.1262,0.6009,0.8142,0.802,-0.26,0.01,0.0729,-0.0647,-0.0333,-0.0438,0.0191,-0.0734,-0.897,0.0
25001,0.0,1.1836,-0.159,False,False,2.065,-1.5798,2.1717,-1.8494,-1.6418,0.0475,0.3717,-0.1761,1.086,2.4264,-0.2948,0.3651,-0.0,-0.2635,0.8026,0.842,0.802,-0.26,0.01,0.0697,-0.0773,0.0788,-0.0477,-0.0769,0.0648,-2.5234,0.0
25101,0.0,0.9668,-0.0149,False,False,3.9345,0.2501,3.0975,-3.534,-3.0288,1.215,-0.0022,0.0034,-0.0012,-0.067,0.0162,0.0295,0.2157,-0.0964,0.6461,0.8168,0.802,-0.26,0.01,0.0148,-0.0036,0.0267,-0.0402,-0.0619,0.0228,-1.5819,0.0
25201,0.0,0.9732,0.0,False,False,4.0212,0.25,3.0939,-3.5487,-3.0874,1.1278,0.0007,0.0014,-0.0011,-0.0014,-0.0024,-0.0137,0.3454,-0.1084,0.6326,0.8224,0.802,-0.26,0.01,0.0034,-0.0069,-0.0338,0.073,-0.025,0.0441,1.4112,0.0
25301,0.0,0.9779,0.0026,False,False,4.0561,0.25,3.0937,-3.5539,-3.0886,1.1145,-0.0015,-0.0,0.0001,0.0028,0.0039,0.0166,0.302,-0.1158,0.6261,0.8216,0.802,-0.26,0.01,0.0202,0.012,-0.042,0.036,0.0105,0.0637,1.8674,0.0
25401,0.0,0.9764,0.0002,False,False,4.0663,0.25,3.0932,-3.5674,-3.1015,1.1938,-0.0007,-0.0005,-0.0001,-0.0009,0.0029,0.0093,0.3714,-0.1146,0.625,0.8209,0.802,-0.26,0.01,0.0045,0.0529,-0.0234,0.0206,-0.0506,0.0307,2.6637,0.0
25501,0.0,1.1859,-0.1387,False,False,2.0648,-1.5638,2.164,-1.8545,-1.6387,0.0531,0.3354,-0.0187,1.0431,2.2704,-0.2134,0.4097,0.0113,-0.2654,0.8044,0.8397,0.802,-0.26,0.01,0.0663,-0.0494,0.0679,-0.0582,-0.0756,0.0764,-0.2267,0.0
25601,0.0,0.8973,0.0,False,False,4.0257,0.2507,3.1257,-3.6262,-2.6169,1.3094,-0.0018,0.0006,0.0046,-0.0244,0.044,-0.0031,0.344,-0.0037,0.6848,0.7993,0.802,-0.26,0.01,0.0298,0.0022,0.0584,-0.0389,0.0526,0.0452,0.7788,0.0
25701,0.0,0.9257,0.0,False,False,4.0984,0.2504,3.1116,-3.528,-2.7184,1.371,-0.0024,-0.0009,0.0077,-0.0511,0.0749,-0.0409,0.2476,-0.0373,0.6802,0.8072,0.802,-0.26,0.01,0.0381,0.0413,-0.064,-0.0128,-0.0005,-0.0569,-0.7113,0.0
25801,0.0,0.9476,0.0,False,False,4.2587,0.2502,3.1038,-3.4573,-2.807,1.3817,0.1284,-0.0,-0.0002,-0.0303,-0.0146,-0.1822,0.4157,-0.0649,0.6718,0.8147,0.802,-0.26,0.01,0.0503,-0.01,-0.0102,-0.0575,-0.0009,-0.0579,2.886,0.0
25901,0.0,0.9622,0.0,False,False,4.3609,0.2502,3.1016,-3.442,-2.8715,1.3317,-0.0021,0.0006,-0.0007,0.0077,-0.0164,-0.0093,0.4325,-0.0882,0.654,0.8185,0.802,-0.26,0.01,0.0248,0.0557,0.0365,-0.0039,0.0642,-0.0291,3.0408,0.0
26001,0.0,1.189,-0.1196,False,False,2.069,-1.5516,2.1364,-1.8226,-1.6406,0.0546,0.3547,0.0774,0.7911,2.1008,-0.1062,0.3876,-0.0,-0.2676,0.8065,0.8445,0.802,-0.26,0.01,0.0709,-0.0322,0.0038,-0.0728,-0.0746,0.0781,-2.8303,0.0
26101,0.0,0.7854,0.0,False,False,3.9753,-0.9695,2.8406,-1.8858,-2.1406,1.6549,-0.0133,-0.0046,-0.0043,0.0146,0.0619,0.1385,0.446,0.0934,0.628,0.8121,0.802,-0.26,0.01,0.0679,0.064,0.0627,-0.0087,0.0021,0.0606,2.5841,0.0
26201,0.0,0.9359,0.0,False,False,4.9916,0.2493,3.0502,-3.914,-3.1336,0.6109,-0.0039,0.0,0.001,0.0092,0.0042,0.0518,0.3262,-0.1176,0.4599,0.826,0.802,-0.26,0.01,0.0581,0.0631,-0.0052,-0.0654,0.0234,-0.0316,0.9083,0.0
26301,0.0,0.9323,0.0,False,False,5.0153,0.2491,3.0366,-3.9971,-3.126,0.3915,0.0006,0.0025,0.0019,0.0032,0.0038,-0.0113,0.4274,-0.1144,0.4561,0.831,0.802,-0.26,0.01,0.0211,0.0333,-0.0529,-0.0165,0.0527,0.037,-0.2387,0.0
26401,0.0,0.9293,0.0,False,False,5.0338,0.2491,3.0381,-3.989,-3.126,0.4388,-0.0023,0.0005,0.0072,0.0398,-0.0033,0.0568,0.3619,-0.1123,0.4517,0.8282,0.802,-0.26,0.01,0.0303,0.0326,-0.0247,-0.062,0.0274,0.0405,-0.1659,0.0
26501,0.0,1.19,-0.2946,False,False,2.0536,-1.5095,2.1394,-1.8713,-1.6116,0.0446,0.3258,0.012,0.415,-3.3458,-0.0942,3.1347,0.0936,-0.2704,0.8039,0.8349,0.802,-0.26,0.01,0.0337,0.0472,0.0365,-0.0752,-0.0637,0.0773,1.6667,0.0
26601,0.0,0.8836,0.0005,False,False,5.2532,0.2496,3.0682,-3.8134,-3.1244,3.9166,-0.0027,0.0002,0.0008,0.0075,0.0097,0.0256,0.2638,-0.0744,0.4002,0.8098,0.802,-0.26,0.01,0.0621,0.0258,-0.043,-0.0196,-0.0275,0.0699,0.8368,0.0
26701,0.0,0.851,0.0,False,False,5.4661,0.2492,3.0422,-3.9659,-3.1301,3.6989,0.0,0.0001,-0.0032,-0.0136,0.0045,-0.0361,0.1104,-0.0432,0.3863,0.8143,0.802,-0.26,0.01,0.074,-0.005,0.0045,-0.0713,-0.0081,0.0096,-2.9279,0.0
26801,0.0,0.8132,0.0,False,False,5.6692,0.2491,3.0378,-3.9903,-3.1247,3.9427,0.7054,0.0007,-0.0213,-0.1191,-0.0226,0.4968,0.0636,-0.0057,0.3806,0.8149,0.802,-0.26,0.01,0.075,-0.073,0.0491,-0.0225,0.0462,0.0745,-2.9074,0.0
26901,0.0,0.6803,0.0025,False,False,6.2057,0.2495,2.8455,-4.6627,-3.1279,2.8174,-0.0034,0.0004,0.0,-0.0007,0.0004,-0.0029,0.3891,0.1303,0.3963,0.8077,0.802,-0.26,0.01,0.0718,0.0135,0.0569,-0.0657,-0.0772,-0.049,2.8234,0.0
27001,0.0,1.1986,-0.11,False,False,2.0629,-1.5107,2.1209,-1.8351,-1.6268,0.0447,0.2045,0.4899,0.7275,1.7904,0.0383,0.3062,0.0,-0.2744,0.8154,0.8339,0.802,-0.26,0.01,0.0511,0.0409,-0.0098,-0.075,-0.0713,0.0672,-2.5866,0.0
27101,0.0,1.0073,0.0,False,False,3.6512,0.2495,2.8455,-4.6626,-3.1273,-0.4594,-0.0038,0.0013,-0.0006,-0.001,0.0056,-0.0072,0.4271,-0.1464,0.6271,0.8298,0.802,-0.26,0.01,0.0335,0.0398,0.0408,0.0005,0.0316,0.0008,-2.7302,0.0
27201,0.0,1.0201,-0.001,False,False,3.8244,0.2495,2.8455,-4.6626,-3.1272,-0.4434,-0.0007,0.0004,-0.0005,-0.0002,-0.001,-0.0088,0.3568,-0.1693,0.5998,0.8244,0.802,-0.26,0.01,0.0089,0.0569,0.0637,-0.0347,-0.0346,-0.0466,0.5908,0.0
27301,0.0,1.0193,0.0,False,False,3.9604,0.2495,2.8455,-4.6626,-3.1272,-0.4462,-0.0011,0.0007,0.0001,0.0003,-0.001,-0.0049,0.353,-0.1757,0.5761,0.824,0.802,-0.26,0.01,-0.0086,0.0629,-0.0502,0.0264,-0.0173,-0.0379,1.9672,0.0
27401,0.0,1.0213,0.0,False,False,3.8641,0.2495,2.8455,-4.6626,-3.1272,-0.4464,0.1797,0.0,-0.0,0.0001,-0.0002,-0.0085,0.354,-0.1728,0.5928,0.8238,0.802,-0.26,0.01,0.0708,0.0357,0.0319,0.0175,0.0076,0.0637,-2.5467,0.0
27501,0.0,1.2051,-0.1948,False,False,2.0406,-1.4953,2.1026,-1.8294,-1.5959,0.028,-0.0635,0.1944,0.7678,-3.148,0.8626,0.1338,-0.031,-0.2787,0.8212,0.8367,0.802,-0.26,0.01,0.0007,0.0711,-0.0512,-0.0755,-0.0789,0.0446,-1.6459,0.0
27601,0.0,0.9777,-0.001,False,False,3.4472,0.2493,3.0514,-3.9062,-3.1338,0.5837,-0.0015,0.0009,0.0014,0.0128,-0.0029,0.0379,0.2564,-0.1003,0.6649,0.824,0.802,-0.26,0.01,0.0059,0.0295,-0.059,0.039,-0.0085,-0.063,0.8972,0.0
27701,0.0,0.9791,0.0,False,False,3.4477,0.2493,3.0504,-3.913,-3.1329,0.5639,0.0015,0.0001,0.0006,0.0054,-0.002,-0.0037,0.2598,-0.1019,0.6648,0.8237,0.802,-0.26,0.01,-0.059,0.032,-0.0374,0.0331,0.0577,-0.049,-2.4164,0.0
27801,0.0,0.977,0.0,False,False,3.4569,0.2493,3.0474,-3.933,-3.1305,0.5314,-0.0001,-0.0004,-0.0252,-0.1712,0.0303,-0.5486,0.3107,-0.0998,0.6644,0.8255,0.802,-0.26,0.01,-0.022,0.0325,-0.0338,-0.0711,0.0665,-0.0609,2.0217,0.0
27901,0.0,0.981,0.0,False,False,3.4531,0.2492,3.0456,-3.9444,-3.1292,0.5111,0.002,0.0004,-0.0006,-0.0014,-0.0015,-0.0232,0.294,-0.1036,0.6656,0.8242,0.802,-0.26,0.01,-0.0307,0.0553,-0.0249,0.0782,-0.0126,0.0056,-2.3452,0.0
28001,0.0,1.2002,-0.1015,False,False,2.0337,-1.4937,2.0927,-1.7938,-1.5913,0.0433,-0.1444,0.6676,0.4738,1.6345,-0.1688,0.3894,0.0,-0.275,0.8174,0.8382,0.802,-0.26,0.01,-0.015,0.0701,-0.0738,-0.0761,-0.0721,0.0781,-2.9178,0.0
28101,0.0,0.9757,0.0,False,False,4.2265,0.2501,3.0969,-3.5137,-3.0461,1.211,-0.0107,0.0008,0.0003,0.0081,0.0074,0.0413,0.3412,-0.1154,0.6207,0.8201,0.802,-0.26,0.01,0.0644,0.0258,0.0442,0.0771,-0.0108,-0.0557,2.5362,0.0
28201,0.0,0.9796,0.0,False,False,4.2671,0.25,3.0956,-3.4966,-3.0862,1.1973,0.0013,-0.0,-0.0001,-0.0028,-0.0006,-0.0106,0.3466,-0.1237,0.6089,0.8222,0.802,-0.26,0.01,-0.0107,-0.0205,0.0033,-0.0717,-0.0588,0.0586,1.9455,0.0
28301,0.0,0.9796,0.0,False,False,4.2569,0.2501,3.0957,-3.4921,-3.0858,1.19,-0.004,-0.0002,0.0001,0.0044,-0.0144,-0.0262,0.2992,-0.1241,0.6076,0.8218,0.802,-0.26,0.01,0.0349,0.0457,-0.0129,-0.0078,0.0143,0.0565,-0.4308,0.0
28401,0.0,0.9787,0.0,False,False,4.2498,0.2501,3.0959,-3.4819,-3.0868,1.2105,-0.0069,-0.0,0.0001,0.0072,0.0036,0.026,0.3092,-0.1222,0.6104,0.8221,0.802,-0.26,0.01,0.0534,0.0176,0.0712,-0.0319,-0.0361,0.0169,0.3177,0.0
28501,0.0,1.1975,-0.1144,False,False,2.0278,-1.4904,2.0914,-1.7934,-1.5849,0.0406,-0.2154,0.7062,0.4678,1.5891,-0.2171,0.3786,-0.0,-0.2735,0.8143,0.8391,0.802,-0.26,0.01,-0.0281,0.0764,-0.0756,-0.0771,-0.074,0.0749,-2.994,0.0
28601,0.0,0.9625,0.0,False,False,3.7107,0.25,3.0908,-3.6074,-3.0897,1.0931,0.0022,0.0004,-0.0005,-0.0004,-0.0056,-0.0139,0.2817,-0.0873,0.657,0.8203,0.802,-0.26,0.01,-0.0231,-0.021,-0.0025,0.0078,0.0536,-0.0297,0.9751,0.0
28701,0.0,0.9633,-0.0026,False,False,3.6919,0.2499,3.0903,-3.6158,-3.0945,1.0455,0.0028,0.0009,0.0014,0.0161,-0.0207,0.0098,0.2748,-0.0881,0.657,0.8212,0.802,-0.26,0.01,-0.0658,0.0311,-0.0633,-0.064,-0.032,-0.0042,-0.2417,0.0
28801,0.0,0.9629,0.001,False,False,3.6963,0.2499,3.0902,-3.6175,-3.0933,1.0586,-0.0021,0.0,0.0003,-0.0015,0.005,0.0041,0.3069,-0.0871,0.6583,0.8212,0.802,-0.26,0.01,0.0117,0.0009,-0.012,0.0344,-0.0607,-0.0285,2.1835,0.0
28901,0.0,0.9715,-0.0027,False,False,3.7053,0.2499,3.09,-3.6201,-3.0925,1.0676,-0.0011,-0.0001,-0.0007,-0.0106,-0.0017,-0.0283,0.1867,-0.0986,0.6533,0.8182,0.802,-0.26,0.01,0.0208,-0.0637,-0.0218,-0.021,-0.001,-0.066,-1.3281,0.0
29001,0.0,1.1967,-0.091,False,False,2.0505,-1.4917,2.0915,-1.7998,-1.6118,0.0472,0.0312,0.6701,0.4703,1.6144,-0.0151,0.36,0.0,-0.2733,0.8129,0.8403,0.802,-0.26,0.01,0.0197,0.0722,-0.0738,-0.0797,-0.0763,0.0784,-2.7189,0.0
29101,0.0,0.8991,0.0,False,False,4.5191,0.2511,3.1416,-3.6059,-2.2464,4.3708,-0.0029,0.0008,0.0078,-0.0435,0.0392,-0.0032,0.1664,0.0138,0.7225,0.7968,0.802,-0.26,0.01,0.0748,0.0465,0.042,0.0351,0.0167,-0.0133,-0.7609,0.0
29201,0.0,0.9013,0.0,False,False,4.5201,0.2511,3.1416,-3.606,-2.2469,4.3707,-0.0015,0.0007,0.011,-0.0547,0.053,-0.01,0.2106,0.0116,0.7231,0.7962,0.802,-0.26,0.01,0.0727,0.0192,-0.0654,0.0715,-0.0012,-0.0012,2.31,0.0
29301,0.0,0.9225,0.0,False,False,4.62,0.2485,3.1416,-3.6153,-2.2911,4.3552,0.1472,-0.1371,-0.0057,0.1023,0.0086,-0.0041,0.1735,-0.0117,0.7245,0.797,0.802,-0.26,0.01,0.0749,-0.035,0.0596,-0.078,-0.0754,-0.0344,2.7919,0.0
29401,0.0,0.9329,0.0,False,False,4.6884,0.2511,3.1415,-3.6248,-2.3202,4.3454,-0.0053,0.0008,0.0169,-0.091,0.0838,-0.0221,0.1321,-0.0301,0.7116,0.7969,0.802,-0.26,0.01,0.0397,0.0139,0.0731,0.0721,-0.0428,-0.0492,-0.6892,0.0
29501,0.0,1.2145,-0.082,False,False,2.0495,-1.4901,2.0931,-1.7931,-1.5971,0.0219,0.03,0.692,0.5063,1.7069,0.1089,0.1393,0.0,-0.2856,0.8286,0.835,0.802,-0.26,0.01,0.0193,0.0758,-0.065,-0.0465,-0.0457,0.0353,-3.0191,0.0
29601,0.0,0.9326,0.0,False,False,4.6382,0.2511,3.1416,-3.6377,-2.3604,4.331,0.0007,0.0007,0.0016,-0.0155,-0.0101,-0.0049,0.1778,-0.0332,0.7049,0.796,0.802,-0.26,0.01,0.0637,-0.008,-0.0548,-0.0692,0.0701,-0.0751,2.4642,0.0
29701,0.0,0.9371,0.0,False,False,4.6814,0.2511,3.1416,-3.6456,-2.3809,4.3199,-0.0036,-0.0,0.0096,-0.0553,0.0405,-0.0132,0.096,-0.04,0.7012,0.7971,0.802,-0.26,0.01,0.045,0.0531,0.0535,0.0374,0.0061,-0.0138,0.5168,0.0
29801,0.0,0.9479,0.0,False,False,4.7543,0.2511,3.1415,-3.6593,-2.414,4.3039,-0.0141,0.0002,0.0102,-0.0625,0.0411,-0.014,0.0877,-0.0566,0.6918,0.797,0.802,-0.26,0.01,0.0723,0.0435,-0.0656,-0.0114,0.0362,0.0716,-1.753,0.0
29901,0.0,0.9655,0.0,False,False,4.926,0.2434,3.1415,-3.6928,-2.4783,4.2596,0.114,0.0019,-0.0016,-0.05,-0.0295,0.0902,0.1013,-0.0879,0.6644,0.7961,0.802,-0.26,0.01,0.077,0.0748,-0.0317,0.0193,-0.029,-0.0126,2.2367,0.0
30001,0.0,1.2191,-0.0782,False,False,2.0484,-1.4911,2.0915,-1.7991,-1.6041,0.0377,0.0119,0.6789,0.4731,1.6165,0.0175,0.2942,0.0,-0.2866,0.8368,0.8377,0.802,-0.26,0.01,0.0158,0.0735,-0.0733,-0.0783,-0.0645,0.0633,-3.1123,0.0
30101,0.0,1.0946,0.0,False,False,6.2291,-3.1073,3.1416,-0.3345,-2.2223,4.3823,-0.0062,0.128,0.0011,-0.1546,0.0467,0.0222,0.0789,-0.2525,0.5836,0.794,0.802,-0.26,0.01,0.0793,0.0641,-0.0614,0.0351,-0.0776,0.0648,2.8688,0.0
30201,0.0,1.044,0.0,False,False,6.2255,-3.3932,3.1407,0.0203,-2.3667,4.1743,-0.0027,-0.0,0.0029,-0.0193,-0.0512,0.1726,0.2667,-0.2188,0.5089,0.8005,0.802,-0.26,0.01,0.0792,0.0754,-0.0691,0.0558,-0.0709,-0.0685,2.5662,0.0
30301,0.0,1.0485,0.0,False,False,6.2259,-3.3932,3.1407,0.0122,-2.3782,4.2107,-0.0003,-0.0001,0.0032,0.0059,0.0121,0.1667,0.1041,-0.2222,0.5142,0.8023,0.802,-0.26,0.01,0.0781,0.0693,0.0737,-0.0582,-0.0721,0.0696,1.9828,0.0
30401,0.0,1.053,0.0,False,False,6.226,-3.3932,3.1416,0.0096,-2.357,4.3206,-0.0009,-0.0003,0.0176,0.0429,-0.0124,0.0379,-0.0,-0.2242,0.5259,0.7989,0.802,-0.26,0.01,0.0706,0.0212,0.0746,-0.078,0.0788,0.0542,-3.1332,0.0
30501,0.0,1.2161,-0.0915,False,False,2.049,-1.4903,2.0957,-1.8079,-1.5933,0.0437,0.0253,0.6907,0.5185,1.593,0.1407,0.3355,-0.0,-0.2866,0.8301,0.8356,0.802,-0.26,0.01,0.0183,0.0756,-0.062,-0.0785,-0.0386,0.0722,-2.7507,0.0
30601,0.0,0.9106,-0.0022,False,False,3.5439,0.2502,3.1046,-3.5863,-2.8914,1.2943,0.002,-0.0,0.0023,-0.0193,0.0352,-0.0019,0.1862,-0.0212,0.6788,0.8086,0.802,-0.26,0.01,-0.0308,0.0127,-0.0248,0.012,-0.0135,-0.0677,-1.0277,0.0
30701,0.0,0.9083,0.0001,False,False,3.5477,0.2502,3.1038,-3.5782,-2.9044,1.2893,-0.0033,0.0002,-0.0012,0.02,-0.013,0.0363,0.2504,-0.0186,0.679,0.81,0.802,-0.26,0.01,0.0329,0.0671,0.0622,-0.0098,0.0586,-0.048,0.5713,0.0
30801,0.0,0.9283,0.0,False,False,3.5466,0.2502,3.1035,-3.5749,-2.9095,1.2874,0.0035,-0.0003,-0.0002,0.0154,-0.0026,0.0013,0.0657,-0.0398,0.6808,0.8088,0.802,-0.26,0.01,-0.0509,0.0428,-0.0672,-0.0377,0.0461,-0.0375,-2.3636,0.0
30901,0.0,0.9182,0.0063,False,False,3.5474,0.2502,3.103,-3.5705,-2.9172,1.2834,0.0032,0.0002,-0.0002,0.0057,0.0025,0.0084,0.1606,-0.0297,0.6786,0.8103,0.802,-0.26,0.01,-0.0338,-0.0018,0.0644,-0.0455,0.0085,-0.025,-0.5389,0.0
31001,0.0,1.1942,-0.0946,False,False,2.0482,-1.5009,2.098,-1.7996,-1.6099,0.0478,0.0261,0.5845,0.5143,1.7138,-0.073,0.3796,0.0,-0.2716,0.8102,0.8421,0.802,-0.26,0.01,0.017,0.0565,-0.0633,-0.0746,-0.0745,0.0797,-2.6588,0.0
31101,0.0,0.9195,0.0,False,False,4.7527,-1.0098,2.7853,-1.7892,-2.5089,1.8438,0.3998,0.0109,0.0198,-0.0309,-0.3283,0.3092,0.3763,-0.0692,0.5836,0.8078,0.802,-0.26,0.01,0.076,0.0064,0.0778,0.0584,-0.0772,-0.0537,1.3987,0.0
31201,0.0,0.8883,0.0,False,False,5.227,0.2495,2.8455,-4.6626,-3.1273,-0.4831,0.0025,0.0002,-0.0006,-0.001,-0.0007,-0.0024,0.5356,-0.0771,0.4098,0.8339,0.802,-0.26,0.01,-0.0279,0.0648,0.0328,-0.0235,0.0648,-0.0274,2.9934,0.0
31301,0.0,0.8621,0.0,False,False,5.3826,0.2495,2.8455,-4.6626,-3.1273,-0.4579,-0.0084,-0.0002,-0.0,-0.0026,0.0021,-0.0577,0.4461,-0.0527,0.3954,0.8306,0.802,-0.26,0.01,0.0601,0.0746,-0.0395,-0.0492,0.0359,-0.0497,3.1067,0.0
31401,0.0,0.8454,0.0,False,False,5.504,0.2495,2.8455,-4.6626,-3.1273,-0.4833,-0.0176,0.0003,-0.0004,0.0026,0.0067,-0.0321,0.5363,-0.0358,0.3941,0.834,0.802,-0.26,0.01,0.0625,0.0761,-0.0734,-0.0546,-0.0267,-0.0038,1.9629,0.0
31501,0.0,1.1928,-0.1018,False,False,2.0374,-1.5129,2.0967,-1.7811,-1.5957,0.0454,-0.0627,0.4699,0.4745,1.7811,-0.2019,0.4009,-0.0,-0.2708,0.8083,0.8461,0.802,-0.26,0.01,-0.0036,0.0348,-0.0758,-0.0723,-0.0654,0.0781,-2.9852,0.0
31601,0.0,0.9585,-0.0159,False,False,3.1339,0.2493,3.0484,-3.9281,-3.1388,1.3318,-0.0073,-0.0008,-0.0165,-0.0917,0.0307,-0.1584,0.3567,-0.065,0.698,0.8109,0.802,-0.26,0.01,0.0775,0.0528,0.0426,-0.0348,0.0226,0.0174,1.5507,0.0
31701,0.0,0.9566,0.0,False,False,3.1436,0.2491,3.0315,-4.0246,-3.1272,1.0509,-0.002,-0.0001,-0.0028,-0.013,0.0105,-0.0247,0.1908,-0.0673,0.6888,0.8113,0.802,-0.26,0.01,0.0225,0.0366,-0.0707,-0.0763,-0.0752,0.058,-0.5513,0.0
31801,0.0,1.01,0.0,False,False,3.2064,0.2495,2.8455,-4.6628,-3.1282,-0.3781,0.0026,0.0009,-0.0108,-0.0326,-0.0005,-0.0547,0.2016,-0.1255,0.6889,0.8166,0.802,-0.26,0.01,0.0287,0.0689,0.0607,0.0229,0.0666,-0.0119,-2.8554,0.0
31901,0.0,1.0071,0.0,False,False,3.2591,0.2495,2.8455,-4.6626,-3.1275,-0.4202,-0.0079,0.0005,-0.0002,0.0015,0.0057,-0.0514,0.2943,-0.1244,0.6838,0.8204,0.802,-0.26,0.01,0.0467,0.0365,-0.0127,0.0491,-0.009,0.0213,-1.4346,0.0
32001,0.0,1.2009,-0.1004,False,False,2.0542,-1.5392,2.1099,-1.7852,-1.619,0.0474,0.1711,0.1952,0.5373,2.0286,-0.1619,0.3811,-0.0,-0.2747,0.8191,0.8437,0.802,-0.26,0.01,0.0366,-0.0128,-0.058,-0.0777,-0.067,0.0736,-2.9777,0.0
32101,0.0,1.1024,0.0,False,False,6.217,-3.3932,3.1372,-0.0858,-0.6606,4.7636,-0.0033,-0.0009,0.0085,0.0212,0.0228,0.0162,0.003,-0.0933,0.9331,0.7969,0.802,-0.26,0.01,0.0792,0.0587,0.0657,-0.0731,0.0752,-0.0726,-2.8653,0.0
32201,0.0,1.1024,0.0,False,False,6.2171,-3.3932,3.1372,-0.0859,-0.6604,4.7637,-0.0056,-0.0,0.0116,0.0303,0.0264,0.0245,0.0031,-0.0933,0.9332,0.7969,0.802,-0.26,0.01,0.0756,0.0409,0.0658,-0.0775,0.073,0.0487,-1.8182,0.0
32301,0.0,1.1024,0.0,False,False,6.2171,-3.3932,3.1372,-0.0859,-0.6605,4.7637,-0.004,-0.0004,0.0084,0.0328,0.0241,0.0092,0.0031,-0.0933,0.9332,0.7969,0.802,-0.26,0.01,0.0783,0.0274,0.0662,-0.0718,0.072,0.055,-3.0053,0.0
32401,0.0,1.1024,0.0,False,False,6.2171,-3.3932,3.1372,-0.0859,-0.6604,4.7637,0.0068,-0.0013,0.0001,-0.0004,0.0038,0.0087,0.0031,-0.0933,0.9332,0.7969,0.802,-0.26,0.01,0.0782,0.0653,0.0689,-0.0785,0.0776,0.0666,-2.2726,0.0
32501,0.0,1.2219,-0.1253,False,False,2.0593,-1.4994,2.1442,-1.8891,-1.5985,0.0394,0.1594,0.6298,0.9892,1.664,0.2909,0.2762,-0.0,-0.2915,0.834,0.8261,0.802,-0.26,0.01,0.0462,0.0655,0.0571,-0.0755,-0.0193,0.0575,-2.468,0.0
32601,0.0,0.929,0.0,False,False,4.553,-0.9953,2.8088,-1.8284,-2.5924,1.8528,0.0044,0.0004,-0.0105,0.0318,0.0171,0.0115,0.3833,-0.0767,0.591,0.8075,0.802,-0.26,0.01,0.0189,0.0608,0.0772,0.0572,0.0033,-0.0619,1.8167,0.0
32701,0.0,0.9482,0.0,False,False,4.8674,0.2491,3.0371,-3.9944,-3.126,0.9908,0.0003,0.0007,0.003,0.0153,-0.0026,0.0713,0.4218,-0.1272,0.4773,0.8115,0.802,-0.26,0.01,0.0227,-0.0334,-0.0299,-0.0602,-0.0046,0.0129,3.0724,0.0
32801,0.0,0.9415,0.0,False,False,4.8488,0.2495,2.8455,-4.6626,-3.1272,-0.4505,-0.0919,-0.0002,0.0,-0.0013,0.0016,-0.0051,0.4019,-0.1268,0.4394,0.8284,0.802,-0.26,0.01,-0.0798,0.0768,-0.0571,0.0359,0.0772,0.0026,3.1004,0.0
32901,0.0,0.9395,0.0,False,False,4.8525,0.2495,2.8455,-4.6626,-3.1273,-0.4601,-0.0035,0.0001,0.0007,0.0022,-0.0004,-0.0007,0.431,-0.1243,0.442,0.8301,0.802,-0.26,0.01,0.0693,0.0631,-0.0659,-0.0547,0.0432,-0.0775,1.7326,0.0
33001,0.0,1.1981,-0.3338,False,False,2.0723,-1.5216,2.1458,-1.8757,-1.6417,0.0336,0.31,-0.1139,1.1377,-3.1655,-1.1594,-2.0844,-0.0549,-0.2739,0.8153,0.8328,0.802,-0.26,0.01,0.0739,0.0253,0.0474,-0.0619,-0.0655,0.0373,-2.8779,0.0
33101,0.0,0.9764,0.0001,False,False,3.4352,0.2492,3.0405,-3.9759,-3.1307,1.1273,0.0001,0.0009,-0.0038,-0.014,-0.0,-0.0437,0.2326,-0.0989,0.6658,0.8107,0.802,-0.26,0.01,0.0025,-0.0036,0.0305,0.0528,-0.0745,-0.0673,0.6838,0.0
33201,0.0,1.0223,0.0,False,False,3.4915,0.2487,2.9225,-4.4114,-3.1449,-0.1075,-0.0028,0.0001,-0.0226,-0.077,0.005,-0.1278,0.2571,-0.1535,0.6521,0.8205,0.802,-0.26,0.01,0.0182,0.0373,0.0731,-0.0521,-0.012,0.0191,-1.1857,0.0
33301,0.0,1.024,0.0,False,False,3.5621,0.2488,2.9173,-4.4303,-3.1424,-0.1294,0.0001,0.0011,-0.0179,-0.0611,0.0065,-0.0849,0.2623,-0.1594,0.6411,0.8207,0.802,-0.26,0.01,-0.0109,0.0457,0.0517,-0.0118,0.0534,0.067,-2.1275,0.0
33401,0.0,1.0218,0.0,False,False,3.703,0.2495,2.8455,-4.6626,-3.1272,-0.4453,-0.0088,0.0007,0.0005,-0.0005,0.0032,-0.0251,0.3465,-0.1645,0.6198,0.8234,0.802,-0.26,0.01,-0.0539,0.0669,-0.0229,-0.0219,-0.0251,-0.0042,-2.6994,0.0
33501,0.0,1.2028,-0.218,False,False,2.0746,-1.5237,2.1516,-1.9022,-1.6503,0.0175,0.3724,-0.153,1.1391,-2.9167,-0.5629,0.5722,-0.0523,-0.276,0.8218,0.832,0.802,-0.26,0.01,0.0784,0.0259,0.0606,-0.0545,-0.0678,0.0189,-2.5268,0.0
33601,0.0,0.9798,-0.0004,False,False,3.4179,0.2492,3.0439,-3.9551,-3.1294,0.9447,-0.002,0.001,0.0009,0.0049,0.0033,0.0304,0.1384,-0.1028,0.6651,0.8157,0.802,-0.26,0.01,0.0445,0.0346,-0.0121,0.0671,-0.0091,0.0249,-2.4518,0.0
33701,0.0,1.0069,0.0,False,False,3.4262,0.2487,2.974,-4.2544,-3.1301,0.0868,-0.0,-0.0003,-0.0651,-0.2155,-0.0009,-0.2733,0.3376,-0.1312,0.6667,0.8214,0.802,-0.26,0.01,0.0395,-0.0163,-0.0191,-0.0295,0.0683,0.0645,2.0294,0.0
33801,0.0,1.0029,0.0,False,False,3.5257,0.2495,2.8455,-4.6626,-3.1273,-0.4581,0.0506,0.0001,-0.002,-0.006,0.0005,0.0575,0.4262,-0.1353,0.6447,0.8299,0.802,-0.26,0.01,0.0463,-0.023,-0.0721,0.038,-0.0446,-0.0296,2.3125,0.0
33901,0.0,1.0098,0.0,False,False,3.5574,0.2495,2.8455,-4.6626,-3.1272,-0.453,-0.0043,0.0005,-0.0,-0.0011,0.0017,-0.0201,0.3932,-0.1436,0.6423,0.8276,0.802,-0.26,0.01,0.0218,-0.0364,-0.0042,0.025,-0.003,-0.0266,-2.538,0.0
34001,0.0,1.1903,-0.1194,False,False,2.0688,-1.5593,2.163,-1.8486,-1.6367,0.0122,0.375,0.0243,1.056,2.3352,-0.0951,0.0318,0.0,-0.2695,0.8064,0.8362,0.802,-0.26,0.01,0.0748,-0.0415,0.0716,-0.0285,-0.0625,0.0061,-3.0494,0.0
34101,0.0,0.9788,0.0,False,False,4.137,0.2499,3.0884,-3.6424,-3.1044,1.5055,0.2404,-0.0001,-0.0072,-0.0831,-0.0107,-0.3178,0.4142,-0.1225,0.6112,0.8081,0.802,-0.26,0.01,0.0448,-0.056,0.066,0.0644,0.0422,-0.0712,2.2518,0.0
34201,0.0,0.9818,0.0,False,False,4.1679,0.2499,3.0859,-3.6714,-3.1065,1.4465,0.0131,-0.0001,-0.0041,-0.0507,0.004,-0.067,0.337,-0.129,0.6011,0.8099,0.802,-0.26,0.01,-0.0389,-0.0609,-0.0142,-0.0788,-0.0392,0.0185,-0.0045,0.0
34301,0.0,0.9899,0.0,False,False,4.2282,0.2493,3.0498,-3.9172,-3.1332,0.6007,0.0006,-0.0,-0.001,-0.0076,0.0016,-0.0193,0.3267,-0.148,0.566,0.826,0.802,-0.26,0.01,0.0617,0.0545,0.0445,0.0765,-0.0576,-0.0469,1.7534,0.0
34401,0.0,0.9924,0.0,False,False,4.2315,0.2492,3.045,-3.948,-3.1293,0.5198,0.0025,0.0024,-0.0014,-0.0089,0.0013,-0.0297,0.277,-0.1524,0.5595,0.8246,0.802,-0.26,0.01,-0.0592,0.0333,0.0237,-0.0658,-0.0474,-0.0034,-2.6227,0.0
34501,0.0,1.1906,-0.1316,False,False,2.0703,-1.5564,2.1593,-1.8381,-1.6438,-0.0173,0.3812,0.0512,1.0339,2.3972,-0.1272,-0.242,-0.0,-0.2693,0.8076,0.8357,0.802,-0.26,0.01,0.0768,-0.0367,0.0664,-0.0068,-0.0758,-0.0448,-2.7161,0.0
34601,0.0,1.0277,0.0,False,False,3.6665,0.2488,2.9179,-4.4281,-3.1426,-0.1248,0.047,0.0024,-0.0788,-0.2851,0.0481,-0.5183,0.2584,-0.1697,0.6235,0.8199,0.802,-0.26,0.01,0.055,0.0445,0.0108,-0.0493,0.0416,0.0404,-1.9085,0.0
34701,0.0,1.0149,0.0,False,False,3.7201,0.2495,2.8455,-4.6626,-3.1272,-0.4516,0.0013,-0.0004,-0.0035,-0.0088,0.0027,-0.0507,0.3873,-0.1578,0.6178,0.827,0.802,-0.26,0.01,0.0524,-0.0025,-0.0626,-0.037,0.0387,0.0235,-1.3824,0.0
34801,0.0,1.0206,0.0,False,False,3.6305,0.2495,2.8455,-4.6626,-3.1271,-0.4451,-0.0052,0.0023,-0.0007,0.0102,-0.0147,0.0152,0.3454,-0.1591,0.6316,0.8234,0.802,-0.26,0.01,-0.0669,0.0458,-0.0584,0.0052,-0.0364,-0.0352,1.2032,0.0
34901,0.0,1.0182,0.0002,False,False,3.5796,0.2495,2.8455,-4.6626,-3.1271,-0.444,-0.0013,0.0017,-0.0006,0.0014,0.007,0.0087,0.3448,-0.1537,0.6395,0.8238,0.802,-0.26,0.01,-0.0018,0.0422,0.0179,0.0508,-0.0538,-0.0321,2.6185,0.0
35001,0.0,1.1969,-0.1203,False,False,2.0703,-1.5497,2.1623,-1.8633,-1.64,0.0036,0.3672,0.1196,1.0659,2.1906,-0.0628,-0.0542,-0.0,-0.2733,0.8138,0.8327,0.802,-0.26,0.01,0.0758,-0.0244,0.074,-0.0469,-0.0689,-0.009,-3.0954,0.0
35101,0.0,1.0187,0.0,False,False,3.4999,0.2488,2.9149,-4.44,-3.1407,-0.1655,0.0591,0.0035,-0.138,-0.498,0.0757,-0.5497,0.3168,-0.1495,0.6523,0.8228,0.802,-0.26,0.01,0.0459,0.0517,-0.0524,0.01,-0.0329,0.0685,-2.2984,0.0
35201,0.0,1.016,0.0,False,False,3.5044,0.2495,2.8455,-4.6625,-3.1271,-0.4418,0.0096,0.0002,-0.0004,-0.0012,0.0005,0.0462,0.3402,-0.1472,0.6508,0.8234,0.802,-0.26,0.01,0.0591,0.051,0.0174,0.0394,-0.0152,-0.0614,2.1339,0.0
35301,0.0,1.0054,0.0,False,False,3.5417,0.2495,2.8455,-4.6626,-3.1272,-0.4532,0.008,0.0,-0.001,0.0005,0.0131,-0.0442,0.4119,-0.1385,0.6431,0.829,0.802,-0.26,0.01,0.0654,0.0602,0.05,-0.0287,0.0182,-0.0259,1.7458,0.0
35401,0.0,1.0073,0.0,False,False,3.6424,0.2495,2.8455,-4.6626,-3.1273,-0.4591,0.0023,0.0004,-0.0011,-0.0002,-0.0006,-0.0036,0.4254,-0.1458,0.6285,0.8298,0.802,-0.26,0.01,-0.0426,0.026,-0.0567,-0.0034,-0.04,-0.0118,0.859,0.0
35501,0.0,1.1875,-0.1162,False,False,2.0707,-1.5616,2.1665,-1.8667,-1.6466,0.0121,0.3929,-0.0019,1.0683,2.2133,-0.157,0.0187,-0.0,-0.2667,0.8055,0.8391,0.802,-0.26,0.01,0.0781,-0.0457,0.0746,-0.0704,-0.0791,0.0052,-2.8758,0.0
35601,0.0,0.9909,-0.0005,False,False,3.5825,0.2493,3.0522,-3.9018,-3.1359,0.5092,-0.0007,0.0002,0.0003,0.0023,-0.0025,-0.0068,0.342,-0.1184,0.6553,0.8256,0.802,-0.26,0.01,-0.0145,-0.03,-0.0418,0.0021,-0.0741,-0.0251,0.5663,0.0
35701,0.0,0.9961,0.0,False,False,3.5833,0.2493,3.0517,-3.9041,-3.1362,0.5123,-0.0027,-0.0,0.0024,0.0191,-0.0045,0.0422,0.3101,-0.1243,0.6547,0.823,0.802,-0.26,0.01,0.0199,-0.0211,-0.0626,0.0586,-0.0031,-0.0258,2.0198,0.0
35801,0.0,0.997,0.0,False,False,3.5844,0.2493,3.0516,-3.9049,-3.136,0.5163,-0.001,0.0014,-0.0053,-0.0272,0.0289,0.0368,0.3011,-0.1256,0.6543,0.8223,0.802,-0.26,0.01,0.0176,0.0071,0.008,-0.0052,-0.0435,-0.0404,0.2792,0.0
35901,0.0,0.996,0.0,False,False,3.5852,0.2493,3.0513,-3.9075,-3.1354,0.516,0.0057,0.0007,-0.0093,-0.0149,-0.0394,-0.1159,0.3008,-0.1244,0.6541,0.8228,0.802,-0.26,0.01,-0.0528,0.0521,0.0264,-0.0222,-0.0229,0.0199,-0.7412,0.0
36001,0.0,1.2035,-0.2468,False,False,2.0747,-1.5265,2.1585,-1.9151,-1.6565,-0.0063,0.3293,-0.1812,1.168,-2.9187,-0.3679,1.3155,-0.0542,-0.2758,0.824,0.8302,0.802,-0.26,0.01,0.0794,0.0223,0.076,-0.0539,-0.0793,-0.0262,-3.086,0.0
36101,0.0,1.1375,0.0,False,False,2.7013,-0.5138,2.6455,-3.6992,-3.1266,0.5563,0.1865,0.248,0.189,-0.4369,0.0,0.0,-0.0,-0.2097,0.8078,0.8385,0.802,-0.26,0.01,0.0435,0.0263,0.0733,-0.0778,-0.0524,0.054,-1.1328,0.0
36201,0.0,1.0388,0.0,False,False,3.5253,0.2495,2.8455,-4.6628,-3.1283,0.4431,-0.0008,0.0,0.0,0.0005,-0.0004,0.0026,0.01,-0.1757,0.6397,0.8197,0.802,-0.26,0.01,-0.0008,-0.0323,-0.0416,0.0412,0.0004,0.0586,-2.9887,0.0
36301,0.0,1.0137,0.0,False,False,3.8347,0.2495,2.8455,-4.6631,-3.1296,0.2722,-0.0055,0.0003,-0.002,-0.0055,0.0026,-0.0369,0.2013,-0.1653,0.5926,0.8103,0.802,-0.26,0.01,0.0413,0.0141,0.0343,0.0419,-0.0581,-0.014,-2.4814,0.0
36401,0.0,1.0064,0.0,False,False,3.9608,0.2495,2.8454,-4.6624,-3.1267,0.084,-0.251,-0.0,-0.0,0.0001,-0.0007,-0.0704,0.3659,-0.1619,0.5785,0.8125,0.802,-0.26,0.01,-0.0503,-0.0504,0.0253,0.0691,-0.0238,0.0363,2.1849,0.0
36501,0.0,1.1899,-0.334,False,False,2.0718,-1.542,2.1583,-1.8485,-1.6485,0.0159,0.2946,-0.3738,1.3362,-3.1565,-1.1221,-1.8791,-0.0594,-0.2681,0.8085,0.8337,0.802,-0.26,0.01,0.0777,-0.0092,0.0754,0.027,-0.0766,0.0031,-2.8727,0.0
36601,0.0,0.9659,0.0,False,False,3.6808,0.2501,3.0965,-3.5735,-3.0254,1.2017,0.0013,0.0001,0.0027,-0.0103,0.0518,0.0338,0.0429,-0.0891,0.6621,0.8128,0.802,-0.26,0.01,-0.0185,0.0561,0.0034,0.0423,-0.0698,-0.0512,-2.4591,0.0
36701,0.0,0.9688,0.0,False,False,3.6842,0.25,3.0913,-3.5999,-3.0954,0.9396,-0.0004,0.0029,0.0006,0.0023,-0.0031,-0.0228,0.2247,-0.0942,0.6564,0.8214,0.802,-0.26,0.01,-0.013,0.0312,0.0267,-0.0359,0.066,0.0511,-3.1324,0.0
36801,0.0,0.9724,0.0,False,False,3.7045,0.25,3.0906,-3.612,-3.0967,0.9328,0.0063,0.0012,0.0004,0.0079,-0.0052,-0.0015,0.2036,-0.0995,0.6531,0.8205,0.802,-0.26,0.01,-0.0276,-0.0558,-0.0091,-0.0501,-0.0695,-0.0645,-1.0367,0.0
36901,0.0,0.9783,0.0,False,False,3.6942,0.25,3.0906,-3.6121,-3.0969,0.9413,0.0028,0.0008,-0.0004,-0.0036,-0.0022,-0.0143,0.1568,-0.1063,0.6524,0.8176,0.802,-0.26,0.01,-0.0351,0.0576,0.0561,-0.0533,0.0634,-0.0556,-0.6982,0.0
37001,0.0,1.1879,-0.1237,False,False,2.071,-1.5444,2.1596,-1.8622,-1.6444,-0.0026,0.3607,0.1715,1.0541,2.1703,-0.0753,-0.1266,0.0,-0.2675,0.805,0.8355,0.802,-0.26,0.01,0.076,-0.0151,0.0711,-0.0421,-0.0787,-0.0186,-3.0264,0.0
37101,0.0,0.9889,0.0,False,False,3.9527,0.2501,3.0967,-3.6394,-3.0136,1.685,0.0016,0.0002,-0.0029,0.0513,-0.0496,0.0291,0.1569,-0.125,0.6334,0.813,0.802,-0.26,0.01,-0.0495,0.0526,0.0639,-0.0633,0.0197,-0.0351,0.318,0.0
37201,0.0,0.9785,0.0,False,False,4.0339,0.2498,3.084,-3.6903,-3.1062,1.3774,-0.0099,0.0004,0.0014,0.0123,0.0016,0.0211,0.3997,-0.1192,0.6193,0.8104,0.802,-0.26,0.01,0.0673,0.0265,0.0071,-0.0719,0.0641,-0.0537,0.7827,0.0
37301,0.0,0.9949,0.0,False,False,4.0683,0.2493,3.0518,-3.9034,-3.1339,0.5783,-0.0024,0.0,0.0014,0.0106,-0.0012,0.0322,0.2568,-0.1474,0.5855,0.8245,0.802,-0.26,0.01,0.025,0.0242,-0.0368,0.0113,-0.0163,0.0031,-0.9418,0.0
37401,0.0,0.9937,0.0,False,False,4.0671,0.2493,3.0505,-3.9123,-3.1328,0.557,0.0014,0.0017,-0.0019,-0.0078,-0.0009,0.0057,0.3081,-0.1452,0.5882,0.8263,0.802,-0.26,0.01,-0.0491,0.0018,0.0596,-0.0401,0.0729,-0.0357,1.7728,0.0
37501,0.0,1.1855,-0.132,False,False,2.0714,-1.5498,2.163,-1.8625,-1.6456,-0.0216,0.3774,0.1188,1.0758,2.2122,-0.0951,-0.2981,0.0,-0.2661,0.8021,0.8374,0.802,-0.26,0.01,0.078,-0.0244,0.0763,-0.04,-0.0785,-0.0512,-3.0455,0.0
37601,0.0,1.167,-0.004,False,False,2.5968,-0.6628,2.429,-3.334,-3.1278,0.1266,-0.0004,-0.0018,-0.0078,0.0145,0.0057,-0.0819,0.1119,-0.2228,0.8476,0.8135,0.802,-0.26,0.01,0.0377,0.0654,0.074,-0.042,0.0357,0.0153,-2.2985,0.0
37701,0.0,1.1565,0.0,False,False,2.5991,-0.6581,2.4441,-3.354,-3.1295,0.2831,-0.0017,-0.0042,-0.0128,0.0186,0.0064,-0.0851,0.1615,-0.2144,0.8414,0.8105,0.802,-0.26,0.01,0.0746,0.0631,0.0759,-0.0725,0.013,0.0184,-2.0493,0.0
37801,0.0,1.1586,0.0,False,False,2.6039,-0.6567,2.4484,-3.3599,-3.1295,0.2887,-0.0001,-0.0001,-0.0015,0.0057,0.0183,-0.0928,0.1191,-0.2168,0.8413,0.8113,0.802,-0.26,0.01,0.0514,0.0425,0.0776,-0.0597,0.0288,0.0536,-2.5811,0.0
37901,0.0,1.158,0.0,False,False,2.6244,-0.6497,2.4672,-3.3857,-3.1298,0.3153,0.0006,-0.0009,-0.0031,0.0047,-0.0026,0.0089,0.1244,-0.2186,0.8367,0.8124,0.802,-0.26,0.01,0.0299,0.0409,0.0725,-0.0685,0.0378,0.017,-2.1606,0.0
38001,0.0,1.2003,-0.128,False,False,2.0728,-1.5228,2.1558,-1.8749,-1.6384,-0.0095,0.3402,0.3885,1.0717,2.0165,0.095,-0.185,0.0,-0.2764,0.8158,0.8261,0.802,-0.26,0.01,0.0771,0.0237,0.0766,-0.032,-0.0669,-0.0303,-2.9501,0.0
38101,0.0,1.0038,0.0,False,False,3.7206,0.2498,3.081,-3.7176,-3.0984,4.6957,0.0011,0.0006,-0.0058,0.0031,-0.0561,-0.0958,0.3817,-0.1449,0.6211,0.8257,0.802,-0.26,0.01,-0.0298,0.0413,0.0698,0.0667,0.0421,-0.0253,2.1106,0.0
38201,0.0,1.0051,0.0,False,False,3.757,0.2497,3.0784,-3.7391,-3.1015,4.6754,0.0018,0.0,-0.0023,-0.013,-0.002,-0.0366,0.3505,-0.1483,0.6153,0.8251,0.802,-0.26,0.01,-0.0099,0.0717,0.0379,0.0602,0.0063,-0.0663,2.166,0.0
38301,0.0,1.0079,0.0,False,False,3.7589,0.2497,3.0767,-3.753,-3.1059,4.6381,-0.0003,0.001,-0.0007,-0.0087,0.0051,0.0143,0.3937,-0.1525,0.6117,0.8258,0.802,-0.26,0.01,0.0099,0.0312,0.0174,0.0704,-0.0043,-0.0104,2.7078,0.0
38401,0.0,1.0059,0.0005,False,False,3.754,0.2497,3.0776,-3.7459,-3.1022,4.6724,-0.0023,0.0002,0.0002,0.0022,0.0005,0.0014,0.3645,-0.1494,0.6147,0.8256,0.802,-0.26,0.01,0.0255,0.0702,-0.0202,0.0792,-0.0536,0.02,1.9215,0.0
38501,0.0,1.1805,-0.1523,False,False,2.0681,-1.5717,2.1665,-1.826,-1.6444,0.0383,0.3915,-0.0952,1.0894,2.5699,-0.2368,0.2638,0.0,-0.262,0.7989,0.8397,0.802,-0.26,0.01,0.0753,-0.063,0.0782,0.0213,-0.0781,0.0482,-2.4817,0.0
38601,0.0,1.1164,0.0,False,False,6.1074,-3.3932,3.111,0.0986,-1.9032,4.5969,0.0039,-0.0,-0.2036,-0.0362,0.3774,-0.2323,0.5112,-0.2658,0.6159,0.7975,0.802,-0.26,0.01,-0.0641,-0.0782,-0.0799,0.0654,0.0799,-0.0596,2.6444,0.0
38701,0.0,1.1632,0.0,False,False,6.1074,-3.3932,3.1414,0.0783,-1.1214,5.1274,0.0005,0.0001,-0.02,0.0011,0.1127,0.3154,0.7001,-0.2379,0.8108,0.8084,0.802,-0.26,0.01,-0.0045,-0.0791,-0.079,0.0717,0.0756,0.0279,1.4182,0.0
38801,0.0,1.154,0.0,False,False,6.1075,-3.3932,3.1397,0.0459,-0.9261,5.143,-0.0108,-0.0001,0.0099,0.0174,0.0648,0.0788,0.6987,-0.2044,0.8546,0.8061,0.802,-0.26,0.01,0.0539,-0.0797,-0.0789,0.0361,0.079,0.0652,-2.0561,0.0
38901,0.0,1.1259,0.0,False,False,6.1076,-3.3932,3.0872,-0.0729,-0.828,5.1736,-0.0092,0.0003,-0.2068,-0.2212,-0.2291,0.1654,0.6985,-0.1664,0.8643,0.7992,0.802,-0.26,0.01,0.0713,-0.0799,-0.0789,-0.0376,0.0753,0.0597,-2.1957,0.0
39001,0.0,1.1795,-0.1448,False,False,2.0684,-1.5684,2.1657,-1.8271,-1.6449,0.0382,0.3865,-0.0623,1.0811,2.6082,-0.2221,0.2713,-0.0,-0.2615,0.7975,0.8413,0.802,-0.26,0.01,0.0754,-0.0571,0.0783,0.0238,-0.0796,0.0494,-3.0103,0.0
39101,0.0,1.0119,0.0,False,False,3.3636,0.2495,2.8455,-4.6632,-3.1299,0.3172,0.0021,0.0,-0.0,-0.0028,0.0037,-0.0017,0.1214,-0.1382,0.6634,0.8126,0.802,-0.26,0.01,0.0043,-0.0184,0.008,-0.0345,-0.0216,-0.0361,-2.5909,0.0
39201,0.0,1.0009,0.0022,False,False,3.5041,0.2495,2.8455,-4.6627,-3.1277,0.1253,0.0053,0.0005,-0.0024,0.0049,-0.0098,0.0068,0.3727,-0.1327,0.6472,0.8115,0.802,-0.26,0.01,-0.0378,-0.0055,0.0637,-0.0254,-0.074,-0.0212,2.8361,0.0
39301,0.0,1.0096,0.0,False,False,3.5813,0.2495,2.8455,-4.6625,-3.1271,0.0444,0.2052,0.0034,-0.0001,-0.0049,-0.003,-0.1875,0.2343,-0.1471,0.6334,0.8141,0.802,-0.26,0.01,0.0687,0.0282,0.0684,-0.0566,-0.0083,0.0601,-0.6595,0.0
39401,0.0,1.0104,0.0,False,False,3.6224,0.2495,2.8455,-4.6628,-3.127,0.0245,0.0047,0.0,-0.0011,0.014,-0.0165,0.0308,0.2505,-0.15,0.6277,0.8145,0.802,-0.26,0.01,-0.0442,0.0372,0.0416,0.0357,0.0238,0.0518,-1.4691,0.0
39501,0.0,1.1813,-0.1254,False,False,2.0712,-1.5605,2.165,-1.853,-1.647,0.0296,0.3979,0.0108,1.0755,2.3138,-0.1521,0.1686,-0.0,-0.2629,0.7987,0.8414,0.802,-0.26,0.01,0.0793,-0.0436,0.0757,-0.0324,-0.0794,0.0348,-2.9047,0.0
39601,0.0,0.9208,-0.0174,False,False,3.654,0.2503,3.1052,-3.5609,-2.8754,1.3117,-0.0029,0.0003,0.0056,-0.0542,0.095,0.0397,0.1369,-0.0327,0.6782,0.809,0.802,-0.26,0.01,0.0296,0.0281,0.0383,0.0011,-0.0673,0.0132,-2.589,0.0
39701,0.0,0.9149,-0.0031,False,False,3.6683,0.2502,3.1038,-3.5429,-2.8996,1.3011,0.0034,0.0007,0.0021,-0.0228,0.0387,0.0173,0.3002,-0.026,0.6785,0.8121,0.802,-0.26,0.01,-0.0695,0.0572,0.0071,-0.0165,-0.0207,-0.0493,1.0487,0.0
39801,0.0,0.927,-0.002,False,False,3.6638,0.2502,3.1028,-3.5295,-2.9123,1.3072,-0.0013,-0.0002,0.0079,-0.095,0.1317,-0.0227,0.1462,-0.0402,0.6767,0.8117,0.802,-0.26,0.01,0.0243,0.0705,-0.0627,0.0665,0.0606,-0.0258,-2.017,0.0
39901,0.0,0.922,0.0,False,False,3.6583,0.2502,3.1016,-3.5129,-2.9321,1.3052,-0.0055,0.0003,0.0006,-0.0182,0.0287,0.0377,0.2344,-0.0343,0.6775,0.814,0.802,-0.26,0.01,0.0457,-0.0039,0.0217,-0.0686,-0.0461,-0.0698,-0.4546,0.0
40001,0.0,1.1938,-0.2423,False,False,2.0715,-1.5381,2.1589,-1.8662,-1.652,-0.0155,0.135,-0.351,1.2977,-3.1489,-0.8099,-0.5621,-0.0617,-0.2702,0.8132,0.8319,0.802,-0.26,0.01,0.0772,0.0003,0.0784,0.0247,-0.0784,-0.0484,-2.3811,0.0
40101,0.0,0.9665,-0.0002,False,False,3.161,0.2496,3.0704,-3.7989,-3.1192,0.7491,0.0007,-0.0001,0.0005,0.0027,0.0002,-0.0019,0.0833,-0.076,0.6933,0.8133,0.802,-0.26,0.01,-0.0181,0.0493,-0.0658,0.0246,-0.0069,-0.0164,-2.9711,0.0
40201,0.0,0.9506,-0.0022,False,False,3.161,0.2496,3.0682,-3.8129,-3.1205,0.6983,0.0013,0.0001,0.0006,0.0061,-0.001,0.0161,0.2144,-0.0591,0.6915,0.8204,0.802,-0.26,0.01,-0.0321,0.0071,-0.049,0.0556,0.0092,0.0494,-0.7491,0.0
40301,0.0,0.9554,0.0,False,False,3.1605,0.2495,3.0628,-3.8468,-3.1238,0.5861,-0.0013,0.0009,-0.0097,-0.0662,0.0021,-0.1265,0.3222,-0.0619,0.6968,0.822,0.802,-0.26,0.01,0.0092,0.0229,0.0435,0.0565,-0.0271,-0.0368,-1.9246,0.0
40401,0.0,0.9559,0.0,False,False,3.1606,0.2495,3.0624,-3.8482,-3.1256,0.5824,-0.0003,0.0,0.0013,0.0142,-0.0091,-0.0071,0.3217,-0.0624,0.6968,0.8222,0.802,-0.26,0.01,-0.004,0.0428,-0.0094,-0.0561,0.0433,0.0149,-2.4401,0.0
40501,0.0,1.1931,-0.5087,False,False,2.07,-1.5493,2.1617,-1.8496,-1.6463,-0.0038,0.0115,-0.5051,1.508,-3.2184,-3.1632,3.3499,-0.0276,-0.2702,0.8114,0.834,0.802,-0.26,0.01,0.0754,-0.0228,0.0773,0.0002,-0.0791,-0.0391,-2.9,0.0
40601,0.0,1.3624,0.0,False,False,2.4484,-0.685,2.5959,-4.4869,-1.2446,-2.0536,0.0138,-0.0061,-0.0094,0.0134,-0.0748,0.1121,0.699,-0.4887,0.7261,0.8028,0.802,-0.26,0.01,-0.0793,0.0797,-0.0591,-0.0681,0.0793,-0.0407,3.1337,0.0
40701,0.0,1.3627,0.0,False,False,2.4484,-0.685,2.5959,-4.4865,-1.242,-2.0554,0.0133,-0.0058,-0.0089,0.0232,-0.0687,0.145,0.6989,-0.4891,0.7255,0.8028,0.802,-0.26,0.01,-0.0797,0.0793,-0.0551,-0.0757,0.0778,-0.0419,3.096,0.0
40801,0.0,1.3628,0.0,False,False,2.4484,-0.6851,2.5959,-4.486,-1.2399,-2.0566,0.0179,-0.007,-0.0121,0.035,-0.0541,0.1583,0.699,-0.4894,0.725,0.8028,0.802,-0.26,0.01,-0.0796,0.0795,-0.0637,-0.0749,0.0795,-0.0455,3.099,0.0
40901,0.0,1.3629,0.0,False,False,2.4484,-0.6851,2.5958,-4.4858,-1.2389,-2.0574,0.0094,-0.0052,-0.0082,0.0295,-0.0352,0.1837,0.6987,-0.4896,0.7248,0.8029,0.802,-0.26,0.01,-0.0789,0.0789,-0.0474,-0.0754,0.0792,-0.0159,3.0731,0.0
41001,0.0,1.1749,-0.1403,False,False,2.0695,-1.5687,2.1644,-1.8139,-1.6463,0.0152,0.4013,-0.0655,1.082,2.7273,-0.2155,0.0509,0.0,-0.259,0.7921,0.8419,0.802,-0.26,0.01,0.0781,-0.0577,0.0787,0.057,-0.0799,0.0099,-2.1174,0.0
41101,0.0,1.2715,0.0,False,False,1.3417,0.2495,2.8442,-4.6421,0.0149,-2.7577,-0.102,0.0003,-0.0011,0.0046,0.0016,0.1463,0.4442,-0.3697,0.7834,0.8106,0.802,-0.26,0.01,-0.0797,0.0797,-0.0754,-0.0791,0.0795,0.0096,3.1319,0.0
41201,0.0,1.2532,0.0,False,False,1.1397,0.2495,2.8442,-4.6421,0.0152,-2.7209,-0.0912,0.004,-0.0016,-0.0085,0.0047,0.1045,0.428,-0.319,0.8498,0.8117,0.802,-0.26,0.01,-0.0792,0.0799,-0.0664,-0.0753,0.0798,-0.0738,2.1124,0.0
41301,0.0,1.2216,0.0,False,False,0.9297,0.2495,2.8442,-4.6425,0.0176,-2.6919,-0.0897,0.0001,0.0002,-0.0059,0.0358,0.5048,0.4398,-0.2508,0.9093,0.8123,0.802,-0.26,0.01,-0.0793,0.0798,-0.0783,-0.0778,0.0798,-0.0714,2.9224,0.0
41401,0.0,1.2205,0.0,False,False,0.9113,0.2495,2.8442,-4.6428,0.0195,-2.6664,0.0264,0.0033,-0.0013,-0.0061,-0.0048,-0.0325,0.2079,-0.2545,0.9002,0.8216,0.802,-0.26,0.01,-0.0792,0.0797,-0.0784,-0.0785,0.0796,-0.0627,-0.498,0.0
41501,0.0,1.1882,-0.1336,False,False,2.0704,-1.5395,2.1535,-1.8264,-1.6428,0.0408,0.3485,0.2229,1.0401,2.4541,-0.0694,0.2842,-0.0,-0.2673,0.8065,0.8313,0.802,-0.26,0.01,0.0747,-0.0064,0.0681,0.0478,-0.079,0.0546,-2.6562,0.0
41601,0.0,0.9525,0.0,False,False,4.1674,0.2502,3.1023,-3.4807,-2.8966,1.3493,0.2162,-0.0003,-0.0127,0.2277,-0.2369,0.3738,0.411,-0.075,0.6609,0.8153,0.802,-0.26,0.01,0.0377,-0.0564,0.0296,-0.0639,0.0315,-0.0572,2.7708,0.0
41701,0.0,0.9686,0.0,False,False,4.3747,0.2501,3.0987,-3.3993,-2.9482,1.617,-0.0176,0.0,-0.0027,-0.0635,0.1664,0.2178,0.4646,-0.0999,0.6425,0.8123,0.802,-0.26,0.01,0.0543,-0.0106,0.0653,0.0436,0.0635,0.0715,2.9043,0.0
41801,0.0,0.9771,0.0,False,False,4.5338,0.2501,3.0981,-3.4196,-3.0085,1.6056,-0.0023,-0.0,-0.0016,-0.0161,-0.0231,-0.1545,0.4468,-0.1217,0.6078,0.8121,0.802,-0.26,0.01,0.0591,0.0467,0.0478,-0.0665,0.0607,-0.0575,2.6774,0.0
41901,0.0,0.9764,0.0,False,False,4.6733,0.2501,3.0964,-3.459,-3.0836,1.5375,0.0037,0.0001,-0.0001,-0.005,0.0158,0.0592,0.4447,-0.1341,0.5666,0.8135,0.802,-0.26,0.01,-0.0372,0.0378,0.0757,-0.0264,-0.0769,-0.0777,2.9885,0.0
42001,0.0,1.1765,-0.1632,False,False,2.0687,-1.5763,2.1663,-1.811,-1.6463,0.0432,0.4092,-0.141,1.0811,2.7654,-0.2577,0.315,0.0,-0.2594,0.7948,0.8416,0.802,-0.26,0.01,0.0777,-0.0712,0.0783,0.0525,-0.0798,0.0564,-2.649,0.0
42101,0.0,0.9052,0.0,False,False,4.2029,-0.9881,2.8191,-1.8428,-2.4062,1.9384,-0.0319,0.0011,-0.0047,0.0098,0.0742,0.0844,0.151,-0.0345,0.6351,0.8146,0.802,-0.26,0.01,0.0583,0.0153,0.011,0.0787,-0.0777,-0.0483,-0.0521,0.0
42201,0.0,0.9688,0.0,False,False,4.6232,0.2491,3.0388,-3.9851,-3.1255,0.9821,-0.0225,0.0031,-0.0105,-0.0403,0.0019,-0.339,0.3612,-0.1418,0.5076,0.8124,0.802,-0.26,0.01,-0.0439,0.0465,0.0685,0.0656,-0.0612,0.0478,2.3196,0.0
42301,0.0,0.9685,0.0,False,False,4.6226,0.2488,3.0052,-4.1421,-3.1238,0.4409,-0.0009,-0.0,-0.0012,0.0026,-0.0055,0.0046,0.3537,-0.1442,0.4942,0.8221,0.802,-0.26,0.01,0.0206,0.025,0.0445,0.024,-0.0457,-0.0203,2.9502,0.0
42401,0.0,0.9533,0.0,False,False,4.7241,0.2495,2.8455,-4.6626,-3.1272,-0.5138,-0.0004,0.0002,-0.0012,0.0063,-0.0018,0.0084,0.6469,-0.133,0.4693,0.8382,0.802,-0.26,0.01,-0.0778,0.0776,-0.0711,-0.0732,0.0661,0.0216,2.9362,0.0
42501,0.0,1.1809,-0.1539,False,False,2.0676,-1.5726,2.1672,-1.8368,-1.6448,0.0491,0.3854,-0.1058,1.0735,2.5111,-0.2482,0.3703,-0.0,-0.2621,0.7997,0.8413,0.802,-0.26,0.01,0.0741,-0.0647,0.0761,-0.0107,-0.0798,0.0677,-2.9322,0.0
42601,0.0,1.0284,-0.0006,False,False,3.2928,0.2495,2.8455,-4.6629,-3.1285,0.4354,-0.0076,0.0007,-0.0001,-0.0003,0.0018,0.0024,0.0,-0.1502,0.6773,0.8197,0.802,-0.26,0.01,0.0173,-0.0492,0.0047,-0.0408,-0.0069,0.0508,-2.9363,0.0
42701,0.0,1.0096,-0.0016,False,False,3.7315,0.2495,2.8455,-4.6631,-3.1296,0.2354,-0.0341,-0.0003,0.0095,0.0363,-0.0052,-0.0609,0.3131,-0.1545,0.6126,0.8096,0.802,-0.26,0.01,0.0623,0.0413,0.0709,0.0293,-0.0383,0.0238,-1.0078,0.0
42801,0.0,1.0047,0.0,False,False,3.9858,0.2495,2.8454,-4.6624,-3.1266,0.0724,0.0027,0.0004,-0.0001,0.0011,-0.0008,0.0095,0.4019,-0.1609,0.5759,0.8127,0.802,-0.26,0.01,0.0122,0.029,0.0588,0.0664,-0.0442,0.0164,1.7991,0.0
42901,0.0,1.0031,0.0,False,False,4.1054,0.2495,2.8454,-4.6624,-3.1265,0.0807,-0.0068,-0.0001,0.0,-0.0024,0.0016,-0.0208,0.3582,-0.1653,0.5546,0.8126,0.802,-0.26,0.01,0.0329,0.0161,0.0478,-0.0107,-0.0087,0.0357,2.7389,0.0
43001,0.0,1.1854,-0.1524,False,False,2.0701,-1.5729,2.1677,-1.8465,-1.6474,0.0474,0.4124,-0.1131,1.0679,2.4176,-0.2197,0.3441,-0.0,-0.2647,0.8047,0.8399,0.802,-0.26,0.01,0.079,-0.0657,0.0746,-0.0363,-0.0795,0.0628,-2.567,0.0
43101,0.0,1.0897,0.0,False,False,5.7183,-3.3932,3.1341,0.073,-1.3828,4.5643,-0.0093,-0.0005,-0.0023,-0.0188,-0.0708,-0.0927,0.0949,-0.1136,0.8808,0.7957,0.802,-0.26,0.01,0.0395,-0.0586,-0.0553,0.061,0.077,0.0252,-0.1692,0.0
43201,0.0,1.0915,0.0,False,False,5.7183,-3.3932,3.1416,0.0897,-1.3408,4.5466,-0.0028,-0.0005,0.0384,0.063,0.1668,-0.2291,0.1309,-0.1155,0.8811,0.7974,0.802,-0.26,0.01,0.0347,-0.049,-0.0555,0.0662,0.0772,0.0623,0.2254,0.0
43301,0.0,1.0931,0.0,False,False,5.7182,-3.3932,3.1416,0.0906,-1.3466,4.5417,0.0,-0.0,-0.0,0.0074,0.0706,-0.0366,0.1938,-0.12,0.8772,0.7968,0.802,-0.26,0.01,-0.0216,-0.0088,0.0511,-0.0796,0.0492,0.0799,0.1134,0.0
43401,0.0,1.0942,0.0,False,False,5.7181,-3.3932,3.1416,0.0943,-1.3252,4.5439,-0.0012,-0.0006,0.0043,0.048,0.048,0.1327,0.2598,-0.1206,0.8783,0.7966,0.802,-0.26,0.01,0.0054,-0.008,0.0571,-0.0795,0.0696,0.0798,1.4458,0.0
43501,0.0,1.189,-0.1456,False,False,2.0692,-1.5761,2.1701,-1.8529,-1.6444,0.0482,0.4104,-0.1447,1.0801,2.3623,-0.2197,0.3724,0.0,-0.2671,0.8079,0.8408,0.802,-0.26,0.01,0.0778,-0.0712,0.0769,-0.0525,-0.0738,0.0665,-2.8981,0.0
43601,0.0,1.0217,-0.0021,False,False,3.1819,0.2495,2.8455,-4.6628,-3.1281,0.4478,-0.0064,0.0013,-0.0,-0.0005,-0.0025,-0.0267,-0.0,-0.1361,0.6936,0.8202,0.802,-0.26,0.01,0.0326,-0.0296,-0.0451,0.0091,0.0036,0.0441,-2.8072,0.0
43701,0.0,1.0267,0.0,False,False,3.2907,0.2495,2.8455,-4.6629,-3.1286,0.4311,-0.0083,0.0006,-0.0003,0.0001,0.008,0.0008,0.0287,-0.1481,0.6782,0.8188,0.802,-0.26,0.01,0.0296,-0.0138,-0.0349,0.03,0.0317,0.0197,-2.9169,0.0
43801,0.0,1.0132,-0.0024,False,False,3.5327,0.2495,2.8455,-4.6632,-3.1299,0.3196,0.0017,-0.0001,-0.0,0.0,-0.0,0.0145,0.2788,-0.1476,0.6427,0.8097,0.802,-0.26,0.01,0.0624,0.0336,-0.0006,0.0437,0.0127,0.0332,-0.4839,0.0
43901,0.0,1.0059,0.0,False,False,3.8143,0.2495,2.8454,-4.6624,-3.1266,0.076,0.0002,0.0003,0.0006,0.0028,0.0,0.0293,0.4119,-0.1536,0.6033,0.8125,0.802,-0.26,0.01,0.0097,0.0038,0.0107,-0.0517,0.0435,0.0458,1.8304,0.0
44001,0.0,1.1871,-0.1442,False,False,2.0685,-1.5689,2.1696,-1.8642,-1.6454,0.0555,0.3848,-0.0708,1.0905,2.2218,-0.2223,0.4245,0.0,-0.2657,0.8065,0.8393,0.802,-0.26,0.01,0.0747,-0.0582,0.078,-0.0698,-0.08,0.0784,-3.0739,0.0
44101,0.0,0.8719,-0.0048,False,False,4.2319,-1.0344,2.7227,-1.703,-2.3058,1.1647,-0.0172,0.0009,-0.0029,0.0067,0.0481,0.0193,0.2895,-0.0105,0.6045,0.8242,0.802,-0.26,0.01,0.0542,0.0672,0.0193,0.0574,-0.0797,-0.0308,-1.8524,0.0
44201,0.0,0.8699,-0.007,False,False,4.2319,-1.0344,2.7227,-1.703,-2.3058,1.1647,-0.0112,-0.0,-0.002,0.0065,0.0526,0.0924,0.3172,-0.008,0.6053,0.8253,0.802,-0.26,0.01,0.0345,0.0666,0.0281,0.0696,-0.0793,0.0083,2.0628,0.0
44301,0.0,0.8695,0.0,False,False,4.2319,-1.0344,2.7227,-1.703,-2.3058,1.1646,-0.0163,0.0001,-0.0042,0.0087,0.0555,0.0977,0.3124,-0.0077,0.605,0.8254,0.802,-0.26,0.01,0.047,0.0685,0.0252,0.0701,-0.0779,-0.0111,1.8438,0.0
44401,0.0,0.8643,0.0,False,False,4.2319,-1.0344,2.7227,-1.703,-2.3058,1.1646,-0.0125,0.0113,-0.0038,-0.0071,0.0188,0.0253,0.3836,-0.002,0.6049,0.8277,0.802,-0.26,0.01,0.0018,0.0659,0.027,0.0751,-0.0786,-0.0537,2.534,0.0
44501,0.0,1.1875,-0.1489,False,False,2.069,-1.5743,2.1661,-1.8552,-1.6462,0.0543,0.4001,-0.1309,1.0306,2.2893,-0.2344,0.417,0.0,-0.2658,0.8069,0.8417,0.802,-0.26,0.01,0.076,-0.0688,0.0651,-0.0769,-0.0793,0.076,-2.9364,0.0
44601,0.0,0.7539,-0.0038,False,False,3.5423,-0.9469,2.8626,-1.9292,-2.1741,1.5181,0.0018,-0.0022,-0.0025,0.0061,-0.0047,-0.0281,0.328,0.1134,0.5956,0.8169,0.802,-0.26,0.01,-0.008,0.0213,-0.023,0.0095,-0.0147,0.0213,0.5344,0.0
44701,0.0,0.7564,-0.004,False,False,3.5482,-0.9477,2.8619,-1.9279,-2.1729,1.5282,-0.0208,0.0196,0.0012,-0.0182,0.0065,0.0062,0.2926,0.1113,0.5972,0.8165,0.802,-0.26,0.01,0.0279,0.001,-0.0043,0.0552,0.0037,0.0145,0.1644,0.0
44801,0.0,0.7549,-0.0056,False,False,3.5409,-0.9465,2.8629,-1.9298,-2.1759,1.5091,0.0022,-0.0029,-0.0027,0.0046,0.0003,-0.0352,0.3144,0.1125,0.5963,0.8171,0.802,-0.26,0.01,0.0072,0.0316,0.0221,0.0545,0.0014,0.0314,-0.0724,0.0
44901,0.0,0.6789,0.0,False,False,3.1183,-0.6957,2.9892,-2.3375,-2.1282,1.4497,0.1108,-0.1671,-0.07,0.3151,-0.0304,-0.1137,0.2431,0.1709,0.5393,0.813,0.802,-0.26,0.01,0.0612,-0.0313,-0.036,-0.0725,-0.0705,-0.0586,-0.7354,0.0
45001,0.0,1.1845,-0.1538,False,False,2.0694,-1.5774,2.1716,-1.8624,-1.646,0.0543,0.4125,-0.1573,1.08,2.3033,-0.2319,0.4096,0.0,-0.2643,0.8031,0.843,0.802,-0.26,0.01,0.0779,-0.0734,0.0774,-0.0773,-0.0764,0.0752,-2.9288,0.0
45101,0.0,0.9354,0.0,False,False,5.8407,-3.3932,3.1416,-0.2096,-0.5233,4.9694,-0.004,-0.0004,-0.0001,-0.0243,-0.0021,0.0684,0.1072,0.125,0.9354,0.794,0.802,-0.26,0.01,0.0438,-0.0738,0.0256,-0.0754,0.0666,0.0748,3.1246,0.0
45201,0.0,0.9355,0.0,False,False,5.8407,-3.3932,3.1416,-0.2096,-0.5233,4.9691,-0.0052,-0.0008,-0.0001,0.0026,-0.0183,-0.017,0.1091,0.1249,0.9355,0.794,0.802,-0.26,0.01,0.0679,-0.076,0.017,-0.0783,0.0764,0.0781,3.0689,0.0
45301,0.0,0.9767,0.0,False,False,5.8408,-3.3932,3.1416,-0.1209,-0.5871,4.8137,-0.0046,-0.0005,-0.0016,0.0123,-0.0195,-0.0245,0.1743,0.0796,0.9473,0.7958,0.802,-0.26,0.01,0.0577,-0.0676,0.0697,-0.0781,0.0793,0.0789,2.609,0.0
45401,0.0,1.0117,0.0,False,False,5.841,-3.3932,3.1416,-0.0499,-0.6478,4.7102,-0.0023,0.0001,-0.0337,0.0222,-0.01,-0.2337,0.23,0.0349,0.9496,0.7965,0.802,-0.26,0.01,0.0661,-0.0738,-0.0769,0.0688,0.0758,-0.0706,2.9719,0.0
45501,0.0,1.2092,-0.125,False,False,2.0659,-1.5505,2.1629,-1.8719,-1.6391,0.0529,0.3175,0.1144,1.0559,2.1093,-0.1482,0.4639,-0.0,-0.2788,0.8305,0.8338,0.802,-0.26,0.01,0.0663,-0.0256,0.0716,-0.0762,-0.0778,0.0771,-2.7072,0.0
45601,0.0,1.0102,-0.0165,False,False,3.5498,0.2495,2.8454,-4.6624,-3.1266,0.0725,0.1595,0.0047,-0.005,-0.0204,-0.003,-0.1335,0.1989,-0.1464,0.6371,0.8135,0.802,-0.26,0.01,0.0487,-0.0175,0.0112,-0.0255,-0.0426,0.0384,-1.2118,0.0
45701,0.0,1.0065,-0.0006,False,False,3.7,0.2495,2.8455,-4.6626,-3.1273,0.0036,0.0011,-0.0002,-0.0002,-0.0025,0.003,0.0091,0.3712,-0.1487,0.6195,0.8151,0.802,-0.26,0.01,-0.0153,0.0244,-0.0094,0.0183,-0.0329,0.0535,1.2506,0.0
45801,0.0,1.0059,0.0,False,False,3.7681,0.2495,2.8455,-4.6625,-3.1271,-0.0536,-0.0001,0.0002,-0.0055,-0.0116,0.0027,-0.0188,0.4083,-0.1512,0.6103,0.8169,0.802,-0.26,0.01,0.0166,0.0697,0.042,-0.0323,0.0122,0.0423,2.7924,0.0
45901,0.0,1.0059,0.0,False,False,3.7777,0.2495,2.8455,-4.6626,-3.1273,-0.0652,-0.0001,-0.0003,-0.0009,-0.0023,0.0002,-0.0071,0.4111,-0.1516,0.6089,0.8173,0.802,-0.26,0.01,0.0118,0.0161,-0.0345,-0.0151,-0.0516,0.0204,2.1449,0.0
46001,0.0,1.1843,-0.1539,False,False,2.0696,-1.5777,2.1694,-1.8571,-1.6473,0.0561,0.4154,-0.1635,1.0576,2.3253,-0.2412,0.4295,0.0,-0.264,0.8033,0.8435,0.802,-0.26,0.01,0.0783,-0.0745,0.072,-0.0739,-0.0787,0.0787,-2.9388,0.0
46101,0.0,1.151,0.0,False,False,6.2317,-3.3932,3.0894,-0.0242,-0.9362,4.7037,-0.0,-0.0001,-0.1795,0.0059,0.0964,-0.6095,0.2146,-0.1768,0.8955,0.7957,0.802,-0.26,0.01,0.0643,-0.0772,-0.0755,0.0743,0.068,-0.0387,2.7976,0.0
46201,0.0,1.15,0.0,False,False,6.2306,-3.3932,3.0835,0.004,-0.8177,4.7658,0.0008,0.0003,-0.1999,-0.1237,-0.0638,-0.4371,0.3239,-0.1839,0.8819,0.8003,0.802,-0.26,0.01,0.0519,-0.0765,-0.0783,0.0676,0.076,-0.0056,2.6646,0.0
46301,0.0,1.1384,0.0,False,False,6.2301,-3.393,2.9417,-0.1086,-0.9228,4.9911,-0.014,0.0053,-0.2144,-0.2284,-0.0767,0.2246,0.3578,-0.1928,0.8433,0.8042,0.802,-0.26,0.01,0.049,-0.0793,-0.0755,-0.066,0.0795,-0.061,1.3392,0.0
46401,0.0,1.1364,0.0,False,False,6.2319,-3.3922,2.9165,-0.0952,-1.0091,4.9688,-0.0032,0.0034,-0.1362,0.054,0.0344,-0.5485,0.2725,-0.2017,0.8225,0.8066,0.802,-0.26,0.01,0.0382,-0.0799,-0.079,0.0144,0.074,-0.0205,-0.2278,0.0
46501,0.0,1.1916,-0.1443,False,False,2.0701,-1.5707,2.1639,-1.8539,-1.6466,0.0552,0.4053,-0.0964,1.0186,2.276,-0.2023,0.4292,0.0,-0.2683,0.8115,0.8395,0.802,-0.26,0.01,0.0778,-0.0626,0.0623,-0.0734,-0.0787,0.0768,-3.022,0.0
46601,0.0,1.1526,0.0,False,False,6.231,-3.3932,3.0959,0.0048,-0.8387,4.6879,0.0001,0.0,-0.1921,0.0042,0.0223,0.0779,0.3169,-0.1837,0.8874,0.7982,0.802,-0.26,0.01,0.044,-0.0787,-0.0764,0.0777,0.0718,-0.0501,2.7812,0.0
46701,0.0,1.1321,0.0,False,False,6.2306,-3.3932,3.1081,-0.1394,-0.6355,5.2761,-0.0021,0.0008,-0.2055,-0.4081,-0.4173,-0.4874,0.6675,-0.1617,0.8841,0.8004,0.802,-0.26,0.01,0.0482,-0.0798,-0.0759,-0.0702,0.078,-0.0769,1.6398,0.0
46801,0.0,1.131,0.0,False,False,6.2303,-3.3932,3.1065,-0.1461,-0.6504,5.2544,0.003,-0.002,-0.1646,-0.1427,-0.1946,0.6044,0.6988,-0.164,0.8782,0.7986,0.802,-0.26,0.01,0.04,-0.0799,-0.0724,-0.0676,0.0793,-0.0695,-0.3479,0.0
46901,0.0,1.137,0.0,False,False,6.23,-3.3932,3.1183,-0.1099,-0.6494,5.2269,0.0019,-0.0039,-0.1996,-0.2727,-0.2925,0.2144,0.689,-0.1696,0.8804,0.7995,0.802,-0.26,0.01,0.0514,-0.0792,-0.0758,-0.0486,0.079,-0.0685,2.2119,0.0
47001,0.0,1.1868,-0.1572,False,False,2.07,-1.5796,2.1709,-1.8595,-1.6485,0.0574,0.4238,-0.1824,1.0737,2.2775,-0.2553,0.4387,-0.0,-0.2652,0.8065,0.842,0.802,-0.26,0.01,0.0794,-0.0778,0.0741,-0.0784,-0.0799,0.0797,-3.0437,0.0
47101,0.0,1.1161,0.0,False,False,6.226,-3.0995,3.1386,-0.3185,-2.0987,4.4239,0.0355,-0.0023,-0.0947,-0.035,0.1892,-0.0588,0.0774,-0.2647,0.6184,0.7941,0.802,-0.26,0.01,0.0793,0.0352,0.0765,-0.0251,0.0053,0.0769,2.944,0.0
47201,0.0,1.1569,0.0,False,False,6.2183,-3.3932,3.1262,0.0533,-1.2495,4.9556,-0.0021,0.0,-0.0114,-0.0493,0.1547,-0.1555,0.6993,-0.2642,0.739,0.7977,0.802,-0.26,0.01,-0.0302,-0.079,-0.0763,0.0083,0.0766,0.0056,-0.4672,0.0
47301,0.0,1.1584,0.0,False,False,6.2183,-3.3932,3.1262,0.0497,-1.2112,4.9627,-0.0015,0.0002,-0.0062,-0.0049,-0.2019,0.0583,0.7002,-0.2615,0.7491,0.7976,0.802,-0.26,0.01,0.022,-0.0794,-0.0763,-0.035,0.0785,-0.0083,0.612,0.0
47401,0.0,1.1569,0.0,False,False,6.2181,-3.3932,3.1028,0.0302,-1.178,4.998,-0.0058,-0.0006,-0.1688,-0.1021,0.0208,0.6714,0.6991,-0.2555,0.7592,0.798,0.802,-0.26,0.01,0.0135,-0.0799,-0.0778,-0.0759,0.0781,0.0242,0.9211,0.0
47501,0.0,1.1826,-0.1548,False,False,2.0701,-1.5802,2.1697,-1.8567,-1.6486,0.0565,0.4243,-0.1891,1.0516,2.329,-0.2533,0.426,0.0,-0.2629,0.8014,0.8456,0.802,-0.26,0.01,0.0794,-0.0789,0.0707,-0.0776,-0.0799,0.0789,-3.1168,0.0
47601,0.0,1.1513,0.0,False,False,6.2191,-3.3932,3.1228,0.0195,-0.8129,4.6498,-0.0006,0.0005,-0.1617,-0.1496,-0.0286,-0.1446,0.3135,-0.1765,0.8967,0.7971,0.802,-0.26,0.01,0.0611,-0.0693,-0.0712,0.0782,0.071,-0.0575,3.0793,0.0
47701,0.0,1.1465,0.0,False,False,6.2186,-3.3932,3.1326,0.0223,-0.654,4.8283,-0.001,-0.0003,-0.2017,0.0328,-0.0184,-0.5075,0.4672,-0.1759,0.8882,0.7994,0.802,-0.26,0.01,0.0455,-0.0533,-0.0777,0.0721,0.0633,-0.0063,3.0235,0.0
47801,0.0,1.1457,0.0,False,False,6.2186,-3.3932,3.1345,0.0104,-0.6613,4.8692,0.0003,-0.0028,-0.1976,0.0457,0.0127,-0.5346,0.4584,-0.1757,0.8872,0.7981,0.802,-0.26,0.01,0.0493,-0.0546,-0.0789,0.0678,0.0666,-0.0364,2.904,0.0
47901,0.0,1.1478,0.0,False,False,6.2184,-3.3932,3.111,0.0038,-0.7145,4.8704,0.0051,-0.0036,-0.1979,0.0789,0.0268,-0.652,0.4644,-0.1845,0.8767,0.7994,0.802,-0.26,0.01,0.0537,-0.0743,-0.0785,0.0712,0.0764,-0.0084,3.101,0.0
48001,0.0,1.1834,-0.1566,False,False,2.0699,-1.5805,2.1709,-1.8576,-1.6485,0.0559,0.4237,-0.1911,1.064,2.3433,-0.2564,0.4261,0.0,-0.2633,0.8025,0.8444,0.802,-0.26,0.01,0.0793,-0.0793,0.0738,-0.0754,-0.0799,0.078,-3.1034,0.0
48101,0.0,1.1442,0.0,False,False,6.2325,-3.3932,3.1197,0.0155,-0.7142,4.6138,0.0134,-0.0192,-0.1988,0.089,0.1263,-0.8439,0.3936,-0.1665,0.8993,0.7998,0.802,-0.26,0.01,0.068,0.0054,-0.079,0.0784,0.0769,-0.0481,2.8564,0.0
48201,0.0,1.1455,0.0,False,False,6.232,-3.3932,3.1262,0.0464,-0.5948,4.682,0.0053,-0.0218,-0.2019,-0.026,0.0662,-0.4709,0.4632,-0.1668,0.901,0.8031,0.802,-0.26,0.01,0.0655,0.0048,-0.0791,0.0624,0.0795,0.0269,2.9539,0.0
48301,0.0,1.1457,0.0,False,False,6.2316,-3.3932,3.0872,-0.0539,-0.7308,5.0944,-0.0001,0.0001,-0.2235,-0.4351,-0.0974,0.8015,0.5121,-0.1852,0.8713,0.8019,0.802,-0.26,0.01,0.0508,-0.0797,-0.0786,-0.0575,0.0762,0.0544,2.9736,0.0
48401,0.0,1.1352,0.0,False,False,6.2309,-3.3916,2.8914,-0.1139,-1.0429,5.1791,0.0094,0.0039,-0.1479,-0.0182,0.1103,0.3204,0.4186,-0.2085,0.8068,0.8123,0.802,-0.26,0.01,0.0021,-0.0792,-0.0793,0.0064,0.0798,0.0571,1.9826,0.0
48501,0.0,1.1936,-0.1537,False,False,2.0683,-1.5807,2.173,-1.8611,-1.6459,0.0565,0.4065,-0.1894,1.084,2.3469,-0.268,0.4866,-0.0,-0.2691,0.8141,0.8416,0.802,-0.26,0.01,0.0761,-0.0791,0.079,-0.0765,-0.0783,0.0798,-3.1334,0.0
48601,0.0,1.0942,0.0,False,False,5.6828,-3.3932,3.1299,0.0622,-1.6573,4.4876,0.0016,-0.0001,0.0103,0.0685,0.0488,-0.0192,0.007,-0.1458,0.8368,0.7966,0.802,-0.26,0.01,0.0367,0.0047,-0.0737,-0.0278,0.075,-0.0003,2.514,0.0
48701,0.0,1.0974,0.0,False,False,5.6836,-3.3932,3.1352,0.0782,-1.6024,4.5051,-0.0026,-0.0004,0.0017,-0.0136,-0.0674,-0.0686,0.1187,-0.1476,0.8401,0.7962,0.802,-0.26,0.01,0.0138,-0.0153,-0.0684,-0.0205,0.0798,-0.0394,1.7176,0.0
48801,0.0,1.0976,0.0,False,False,5.6838,-3.3932,3.1365,0.0818,-1.5896,4.5096,0.0003,0.0002,-0.0107,-0.0322,-0.0764,-0.043,0.1435,-0.1478,0.8401,0.7961,0.802,-0.26,0.01,0.0116,-0.0526,-0.046,0.0128,0.0793,-0.0312,1.3734,0.0
48901,0.0,1.0979,0.0,False,False,5.684,-3.3932,3.1375,0.0846,-1.5791,4.5129,-0.0036,-0.0001,0.0022,-0.0042,-0.0505,-0.041,0.1648,-0.1481,0.8402,0.796,0.802,-0.26,0.01,0.0352,-0.0584,-0.0678,-0.0687,0.0794,0.0179,2.9292,0.0
49001,0.0,1.2021,-0.1472,False,False,2.0656,-1.5774,2.1719,-1.8617,-1.6432,0.055,0.3712,-0.1539,1.0828,2.3042,-0.2862,0.4996,0.0,-0.2739,0.8238,0.8406,0.802,-0.26,0.01,0.0702,-0.0731,0.0778,-0.0769,-0.0793,0.0793,-3.1021,0.0
49101,0.0,1.1063,0.0,False,False,6.202,-3.3932,3.1335,-0.0788,-0.6776,4.8071,-0.0025,-0.0004,-0.1812,0.0387,-0.1018,-0.3767,0.1878,-0.0916,0.9422,0.7945,0.802,-0.26,0.01,0.0645,-0.064,-0.076,0.0603,0.0791,-0.0479,3.0998,0.0
49201,0.0,1.1411,0.0,False,False,6.2014,-3.3932,3.0896,-0.0386,-0.7371,5.0007,-0.0036,0.0007,-0.2129,-0.3239,-0.1508,-0.4307,0.4714,-0.177,0.8763,0.8,0.802,-0.26,0.01,0.0678,-0.0795,-0.0785,-0.031,0.0784,0.0197,2.8098,0.0
49301,0.0,1.1346,0.0,False,False,6.2017,-3.3932,2.947,-0.0947,-0.9819,5.046,0.0416,-0.0174,-0.0957,0.1272,0.1388,0.0841,0.4475,-0.1994,0.8232,0.805,0.802,-0.26,0.01,0.0369,-0.0797,-0.08,0.0266,0.079,0.0348,2.8816,0.0
49401,0.0,1.1346,0.0,False,False,6.2094,-3.3918,2.9025,-0.1031,-1.0302,5.2209,0.0024,0.0032,-0.1427,0.1715,0.0798,0.0132,0.3451,-0.1982,0.8253,0.8104,0.802,-0.26,0.01,0.0454,-0.0795,-0.0783,0.027,0.0792,0.0005,1.782,0.0
49501,0.0,1.1969,-0.1514,False,False,2.0686,-1.5786,2.1725,-1.8629,-1.6459,0.0556,0.4059,-0.1686,1.0835,2.3229,-0.2536,0.4926,-0.0,-0.271,0.8178,0.8398,0.802,-0.26,0.01,0.0765,-0.0754,0.0787,-0.0782,-0.0782,0.078,-3.134,0.0
49601,0.0,1.0739,0.0,False,False,5.5497,-3.1365,3.1373,-0.2378,-1.8481,4.4112,0.1512,0.2219,-0.1421,-0.3523,0.1363,-0.258,0.0007,-0.1362,0.8125,0.7975,0.802,-0.26,0.01,0.0304,0.0781,0.076,-0.0793,0.0782,-0.0583,1.6692,0.0
49701,0.0,1.0801,0.0,False,False,5.5107,-3.3932,3.135,0.068,-1.8577,4.4534,-0.0016,-0.0003,-0.0008,-0.0124,-0.0386,-0.0365,0.1511,-0.1432,0.8127,0.7959,0.802,-0.26,0.01,-0.0121,0.025,-0.0668,0.0195,0.0799,-0.073,2.1049,0.0
49801,0.0,1.0782,0.0,False,False,5.5107,-3.3932,3.1348,0.0683,-1.8548,4.4604,0.0005,-0.0,0.013,0.0174,-0.0196,-0.0927,0.1242,-0.1414,0.8119,0.7959,0.802,-0.26,0.01,-0.0322,-0.035,-0.0614,-0.0236,0.0787,-0.0334,1.2183,0.0
49901,0.0,1.0781,0.0,False,False,5.5109,-3.3932,3.1349,0.0689,-1.8532,4.4617,-0.001,-0.0,0.0072,0.0138,-0.0269,-0.0444,0.1269,-0.1414,0.8118,0.7959,0.802,-0.26,0.01,-0.0038,0.0227,-0.0699,-0.017,0.0796,-0.0383,1.2549,0.0
50001,0.0,1.2017,-0.1475,False,False,2.0657,-1.5782,2.1724,-1.8627,-1.6431,0.0553,0.3734,-0.1618,1.0833,2.3081,-0.286,0.503,-0.0,-0.2737,0.8233,0.8416,0.802,-0.26,0.01,0.0704,-0.0745,0.0783,-0.0793,-0.0786,0.0798,-3.0708,0.0
50101,0.0,0.9952,0.0,False,False,4.943,-3.3932,3.1331,-0.0254,-2.3282,4.2948,0.0025,-0.0006,0.0064,0.017,-0.0027,0.0746,-0.0,-0.0718,0.7664,0.7968,0.802,-0.26,0.01,-0.0015,0.0721,-0.022,-0.0325,0.0741,-0.0785,0.501,0.0
50201,0.0,0.9968,0.0,False,False,4.8985,-3.3932,3.1416,0.0099,-2.3579,4.3373,-0.1556,-0.0001,0.0,0.0069,0.0394,-0.0264,0.0461,-0.0786,0.757,0.7978,0.802,-0.26,0.01,-0.0268,0.079,0.0785,-0.0799,0.0794,-0.0706,-2.6447,0.0
50301,0.0,0.9813,0.0,False,False,4.7217,-3.3932,3.1416,0.0378,-2.3941,4.3952,-0.0007,-0.0,0.0006,0.0205,0.0004,-0.0771,0.0894,-0.0595,0.7597,0.8,0.802,-0.26,0.01,-0.0132,0.0798,0.0795,-0.0784,0.0798,-0.058,-1.0245,0.0
50401,0.0,0.8449,0.0,False,False,3.9431,-3.3932,3.1416,0.0491,-2.2272,4.9109,-0.0023,-0.0009,0.0012,0.0018,-0.0153,0.0066,0.7,0.0886,0.7423,0.8073,0.802,-0.26,0.01,0.0094,0.0573,0.0034,-0.0393,0.078,-0.0799,-2.7775,0.0
50501,0.0,1.1869,-0.1551,False,False,2.0697,-1.5805,2.1724,-1.8616,-1.648,0.0565,0.421,-0.1903,1.0781,2.3264,-0.2564,0.4449,-0.0,-0.2653,0.8065,0.8427,0.802,-0.26,0.01,0.0789,-0.0791,0.0772,-0.0796,-0.0792,0.0799,-3.1306,0.0
50601,0.0,0.9298,0.0,False,False,4.3059,-3.3932,3.1416,0.032,-2.3055,4.8798,-0.3592,-0.0001,0.0005,-0.0129,-0.0451,0.0135,0.7,-0.0062,0.7493,0.8068,0.802,-0.26,0.01,-0.0543,0.0723,0.077,-0.0784,0.0799,-0.0701,-2.9942,0.0
50701,0.0,0.8937,0.0,False,False,4.0942,-3.3932,3.1406,0.0262,-2.3149,4.8616,0.0003,-0.0001,0.0092,0.0219,-0.0016,0.1367,0.6997,0.0324,0.7441,0.8061,0.802,-0.26,0.01,-0.0135,0.024,-0.0228,-0.0422,0.0727,-0.0798,0.3084,0.0
50801,0.0,0.8913,0.0,False,False,4.0837,-3.3932,3.1415,0.0298,-2.3126,4.8745,-0.0001,-0.0006,0.0039,0.0082,0.0014,0.0527,0.6996,0.0357,0.7449,0.8067,0.802,-0.26,0.01,0.0028,0.0648,-0.0296,-0.0582,0.0663,-0.0792,-0.7394,0.0
50901,0.0,0.8914,0.0,False,False,4.1143,-3.3932,3.1347,0.0135,-2.285,4.793,0.0002,0.0003,0.0162,0.0227,-0.1239,0.0387,0.6991,0.0333,0.7412,0.8021,0.802,-0.26,0.01,0.0212,0.0296,0.0067,-0.0483,0.076,-0.0774,-2.2401,0.0
51001,0.0,1.1856,-0.1589,False,False,2.0702,-1.5806,2.1713,-1.8593,-1.6488,0.0577,0.427,-0.192,1.0679,2.3202,-0.2549,0.4392,0.0,-0.2645,0.8052,0.8429,0.802,-0.26,0.01,0.0799,-0.0795,0.0744,-0.0781,-0.0799,0.08,-3.0853,0.0
51101,0.0,0.9989,0.0,False,False,4.9978,-3.3932,3.131,-0.0008,-2.2284,4.3273,0.0271,-0.001,-0.008,-0.052,-0.0078,-0.0501,-0.0001,-0.0654,0.7854,0.7969,0.802,-0.26,0.01,0.0296,0.0642,-0.0031,-0.0549,0.0672,0.022,0.2443,0.0
51201,0.0,1.001,0.0,False,False,5.0131,-3.3932,3.1309,0.0009,-2.2207,4.3299,-0.0033,-0.0008,0.0082,0.019,-0.0059,0.051,-0.0,-0.0675,0.786,0.7969,0.802,-0.26,0.01,0.0332,-0.0427,0.0471,-0.0696,0.0758,0.0649,-1.6217,0.0
51301,0.0,1.0014,0.0,False,False,5.0158,-3.3932,3.1309,0.0013,-2.2192,4.3304,-0.0047,-0.0002,0.0028,-0.0049,-0.0073,0.0232,-0.0,-0.0678,0.7862,0.7969,0.802,-0.26,0.01,0.0451,-0.0404,0.0378,-0.069,0.0697,0.0527,-2.7738,0.0
51401,0.0,1.0016,0.0,False,False,5.0168,-3.3932,3.1309,0.0014,-2.2186,4.3306,-0.0077,0.0,-0.0011,-0.0263,-0.0094,0.0046,-0.0001,-0.068,0.7862,0.7969,0.802,-0.26,0.01,0.0566,0.0033,0.0531,-0.0766,0.0724,0.0453,-2.8055,0.0
51501,0.0,1.2073,-0.1331,False,False,2.0661,-1.5676,2.1681,-1.8639,-1.6415,0.0545,0.356,-0.0577,1.0667,2.2488,-0.227,0.5093,0.0,-0.2773,0.8286,0.8415,0.802,-0.26,0.01,0.0695,-0.056,0.0742,-0.0754,-0.0775,0.0792,-3.0687,0.0
51601,0.0,0.8753,0.0,False,False,3.6296,-3.3932,3.1415,-0.0993,-2.5677,4.64,-0.0009,-0.0006,0.0046,0.0211,-0.007,0.0847,0.6904,0.0287,0.6998,0.8011,0.802,-0.26,0.01,0.0428,-0.0676,0.0763,-0.0797,0.0347,0.0213,-3.1006,0.0
51701,0.0,0.8706,0.0,False,False,3.6107,-3.3932,3.1416,-0.1004,-2.5728,4.6078,-0.0023,-0.0,0.0075,0.0308,-0.0024,0.1738,0.6227,0.0324,0.6969,0.7997,0.802,-0.26,0.01,0.0329,-0.057,0.076,-0.08,0.0617,-0.0395,-3.0538,0.0
51801,0.0,0.8705,0.0,False,False,3.6107,-3.3932,3.1416,-0.1012,-2.5742,4.6009,-0.0076,0.0,0.0065,0.0243,-0.0216,0.0835,0.6124,0.0325,0.6969,0.7993,0.802,-0.26,0.01,0.0546,-0.0319,0.0786,-0.08,-0.0112,0.0333,-3.0895,0.0
51901,0.0,0.8712,0.0,False,False,3.7565,-3.3932,3.1342,-0.0716,-2.4706,4.6224,0.0724,-0.0023,-0.0046,-0.0036,0.0502,-0.0413,0.7001,0.0357,0.7044,0.7976,0.802,-0.26,0.01,0.0677,0.014,0.0786,-0.08,0.0417,-0.0321,-3.003,0.0
52001,0.0,1.185,-0.159,False,False,2.0701,-1.5803,2.1732,-1.8632,-1.6484,0.0572,0.4258,-0.1878,1.0874,2.3232,-0.2505,0.4402,0.0,-0.2642,0.8043,0.8428,0.802,-0.26,0.01,0.0799,-0.0786,0.0795,-0.0792,-0.0792,0.0799,-3.082,0.0
52101,0.0,0.9,0.0,False,False,3.9976,-3.3932,3.1384,-0.0342,-2.4609,4.6806,0.4426,0.0,-0.0086,-0.0639,0.2119,1.2613,0.5785,0.0102,0.7176,0.8,0.802,-0.26,0.01,0.0732,0.0698,0.0769,-0.0799,-0.0579,-0.0445,-2.7785,0.0
52201,0.0,0.9246,0.0,False,False,4.2777,-3.3932,3.1347,-0.0026,-2.3449,4.7183,0.02,-0.0001,-0.0022,-0.0219,0.0081,-0.0302,0.6065,-0.0096,0.7329,0.7995,0.802,-0.26,0.01,0.0761,-0.015,0.064,-0.0799,-0.047,0.0157,-2.115,0.0
52301,0.0,0.9481,0.0,False,False,4.5343,-3.3932,3.1286,0.0133,-2.2015,4.7358,-0.0073,-0.0001,0.0083,0.0171,-0.0077,0.0963,0.6949,-0.0289,0.7465,0.7977,0.802,-0.26,0.01,0.0593,-0.0289,0.0521,-0.0784,-0.023,-0.0641,-1.9616,0.0
52401,0.0,0.9621,0.0,False,False,4.6641,-3.3932,3.1276,0.0248,-2.1328,4.755,-0.0039,-0.002,0.0144,0.0186,-0.0025,0.0831,0.7,-0.0404,0.7547,0.7976,0.802,-0.26,0.01,0.0604,-0.0135,0.0443,-0.0799,-0.05,0.0073,-2.4321,0.0
52501,0.0,1.1885,-0.1606,False,False,2.0699,-1.5803,2.1714,-1.8591,-1.6483,0.0574,0.4238,-0.1889,1.0704,2.3305,-0.2548,0.445,0.0,-0.2662,0.8087,0.8409,0.802,-0.26,0.01,0.0793,-0.0789,0.0751,-0.0765,-0.0797,0.0795,-2.5725,0.0
52601,0.0,1.0222,0.0,False,False,5.2651,-3.3932,3.141,-0.13,-2.5575,4.1669,-0.0015,-0.0001,-0.0018,0.0004,0.0234,0.0231,0.0,-0.1503,0.6617,0.7969,0.802,-0.26,0.01,0.0181,-0.0334,0.0196,-0.033,-0.0793,0.0244,-1.3357,0.0
52701,0.0,1.0268,0.0,False,False,5.323,-3.3932,3.1408,-0.1271,-2.5516,4.177,-0.0025,-0.0006,0.0047,0.0027,0.0048,0.0131,0.0002,-0.1572,0.6563,0.7966,0.802,-0.26,0.01,0.0169,0.0569,0.0334,-0.0516,-0.0768,0.0016,-0.4207,0.0
52801,0.0,1.0271,0.0,False,False,5.3287,-3.3932,3.1408,-0.1273,-2.5518,4.1775,-0.0068,-0.0003,-0.0003,-0.0039,0.0091,-0.0681,0.0,-0.1579,0.6555,0.7966,0.802,-0.26,0.01,0.0492,-0.0337,0.0056,-0.0212,-0.0785,0.0082,-1.8234,0.0
52901,0.0,1.0305,0.0,False,False,5.3758,-3.3932,3.1407,-0.1256,-2.5476,4.1865,0.0847,-0.0025,-0.0129,-0.1121,0.0895,-0.0915,-0.0001,-0.1633,0.6508,0.7964,0.802,-0.26,0.01,0.0491,0.0379,0.0162,-0.0651,-0.0747,0.0037,-0.3753,0.0
53001,0.0,1.2088,-0.129,False,False,2.0653,-1.5664,2.1633,-1.8567,-1.6396,0.0537,0.3457,-0.048,1.0207,2.2381,-0.2191,0.4999,-0.0,-0.2782,0.83,0.8411,0.802,-0.26,0.01,0.0675,-0.0545,0.0627,-0.0766,-0.0755,0.0781,-3.0569,0.0
53101,0.0,1.051,0.0,False,False,5.3928,-3.3932,3.1331,-0.03,-2.3357,4.2967,0.0868,-0.0003,0.0022,-0.086,-0.0481,0.0959,-0.0002,-0.1597,0.714,0.7965,0.802,-0.26,0.01,0.0472,0.0473,0.0108,-0.0628,-0.0778,-0.0136,2.3864,0.0
53201,0.0,1.053,0.0,False,False,5.4107,-3.3932,3.133,-0.0295,-2.3335,4.3,-0.0007,0.0002,0.0026,0.0044,0.0189,0.0724,-0.0,-0.1626,0.7123,0.7964,0.802,-0.26,0.01,0.0143,0.0031,-0.0043,-0.0635,-0.0707,0.0002,-0.2633,0.0
53301,0.0,1.0631,0.0,False,False,5.4902,-3.3932,3.132,-0.0288,-2.322,4.3151,-0.0023,-0.0003,0.0006,0.013,0.0274,0.0148,0.0274,-0.1763,0.7059,0.7958,0.802,-0.26,0.01,0.0436,0.0091,0.0098,-0.0654,-0.0788,-0.0398,1.0396,0.0
53401,0.0,1.0653,0.0,False,False,5.5509,-3.3932,3.133,-0.0241,-2.3184,4.3093,0.0003,-0.0002,0.0074,0.0138,-0.015,-0.1078,0.0114,-0.1839,0.6937,0.7966,0.802,-0.26,0.01,0.03,0.0237,0.0302,-0.0633,-0.066,-0.0,-0.2542,0.0
53501,0.0,1.211,-0.1203,False,False,2.0535,-1.5551,2.1617,-1.8623,-1.623,0.0462,0.1948,0.0784,1.0276,2.1352,-0.2659,0.4489,-0.0,-0.2798,0.8322,0.8375,0.802,-0.26,0.01,0.0415,-0.0333,0.0638,-0.0788,-0.0707,0.0725,-2.986,0.0
53601,0.0,1.1441,0.0,False,False,6.2291,-3.0511,3.1315,-0.3808,-1.0134,4.6234,0.0548,0.1707,-0.0875,-0.2878,-0.0399,-0.0198,0.0006,-0.1803,0.8766,0.7983,0.802,-0.26,0.01,0.0736,0.0671,0.0397,-0.0782,0.08,-0.0798,2.9779,0.0
53701,0.0,1.1557,0.0,False,False,6.233,-3.3932,3.1416,0.0398,-0.879,4.6454,-0.0019,-0.0011,-0.0001,0.0054,-0.0051,-0.0206,0.2284,-0.1903,0.8824,0.796,0.802,-0.26,0.01,0.002,0.0749,0.0533,-0.0799,0.0799,-0.0799,3.1216,0.0
53801,0.0,1.156,0.0,False,False,6.2326,-3.3932,3.1416,0.0406,-0.8761,4.6439,-0.0011,0.0,-0.0,0.003,-0.0159,-0.0221,0.2401,-0.1906,0.8823,0.796,0.802,-0.26,0.01,-0.0042,0.0725,0.0655,-0.08,0.08,-0.0799,3.0845,0.0
53901,0.0,1.1566,0.0,False,False,6.2323,-3.3932,3.1416,0.0426,-0.8618,4.6388,-0.0012,-0.0011,-0.0,0.0056,-0.0392,-0.0534,0.2807,-0.1912,0.8827,0.796,0.802,-0.26,0.01,0.0122,0.0699,0.0676,-0.08,0.08,-0.0799,3.0401,0.0
54001,0.0,1.2007,-0.1427,False,False,2.0684,-1.5755,2.1619,-1.8467,-1.6459,0.0557,0.3961,-0.1457,0.9843,2.2989,-0.2486,0.4832,-0.0,-0.2731,0.822,0.8426,0.802,-0.26,0.01,0.0747,-0.0716,0.0537,-0.078,-0.0799,0.0788,-3.0314,0.0
54101,0.0,1.0963,0.0,False,False,6.2344,-3.0214,3.1416,-0.547,-0.6682,4.7962,0.0217,0.1639,0.0,-0.226,0.0141,0.0407,0.0078,-0.0889,0.9288,0.7985,0.802,-0.26,0.01,0.0648,0.0636,0.0638,-0.0734,0.08,-0.0798,3.0842,0.0
54201,0.0,1.1424,0.0,False,False,6.2332,-3.3932,3.1339,0.0672,-0.5379,4.6288,0.0,-0.0004,-0.1975,0.0422,0.0328,-0.7263,0.4217,-0.1578,0.9093,0.8052,0.802,-0.26,0.01,0.0769,0.0269,-0.0762,0.0796,0.078,-0.0782,2.0027,0.0
54301,0.0,1.1422,0.0,False,False,6.2329,-3.3932,3.132,0.0856,-0.5127,4.583,-0.0011,-0.0005,-0.1977,0.0257,0.0341,-0.5958,0.4452,-0.157,0.9103,0.8069,0.802,-0.26,0.01,0.0735,0.0643,-0.0787,0.0793,0.079,-0.0565,2.8182,0.0
54401,0.0,1.1415,0.0,False,False,6.2326,-3.3932,3.133,0.082,-0.5376,4.585,0.0001,0.0,-0.1979,0.0337,0.0127,-0.6807,0.3245,-0.1545,0.9129,0.8078,0.802,-0.26,0.01,0.0788,0.0302,-0.0768,0.0795,0.0631,-0.0797,-0.0374,0.0
54501,0.0,1.1854,-0.1436,False,False,2.0691,-1.5756,2.1669,-1.855,-1.6344,0.0563,0.4143,-0.1428,1.0372,2.2859,-0.1167,0.4269,-0.0,-0.2665,0.8005,0.8432,0.802,-0.26,0.01,0.0778,-0.071,0.0667,-0.0737,-0.0518,0.0797,-3.1119,0.0
54601,0.0,1.1605,0.0,False,False,6.2286,-3.2463,3.1223,-0.1315,-1.2035,4.5647,0.091,-0.5257,-0.0718,0.4784,0.5406,0.6852,0.0017,-0.2214,0.8371,0.7978,0.802,-0.26,0.01,0.0637,-0.0673,-0.0707,0.0799,0.0114,-0.0691,2.2389,0.0
54701,0.0,1.1702,0.0,False,False,6.2245,-3.3932,3.1311,0.0479,-1.1921,4.5853,-0.0008,-0.0001,-0.0136,-0.038,-0.0655,0.0223,0.0854,-0.2296,0.8425,0.7959,0.802,-0.26,0.01,0.0046,0.0196,-0.0037,0.0626,0.0411,-0.0653,1.8178,0.0
54801,0.0,1.1731,0.0,False,False,6.2245,-3.3932,3.1334,0.0542,-1.1812,4.5842,-0.0007,-0.0005,0.0032,0.0054,-0.0103,-0.0314,0.1514,-0.2334,0.8414,0.7957,0.802,-0.26,0.01,0.044,-0.0099,-0.029,0.0633,0.0715,-0.0759,2.5048,0.0
54901,0.0,1.1718,0.0,False,False,6.2245,-3.3932,3.1346,0.0571,-1.1731,4.5846,-0.0019,-0.0005,-0.0131,-0.0454,-0.0663,-0.0142,0.1422,-0.2329,0.8398,0.7959,0.802,-0.26,0.01,0.0618,-0.038,-0.0284,0.0724,0.0569,-0.0556,2.867,0.0
55001,0.0,1.2122,-0.1225,False,False,2.0674,-1.5373,2.1606,-1.8789,-1.6385,0.0523,0.3062,0.2461,1.0685,2.0287,-0.068,0.4458,-0.0,-0.281,0.8331,0.8298,0.802,-0.26,0.01,0.0674,-0.002,0.0752,-0.0683,-0.0767,0.0762,-2.2484,0.0
55101,0.0,1.1381,0.0,False,False,6.2173,-3.3932,3.1309,-0.0115,-0.7422,4.6925,0.0048,-0.0211,-0.1937,0.0335,0.0756,-0.7624,0.2862,-0.1483,0.9161,0.7962,0.802,-0.26,0.01,0.0746,-0.0491,-0.0789,0.0793,0.0701,-0.0797,2.9385,0.0
55201,0.0,1.1402,0.0,False,False,6.2177,-3.3932,3.1311,0.0571,-0.5729,4.6367,-0.0015,-0.0014,-0.1991,0.0456,0.0451,-0.9601,0.4006,-0.1547,0.9102,0.8044,0.802,-0.26,0.01,0.0716,0.0573,-0.0794,0.0755,0.0773,-0.0756,2.4314,0.0
55301,0.0,1.138,0.0,False,False,6.2178,-3.3932,3.131,0.0597,-0.5625,4.6744,-0.0001,0.0,-0.2013,0.0333,0.0191,-0.6083,0.2818,-0.152,0.9103,0.8064,0.802,-0.26,0.01,0.0783,0.046,-0.0796,0.0792,0.0794,-0.0193,-1.584,0.0
55401,0.0,1.0716,0.0,False,False,5.6688,-3.3932,3.1414,0.0636,-1.0014,5.1444,-0.0114,-0.0016,0.0248,0.0751,0.048,-0.272,0.6983,-0.0755,0.9049,0.8078,0.802,-0.26,0.01,0.0675,-0.06,-0.0389,0.0435,0.07,-0.0486,1.7223,0.0
55501,0.0,1.189,-0.1268,False,False,2.0666,-1.5608,2.1573,-1.8524,-1.642,0.0535,0.3461,0.0031,0.975,2.1629,-0.1967,0.4049,0.0,-0.267,0.808,0.8414,0.802,-0.26,0.01,0.0686,-0.0454,0.0504,-0.0781,-0.0795,0.077,-3.0511,0.0
55601,0.0,1.135,0.0,False,False,6.2309,-3.3932,3.124,-0.0321,-0.7367,4.7673,0.0001,0.0,-0.1944,0.1338,-0.2216,0.3963,0.2246,-0.1399,0.9233,0.7955,0.802,-0.26,0.01,0.0788,0.0345,-0.077,0.0781,0.0477,-0.0535,2.5121,0.0
55701,0.0,1.0656,0.0,False,False,5.6135,-3.3932,3.1416,0.0712,-1.0602,5.1331,-0.0053,-0.0007,-0.0074,0.0165,-0.1087,0.2458,0.6996,-0.0708,0.9011,0.8079,0.802,-0.26,0.01,0.0683,-0.066,0.0282,0.0494,0.074,-0.0675,0.4353,0.0
55801,0.0,1.0391,0.0,False,False,5.4575,-3.3932,3.1416,0.0827,-1.1553,5.1291,-0.2408,-0.0029,-0.0,0.0275,-0.1374,0.1016,0.7,-0.0402,0.8983,0.8089,0.802,-0.26,0.01,-0.0408,0.0726,0.0748,-0.0796,0.08,-0.0768,-0.2398,0.0
55901,0.0,0.9965,0.0,False,False,5.2336,-3.3932,3.14,0.0866,-1.2806,5.0841,-0.0052,-0.0003,0.0163,0.024,0.0123,0.1615,0.6985,0.0039,0.8865,0.8074,0.802,-0.26,0.01,0.0584,-0.0542,0.0275,-0.0368,-0.002,-0.0686,2.1423,0.0
56001,0.0,1.1954,-0.2976,False,False,2.0661,-1.5463,2.1631,-1.8767,-1.6394,0.0534,0.5003,0.1113,1.3892,-0.4824,-1.7768,3.1898,-0.0,-0.2711,0.8151,0.8329,0.802,-0.26,0.01,0.0659,-0.0179,0.0744,-0.0769,-0.0792,0.078,-3.093,0.0
56101,0.0,1.0979,0.0,False,False,6.2308,-2.5021,3.1396,-1.1137,-0.8041,4.8172,0.0951,0.021,-0.0405,-0.1528,0.032,0.1427,0.1097,-0.0954,0.9224,0.7974,0.802,-0.26,0.01,0.0757,0.0408,0.0337,-0.0496,0.0797,-0.0742,2.9526,0.0
56201,0.0,1.0984,0.0,False,False,5.9068,-3.3932,3.1416,0.0154,-0.7768,5.1887,-0.005,-0.0003,0.0022,0.0083,-0.0148,0.0497,0.698,-0.1025,0.9129,0.8062,0.802,-0.26,0.01,0.0655,-0.0779,-0.0666,0.0772,0.0785,-0.0493,0.353,0.0
56301,0.0,1.0324,0.0,False,False,5.4612,-3.3932,3.1416,0.0761,-1.104,5.1237,-0.004,-0.0003,0.005,0.0146,-0.0149,0.0081,0.6969,-0.0283,0.9033,0.8079,0.802,-0.26,0.01,0.044,-0.0614,0.0035,0.0491,0.0632,-0.0706,0.2221,0.0
56401,0.0,1.0324,0.0,False,False,5.4612,-3.3932,3.1416,0.0761,-1.104,5.1237,-0.0028,-0.0007,0.0054,0.0197,-0.0099,0.0263,0.6969,-0.0283,0.9033,0.8079,0.802,-0.26,0.01,0.0175,-0.0653,0.0114,0.0324,0.0603,-0.0446,2.1648,0.0
56501,0.0,1.1913,-0.1457,False,False,2.0625,-1.5723,2.1673,-1.8577,-1.6359,0.055,0.3289,-0.1021,1.0466,2.2576,-0.2613,0.4449,0.0,-0.2683,0.8107,0.84,0.802,-0.26,0.01,0.063,-0.0644,0.0686,-0.0768,-0.072,0.0798,-3.138,0.0
56601,0.0,0.8634,0.0,False,False,4.1218,-0.9593,2.8509,-1.9082,-2.3805,1.37,-0.0074,-0.0026,-0.0022,0.009,0.0476,-0.0553,0.421,0.016,0.6459,0.8218,0.802,-0.26,0.01,0.0195,0.0771,-0.0153,0.0313,-0.0712,-0.0284,2.5814,0.0
56701,0.0,0.8653,0.0,False,False,4.1218,-0.9593,2.8509,-1.9082,-2.3805,1.37,0.0057,-0.0018,-0.0026,0.0059,0.0214,0.0245,0.3845,0.0138,0.6457,0.8214,0.802,-0.26,0.01,0.0065,0.0799,-0.0235,0.0491,-0.0797,-0.0349,1.7568,0.0
56801,0.0,0.8681,0.0,False,False,4.1218,-0.9593,2.8509,-1.9082,-2.3806,1.37,0.0048,-0.0034,-0.0035,0.0059,0.0266,0.0432,0.3298,0.0106,0.6453,0.8208,0.802,-0.26,0.01,0.0047,0.0782,-0.0167,0.0461,-0.076,-0.0378,0.3981,0.0
56901,0.0,0.8645,0.0,False,False,4.1218,-0.9593,2.8509,-1.9082,-2.3806,1.3699,0.0181,-0.0078,-0.0084,0.0155,0.0419,0.0001,0.4003,0.0148,0.6458,0.8216,0.802,-0.26,0.01,-0.0149,0.0763,0.0201,0.06,-0.0794,-0.0477,2.2353,0.0
57001,0.0,1.1867,-0.1325,False,False,2.0668,-1.5599,2.1638,-1.8647,-1.6406,0.0534,0.3481,0.0173,1.0424,2.1679,-0.1738,0.4014,-0.0,-0.266,0.8048,0.8402,0.802,-0.26,0.01,0.0697,-0.0428,0.0678,-0.0768,-0.0758,0.0765,-3.0767,0.0
57101,0.0,0.819,0.0,False,False,5.7685,-1.041,2.6891,-1.675,-2.7103,5.0046,0.5126,0.0461,0.0404,-0.6513,0.3942,-1.1131,-0.0002,-0.0053,0.4267,0.8097,0.802,-0.26,0.01,0.0792,-0.0503,0.0304,0.0743,0.0548,0.0647,-0.3535,0.0
57201,0.0,0.6631,0.0,False,False,6.2213,0.2495,2.8455,-4.663,-3.1292,3.6655,-0.001,-0.0001,0.0,0.0015,-0.0002,0.017,0.634,0.151,0.4062,0.8386,0.802,-0.26,0.01,0.072,0.0772,-0.0374,0.0542,-0.0757,-0.0543,-2.4014,0.0
57301,0.0,0.6633,0.0,False,False,6.2214,0.2495,2.8455,-4.663,-3.1292,3.6629,0.0028,0.0009,-0.0003,-0.0021,-0.0015,0.0434,0.6261,0.1507,0.406,0.8382,0.802,-0.26,0.01,0.0781,0.067,-0.0736,0.0575,-0.0756,-0.0679,-2.9205,0.0
57401,0.0,0.6636,0.0,False,False,6.2214,0.2495,2.8455,-4.663,-3.1292,3.66,0.0044,0.0015,0.0002,0.0011,0.0057,-0.0276,0.6172,0.1503,0.4059,0.8379,0.802,-0.26,0.01,0.0729,0.0766,-0.0739,-0.0336,-0.0755,-0.0737,-2.8206,0.0
57501,0.0,1.1845,-0.1276,False,False,2.0684,-1.5549,2.1621,-1.8664,-1.6386,0.0538,0.3566,0.0651,1.0362,2.1456,-0.103,0.396,0.0,-0.2655,0.8007,0.8423,0.802,-0.26,0.01,0.0723,-0.0341,0.0668,-0.0748,-0.069,0.0779,-3.0357,0.0
57601,0.0,0.8385,0.0,False,False,4.8468,-1.04,2.6985,-1.6718,-1.8793,5.0481,0.2075,-0.0117,-0.0601,0.0786,-0.3312,-0.207,0.0993,0.0407,0.6406,0.8137,0.802,-0.26,0.01,0.0777,-0.0149,0.0115,-0.0082,0.0786,-0.028,0.3832,0.0
57701,0.0,0.6851,0.0,False,False,6.0492,-0.7926,2.8997,-2.5667,-3.1114,4.6147,0.2035,-0.0146,-0.0322,-0.0581,-0.0564,-0.5229,0.3706,0.123,0.3741,0.8247,0.802,-0.26,0.01,0.0787,-0.0055,-0.0267,0.0773,-0.0766,0.0418,2.1833,0.0
57801,0.0,0.6782,0.0,False,False,6.2102,0.2495,2.8455,-4.6627,-3.1278,3.601,-0.0032,-0.0004,0.0,0.0001,0.0025,-0.0121,0.3826,0.1333,0.3966,0.8271,0.802,-0.26,0.01,0.0662,0.0601,-0.0756,0.0715,-0.0722,-0.0198,-2.3187,0.0
57901,0.0,0.6786,0.0,False,False,6.2102,0.2495,2.8455,-4.6627,-3.1278,3.6003,-0.0076,0.0001,-0.0007,0.002,0.0028,0.0054,0.3787,0.1328,0.3963,0.8268,0.802,-0.26,0.01,0.0774,0.0682,-0.0324,0.0786,-0.0757,-0.0697,-2.5231,0.0
58001,0.0,1.1982,-0.3974,False,False,2.0682,-1.5351,2.1559,-1.8796,-1.6363,0.0538,0.4963,-0.1661,1.374,-3.1906,-1.222,2.8671,-0.0354,-0.2737,0.816,0.8333,0.802,-0.26,0.01,0.0681,0.0016,0.0626,-0.0795,-0.0681,0.0792,-2.3191,0.0
58101,0.0,0.822,0.0,False,False,4.5421,-1.0162,2.773,-1.7677,-1.8317,4.699,-0.0163,0.0014,0.003,-0.0038,-0.001,-0.0177,0.1945,0.0614,0.6457,0.8156,0.802,-0.26,0.01,0.0779,0.03,0.0038,-0.0561,0.0635,-0.0287,-1.0573,0.0
58201,0.0,0.8089,0.0,False,False,4.6071,-1.0226,2.7586,-1.7476,-1.7827,4.9405,-0.0136,0.0072,-0.0042,0.0108,-0.0171,-0.0748,0.1587,0.0798,0.6533,0.8171,0.802,-0.26,0.01,0.0778,0.0229,0.0245,0.056,0.0772,0.0346,-0.6606,0.0
58301,0.0,0.7986,0.0,False,False,4.6151,-1.0234,2.7565,-1.7448,-1.7765,4.9702,-0.0155,0.0017,0.0019,-0.0027,-0.0139,-0.0683,0.0601,0.0922,0.6551,0.8142,0.802,-0.26,0.01,0.0797,0.073,-0.0065,0.0201,0.0746,-0.0244,-1.9774,0.0
58401,0.0,0.8131,0.0,False,False,4.6162,-1.0235,2.7563,-1.7445,-1.7756,4.9746,-0.0143,0.0092,0.0004,-0.0077,-0.0225,-0.0923,0.2014,0.0738,0.6505,0.8193,0.802,-0.26,0.01,0.0785,0.0521,0.0184,0.046,0.0764,0.0023,-0.6707,0.0
58501,0.0,1.1926,-0.13,False,False,2.0686,-1.5511,2.1638,-1.8748,-1.6388,0.0543,0.3501,0.1051,1.0612,2.0929,-0.0883,0.4064,0.0,-0.27,0.8105,0.8353,0.802,-0.26,0.01,0.0722,-0.027,0.073,-0.0793,-0.0701,0.0777,-2.6063,0.0
58601,0.0,0.8231,0.0,False,False,4.5775,-1.0115,2.7821,-1.7826,-1.7962,4.6581,-0.0158,0.0011,0.0024,-0.0022,-0.0066,0.0222,0.2664,0.0636,0.6527,0.8142,0.802,-0.26,0.01,0.0781,0.0426,0.0501,0.0305,0.0786,0.0263,0.3709,0.0
58701,0.0,0.8232,0.0,False,False,4.579,-1.0117,2.7818,-1.7823,-1.7974,4.6553,-0.0194,0.0018,0.0034,-0.0053,-0.0079,-0.0123,0.2607,0.0634,0.6527,0.8142,0.802,-0.26,0.01,0.0727,0.0606,0.0156,0.0339,0.0705,0.048,-0.8497,0.0
58801,0.0,0.8255,0.0,False,False,4.579,-1.0117,2.7818,-1.7823,-1.7975,4.6552,-0.0191,0.0027,0.0032,-0.0084,-0.0139,-0.0507,0.3054,0.0607,0.6524,0.814,0.802,-0.26,0.01,0.078,0.0419,0.0184,0.046,0.0697,0.0653,-0.9131,0.0
58901,0.0,0.828,0.0,False,False,4.579,-1.0117,2.7818,-1.7823,-1.7975,4.6552,-0.0201,0.0029,0.0038,-0.0057,-0.0056,0.0178,0.3571,0.0576,0.6519,0.8138,0.802,-0.26,0.01,0.0789,0.0518,0.0157,0.0491,0.0736,0.0281,2.3962,0.0
59001,0.0,1.1857,-0.1313,False,False,2.062,-1.5596,2.1636,-1.8639,-1.6328,0.0541,0.2974,0.0259,1.0432,2.1328,-0.1979,0.42,0.0,-0.2658,0.803,0.8413,0.802,-0.26,0.01,0.0599,-0.0418,0.0667,-0.0784,-0.07,0.0797,-3.0232,0.0
59101,0.0,0.9451,0.0,False,False,5.769,-1.0172,2.7715,-1.7637,-1.3539,4.5273,-0.0159,0.0028,0.0037,-0.0055,-0.0247,-0.074,0.4888,-0.0269,0.7436,0.8093,0.802,-0.26,0.01,0.0764,0.0733,-0.001,0.0168,0.0744,0.0433,3.122,0.0
59201,0.0,0.9451,0.0,False,False,5.769,-1.0172,2.7715,-1.7637,-1.3539,4.5274,-0.0119,0.0022,0.0022,-0.0029,-0.0168,-0.0732,0.4677,-0.0262,0.7447,0.8095,0.802,-0.26,0.01,0.0775,0.0738,-0.0095,-0.0301,0.0785,0.0317,2.3419,0.0
59301,0.0,0.945,0.0,False,False,5.7721,-1.0177,2.7703,-1.7622,-1.3513,4.5396,0.1176,-0.0218,-0.0535,0.0625,0.1438,0.6441,0.4354,-0.0251,0.7466,0.8102,0.802,-0.26,0.01,0.0775,0.0147,0.003,-0.0441,0.0749,0.0483,1.4562,0.0
59401,0.0,0.9443,0.0,False,False,5.778,-1.0187,2.7681,-1.7596,-1.3462,4.5633,-0.0163,0.0033,0.0089,-0.0091,-0.0137,-0.0647,0.3366,-0.0213,0.7519,0.8117,0.802,-0.26,0.01,0.0785,0.0545,-0.0012,-0.0431,0.0687,-0.0423,-0.7369,0.0
59501,0.0,1.1877,-0.1339,False,False,2.0686,-1.5507,2.1636,-1.8746,-1.6414,0.0553,0.3472,0.1094,1.0611,2.0947,-0.1124,0.4062,-0.0,-0.2669,0.8056,0.8379,0.802,-0.26,0.01,0.0719,-0.0262,0.0729,-0.0793,-0.0761,0.0796,-2.9119,0.0
59601,0.0,0.8556,0.0,False,False,4.8134,-0.9942,2.8104,-1.8293,-1.7453,4.63,-0.0206,0.0044,0.0051,-0.0095,-0.0014,0.0079,0.4472,0.0393,0.6771,0.8124,0.802,-0.26,0.01,0.0761,0.0161,0.0555,-0.0169,0.0497,0.0123,2.8013,0.0
59701,0.0,0.8582,0.0,False,False,4.8356,-0.9977,2.8052,-1.8206,-1.7535,4.6299,-0.0136,0.0023,0.0034,-0.0064,-0.0023,0.0018,0.432,0.0355,0.6754,0.8124,0.802,-0.26,0.01,0.0769,0.0339,0.0513,0.0158,0.0548,0.0061,2.0453,0.0
59801,0.0,0.87,0.0,False,False,4.9273,-1.0101,2.7846,-1.7874,-1.789,4.6365,-0.016,0.0025,0.004,-0.0059,0.006,0.0233,0.4312,0.0174,0.6652,0.8128,0.802,-0.26,0.01,0.0794,0.0535,0.0397,0.0346,0.0687,0.0084,2.6804,0.0
59901,0.0,0.8789,0.0,False,False,4.9977,-1.0173,2.7702,-1.7659,-1.8245,4.6337,-0.0082,-0.0008,-0.0017,0.0033,0.0237,0.0229,0.4456,0.0025,0.6542,0.8126,0.802,-0.26,0.01,0.079,0.038,0.0641,-0.0127,0.02,0.0362,2.983,0.0
60001,0.0,1.1863,-0.1341,False,False,2.0637,-1.5595,2.1663,-1.8693,-1.6378,0.0537,0.3126,0.0272,1.0672,2.1584,-0.2108,0.415,-0.0,-0.2657,0.8047,0.8397,0.802,-0.26,0.01,0.0633,-0.0413,0.0738,-0.0784,-0.0773,0.0784,-3.0031,0.0
60101,0.0,0.9441,0.0,False,False,5.9778,-1.0403,2.6987,-1.6722,-1.0196,4.609,-0.0252,0.0019,0.0087,-0.0094,0.0085,-0.0525,0.4542,0.0101,0.8035,0.8116,0.802,-0.26,0.01,0.0794,0.0288,-0.0162,-0.0561,0.0769,-0.0042,2.5956,0.0
60201,0.0,0.9442,0.0,False,False,5.9901,-1.0414,2.692,-1.6658,-1.0201,4.6464,-0.0236,0.008,0.0109,-0.0132,0.0164,0.0287,0.4667,0.009,0.802,0.8125,0.802,-0.26,0.01,0.0788,0.0495,-0.0147,0.0255,0.0609,-0.0349,3.0919,0.0
60301,0.0,0.9459,0.0,False,False,6.0654,-1.0462,2.6509,-1.6191,-1.0972,4.6464,-0.014,0.0007,0.0093,-0.0107,0.0177,-0.0057,0.4623,-0.0059,0.7814,0.8126,0.802,-0.26,0.01,0.0786,0.0388,-0.0259,-0.0392,0.0741,-0.0516,3.1271,0.0
60401,0.0,0.9419,0.0,False,False,6.1673,-1.0469,2.5956,-1.5605,-1.2086,4.6941,0.1373,0.0129,-0.0889,0.0961,-0.0772,0.4738,0.4626,-0.0201,0.7491,0.8149,0.802,-0.26,0.01,0.079,-0.0096,-0.01,-0.0332,0.0743,0.0242,3.1368,0.0
60501,0.0,1.1852,-0.1315,False,False,2.0683,-1.5591,2.1642,-1.8669,-1.6413,0.0548,0.3618,0.0242,1.0465,2.1731,-0.1461,0.4087,-0.0,-0.2654,0.8026,0.8415,0.802,-0.26,0.01,0.0726,-0.0413,0.0694,-0.0777,-0.0742,0.079,-2.8738,0.0
60601,0.0,0.9509,0.0,False,False,5.8322,-1.0129,2.7802,-1.7786,-1.1315,4.571,-0.03,0.0057,0.0099,-0.0145,-0.0011,-0.0341,0.478,-0.0055,0.7917,0.8106,0.802,-0.26,0.01,0.0791,0.0314,-0.0047,0.0346,0.0792,0.0275,3.1137,0.0
60701,0.0,0.9504,0.0,False,False,5.854,-1.0175,2.7703,-1.7675,-1.1214,4.6375,-0.023,0.0043,0.0091,-0.0136,0.0118,0.0214,0.4375,-0.0037,0.7935,0.8123,0.802,-0.26,0.01,0.0795,0.0344,-0.0139,0.0182,0.0678,-0.0041,2.7881,0.0
60801,0.0,0.9503,0.0,False,False,5.856,-1.0179,2.7694,-1.7661,-1.1224,4.6375,-0.0182,0.003,0.006,-0.0057,0.029,0.0834,0.4149,-0.0032,0.7942,0.8124,0.802,-0.26,0.01,0.0794,0.0627,-0.014,0.0018,-0.0238,0.014,3.0934,0.0
60901,0.0,0.95,0.0,False,False,5.8561,-1.0179,2.7694,-1.7661,-1.1224,4.6375,-0.0268,0.0044,0.0089,-0.012,0.0051,-0.0212,0.3835,-0.0019,0.7956,0.8126,0.802,-0.26,0.01,0.0796,0.0725,-0.044,-0.0197,0.0012,0.0338,2.8841,0.0
61001,0.0,1.1894,-0.1388,False,False,2.0675,-1.5606,2.1667,-1.8692,-1.6425,0.056,0.3558,0.0127,1.0713,2.1776,-0.1813,0.4245,-0.0,-0.2673,0.8086,0.8373,0.802,-0.26,0.01,0.0712,-0.0435,0.075,-0.0762,-0.0783,0.0797,-2.2611,0.0
61101,0.0,0.8908,0.0,False,False,5.0571,-1.0262,2.7497,-1.7328,-1.9566,4.4985,-0.0208,0.0012,0.0031,-0.0042,0.0273,-0.0033,0.3788,-0.0233,0.6247,0.8099,0.802,-0.26,0.01,0.0727,0.0724,-0.0593,-0.0487,-0.0644,0.0662,1.4088,0.0
61201,0.0,0.8908,0.0,False,False,5.0581,-1.0263,2.7495,-1.7325,-1.9584,4.4972,-0.021,0.0101,0.0003,-0.0041,0.0339,0.0575,0.3678,-0.0233,0.6247,0.81,0.802,-0.26,0.01,0.0788,0.0736,-0.0632,-0.0419,-0.0739,0.0771,2.5533,0.0
61301,0.0,0.8888,0.0,False,False,5.0593,-1.0264,2.7491,-1.7321,-1.9606,4.4958,-0.0254,0.0071,0.0053,-0.0053,0.0392,0.0448,0.2615,-0.0191,0.6297,0.8115,0.802,-0.26,0.01,0.0747,0.0716,-0.0538,-0.0002,-0.0733,0.0607,-2.3888,0.0
61401,0.0,0.8903,0.0,False,False,5.0596,-1.0264,2.7491,-1.732,-1.9611,4.4955,-0.0244,0.0071,0.0055,-0.0082,0.0358,0.0361,0.332,-0.0224,0.6256,0.8104,0.802,-0.26,0.01,0.0772,0.0762,-0.0674,-0.0229,-0.0728,0.0731,1.6871,0.0
61501,0.0,1.192,-0.1363,False,False,2.0696,-1.5433,2.163,-1.8802,-1.6424,0.0553,0.3423,0.1839,1.0765,2.0398,-0.0768,0.4023,-0.0,-0.2694,0.8106,0.8331,0.802,-0.26,0.01,0.0729,-0.0129,0.0767,-0.0758,-0.0779,0.0791,-2.7989,0.0
61601,0.0,0.8868,0.0,False,False,5.3283,-1.0385,2.7074,-1.6779,-1.8299,4.5105,-0.0179,0.0011,0.0045,-0.0055,0.0246,0.1073,0.4031,-0.0164,0.6307,0.8099,0.802,-0.26,0.01,0.0791,0.0749,-0.0758,-0.0167,-0.0681,0.0747,2.4992,0.0
61701,0.0,0.8868,0.0,False,False,5.3296,-1.0386,2.7069,-1.6774,-1.8327,4.5081,-0.0101,0.0039,0.0058,-0.0076,0.0612,0.1006,0.4009,-0.0168,0.6301,0.8098,0.802,-0.26,0.01,0.0793,0.0703,-0.0652,-0.0329,-0.0687,0.0415,1.6035,0.0
61801,0.0,0.886,0.0,False,False,5.3322,-1.0388,2.706,-1.6762,-1.8385,4.5021,-0.0121,0.0009,0.0043,-0.0057,0.0149,-0.007,0.3143,-0.0148,0.6327,0.8107,0.802,-0.26,0.01,0.0787,0.0743,-0.0761,-0.0589,-0.011,0.0737,-1.1349,0.0
61901,0.0,0.8858,0.0,False,False,5.334,-1.039,2.7054,-1.6754,-1.8426,4.4977,-0.0187,0.0033,0.0096,-0.0266,0.0347,0.0093,0.2896,-0.0145,0.6328,0.811,0.802,-0.26,0.01,0.0708,0.0783,-0.0743,-0.0018,-0.0736,0.0669,-0.8502,0.0
62001,0.0,1.1882,-0.1275,False,False,2.0674,-1.5378,2.1576,-1.874,-1.6343,0.0538,0.3101,0.2392,1.0345,2.0151,-0.0243,0.3921,-0.0,-0.2682,0.8041,0.8369,0.802,-0.26,0.01,0.0675,-0.0033,0.0666,-0.0715,-0.0671,0.0793,-2.8531,0.0
62101,0.0,0.7076,0.0,False,False,2.8656,-2.7953,3.1,-0.7364,-2.2784,4.6778,0.2858,0.1906,-0.2068,-0.2196,0.4789,0.0331,0.5872,0.1577,0.5822,0.8036,0.802,-0.26,0.01,0.0458,0.0758,-0.0762,-0.0798,-0.0753,0.0788,0.8729,0.0
62201,0.0,0.757,0.0,False,False,0.9238,-3.3932,3.1125,-0.2505,-2.5975,4.4398,-0.4367,0.0,-0.1648,-0.202,0.3014,-0.1681,0.6989,0.0581,0.4297,0.7988,0.802,-0.26,0.01,-0.0792,0.0753,-0.0668,-0.08,0.0612,0.0758,2.9739,0.0
62301,0.0,0.9741,0.0,False,False,-1.7233,-3.3932,3.1402,-0.263,-2.6768,4.4226,-0.0925,0.0,-0.1588,-0.3051,0.2985,-0.3668,0.6995,-0.1177,0.6109,0.798,0.802,-0.26,0.01,-0.0172,0.0775,-0.0747,-0.08,-0.0787,0.08,2.7638,0.0
62401,0.0,0.876,0.0,False,False,-2.3305,-3.3929,2.9375,-0.3729,-2.264,4.4195,0.0451,0.0045,-0.1472,-0.0695,0.1835,0.8834,0.6972,0.0119,0.6681,0.8035,0.802,-0.26,0.01,-0.0482,-0.0799,-0.0752,-0.08,-0.0799,0.08,3.0864,0.0
62501,0.0,1.193,-0.1278,False,False,2.0605,-1.5454,2.1601,-1.8719,-1.6204,0.0533,0.2584,0.17,1.0454,1.9912,-0.0595,0.4133,-0.0,-0.2717,0.8083,0.8348,0.802,-0.26,0.01,0.0553,-0.0164,0.0666,-0.0796,-0.0505,0.0798,-3.0424,0.0
62601,0.0,0.9137,0.0001,False,False,5.8832,-1.0418,2.6903,-1.6579,-1.8313,4.5301,-0.0167,0.002,0.0055,-0.0065,0.0299,0.0163,0.3466,-0.0523,0.6132,0.8115,0.802,-0.26,0.01,0.0791,0.0795,-0.068,-0.058,-0.0534,0.055,1.8425,0.0
62701,0.0,0.9117,0.0,False,False,5.8834,-1.0418,2.6902,-1.6579,-1.8316,4.5299,-0.0187,0.0017,0.0035,-0.0053,0.0257,0.0035,0.2791,-0.0499,0.6141,0.8118,0.802,-0.26,0.01,0.0785,0.0776,-0.0745,-0.0043,-0.0748,0.0436,0.425,0.0
62801,0.0,0.9139,0.0,False,False,5.8859,-1.0419,2.6893,-1.6567,-1.8376,4.5227,-0.0164,0.0011,0.0047,-0.0071,0.0265,0.0127,0.1371,-0.0494,0.6213,0.8133,0.802,-0.26,0.01,0.0792,0.0767,-0.073,-0.017,-0.0429,-0.0117,-2.3008,0.0
62901,0.0,0.9149,0.0,False,False,5.886,-1.0419,2.6893,-1.6567,-1.8379,4.5227,-0.0087,0.0008,0.0049,-0.006,0.0369,0.0455,0.1576,-0.0505,0.6215,0.8133,0.802,-0.26,0.01,0.0759,0.0694,-0.0629,-0.0677,-0.0671,0.0042,-3.0276,0.0
63001,0.0,1.1895,-0.1323,False,False,2.0593,-1.5475,2.1621,-1.8713,-1.6319,0.0483,0.2387,0.1511,1.0544,2.0699,-0.2062,0.3722,-0.0,-0.2676,0.8083,0.8357,0.802,-0.26,0.01,0.052,-0.0198,0.0704,-0.0753,-0.0786,0.0712,-3.0623,0.0
63101,0.0,0.9611,0.0,False,False,2.5323,0.2495,2.8466,-4.6804,-3.1068,0.4627,-0.0755,0.0,-0.0019,0.0991,-0.0775,0.1372,-0.0,-0.0384,0.7551,0.8263,0.802,-0.26,0.01,-0.0611,0.058,0.0759,0.0653,0.0568,-0.0126,-2.8478,0.0
63201,0.0,0.9421,-0.0004,False,False,2.5183,0.2495,2.846,-4.6713,-3.117,0.4398,0.012,0.0035,-0.0152,0.0243,-0.0588,0.0153,0.0998,-0.0213,0.7472,0.8191,0.802,-0.26,0.01,-0.0458,0.066,0.0729,-0.024,0.0783,0.0043,-2.6393,0.0
63301,0.0,0.9377,0.0,False,False,2.5126,0.2495,2.846,-4.6717,-3.1167,0.4314,-0.0141,0.0003,-0.0003,-0.0011,0.0002,-0.0018,0.0573,-0.0162,0.7472,0.8174,0.802,-0.26,0.01,-0.0472,0.0767,0.0419,-0.0005,0.0777,0.0341,-1.8524,0.0
63401,0.0,0.9299,0.0,False,False,2.5063,0.2495,2.846,-4.6713,-3.1176,0.4234,0.0037,0.0041,-0.0225,-0.0732,0.008,0.0029,0.1654,-0.0093,0.7438,0.8144,0.802,-0.26,0.01,-0.0635,0.0749,0.0686,0.0045,0.0697,-0.0374,0.823,0.0
63501,0.0,1.1951,-0.1213,False,False,2.0618,-1.5622,2.1604,-1.8557,-1.6154,0.0541,0.3134,-0.0033,0.9975,2.1827,-0.0343,0.4379,-0.0,-0.2736,0.8086,0.838,0.802,-0.26,0.01,0.0612,-0.0471,0.0571,-0.0784,-0.031,0.0798,-3.1224,0.0
63601,0.0,0.9998,0.0,False,False,3.3257,0.2492,3.047,-3.936,-3.1316,1.4503,0.0004,0.0011,-0.0189,-0.1039,0.0196,-0.2224,0.2837,-0.1225,0.669,0.8261,0.802,-0.26,0.01,-0.0016,0.0561,0.0457,0.0676,0.0688,-0.0492,2.2978,0.0
63701,0.0,0.9965,0.0,False,False,3.3258,0.2492,3.0473,-3.9342,-3.1318,1.4514,-0.0022,0.0006,-0.0037,-0.0079,-0.0122,-0.0518,0.3496,-0.1187,0.6695,0.824,0.802,-0.26,0.01,0.0289,0.0547,0.071,0.0692,0.0738,-0.0769,2.9556,0.0
63801,0.0,0.9959,0.0,False,False,3.326,0.2493,3.0475,-3.9327,-3.1321,1.4512,0.0003,-0.0003,-0.0158,-0.0872,0.005,-0.1362,0.3564,-0.118,0.6697,0.8236,0.802,-0.26,0.01,0.0131,0.0244,0.065,0.038,0.0716,-0.0303,2.9919,0.0
63901,0.0,0.9974,0.0,False,False,3.326,0.2493,3.0477,-3.9312,-3.1324,1.4521,-0.0014,0.0009,-0.015,-0.0897,0.0343,-0.169,0.321,-0.1196,0.6697,0.8246,0.802,-0.26,0.01,0.013,0.0664,0.0694,0.0581,0.0582,-0.0653,2.4769,0.0
64001,0.0,1.2073,-0.1294,False,False,2.0311,-1.5551,2.165,-1.861,-1.5938,0.0436,-0.0428,0.1053,1.0553,2.1308,-0.4438,0.4696,-0.0,-0.2777,0.8283,0.835,0.802,-0.26,0.01,-0.0037,-0.0308,0.07,-0.0759,-0.0594,0.0789,-3.0957,0.0
64101,0.0,0.7115,0.0,False,False,4.8942,-3.3932,3.1311,-0.0018,-0.9083,4.6549,-0.0051,-0.0006,-0.0102,-0.0415,-0.1042,0.0664,0.0013,0.2983,0.7925,0.7969,0.802,-0.26,0.01,0.0665,-0.0742,-0.0691,0.0126,0.0597,-0.0799,2.2821,0.0
64201,0.0,0.7113,0.0,False,False,4.8946,-3.3932,3.1311,-0.0024,-0.9022,4.6479,-0.0055,-0.0002,-0.0025,0.0414,0.0385,-0.0266,0.0207,0.299,0.793,0.797,0.802,-0.26,0.01,0.074,-0.0757,-0.0722,-0.023,0.0642,-0.0791,2.0601,0.0
64301,0.0,0.71,0.0,False,False,4.895,-3.3932,3.1312,-0.004,-0.8886,4.6362,-0.0009,0.0,0.0044,-0.0024,-0.0028,0.054,0.0516,0.3008,0.7929,0.7972,0.802,-0.26,0.01,0.0506,-0.0796,-0.0629,-0.0543,0.0398,-0.0794,1.6886,0.0
64401,0.0,0.7102,0.0,False,False,4.896,-3.3932,3.1281,-0.0073,-0.8886,4.6341,-0.005,-0.0006,-0.1914,-0.1932,-0.1236,-0.1909,0.0597,0.3007,0.793,0.7974,0.802,-0.26,0.01,0.0671,-0.075,-0.0674,-0.0665,0.0555,-0.0634,2.3688,0.0
64501,0.0,1.2099,-0.1164,False,False,2.0374,-1.5553,2.1584,-1.8469,-1.5941,0.045,0.0316,0.0916,0.9952,2.1772,-0.3168,0.4672,0.0,-0.2803,0.8287,0.8384,0.802,-0.26,0.01,0.0095,-0.0328,0.0552,-0.0641,-0.0446,0.0782,-2.9765,0.0
64601,0.0,0.873,0.0,False,False,4.2079,-1.0295,2.7393,-1.7233,-2.1288,4.656,-0.0243,0.0075,0.0001,-0.0005,0.0112,-0.0099,0.4017,-0.0103,0.609,0.8139,0.802,-0.26,0.01,0.0779,0.0791,-0.0751,-0.0089,0.0195,-0.0774,2.2181,0.0
64701,0.0,0.8772,0.0,False,False,4.2139,-1.0297,2.7385,-1.7235,-2.1418,4.6312,-0.0225,0.0017,0.0032,-0.007,-0.0092,-0.0842,0.4191,-0.0153,0.6076,0.8128,0.802,-0.26,0.01,0.0782,0.0572,-0.0773,0.0112,0.032,-0.0648,2.6571,0.0
64801,0.0,0.8754,0.0,False,False,4.214,-1.0297,2.7384,-1.7235,-2.142,4.6309,-0.0199,0.0028,0.0065,-0.0153,0.0066,0.0015,0.3832,-0.0132,0.6081,0.813,0.802,-0.26,0.01,0.075,0.0744,-0.0773,0.0345,0.0259,-0.0738,1.1972,0.0
64901,0.0,0.8784,0.0,False,False,4.231,-1.0314,2.7336,-1.7156,-2.1725,4.5924,-0.0157,0.0088,0.0123,-0.056,0.0217,0.012,0.2878,-0.0174,0.6056,0.8128,0.802,-0.26,0.01,0.0781,0.0703,-0.0747,0.0127,-0.0144,-0.0636,-0.6031,0.0
65001,0.0,1.1908,-0.1292,False,False,2.0558,-1.564,2.1661,-1.8631,-1.6064,0.0524,0.2546,-0.0101,1.0496,2.1836,-0.0749,0.4303,-0.0,-0.2715,0.8029,0.8397,0.802,-0.26,0.01,0.0499,-0.0489,0.0698,-0.0791,-0.0243,0.0791,-2.9209,0.0
65101,0.0,0.9906,0.0,False,False,3.2079,0.2492,3.0452,-3.9471,-3.1302,1.442,-0.0003,0.0022,-0.0083,-0.0403,0.0253,-0.0792,0.3256,-0.107,0.6821,0.8253,0.802,-0.26,0.01,0.0065,0.0788,0.0766,0.071,0.0534,-0.0417,2.2424,0.0
65201,0.0,0.9897,0.0,False,False,3.2079,0.2492,3.0459,-3.9429,-3.1307,1.4485,0.0015,0.0004,-0.0099,-0.0483,-0.0032,-0.1163,0.3397,-0.1061,0.682,0.8251,0.802,-0.26,0.01,-0.0267,0.0792,0.0774,0.056,0.0462,-0.0636,2.9381,0.0
65301,0.0,0.9894,0.0,False,False,3.2078,0.2492,3.0463,-3.9405,-3.1309,1.4499,-0.0076,0.0025,-0.0155,-0.0828,0.0054,-0.1562,0.3403,-0.1057,0.6821,0.8249,0.802,-0.26,0.01,-0.0626,0.046,0.043,0.0557,0.0752,-0.0667,2.9193,0.0
65401,0.0,0.9913,0.0,False,False,3.2076,0.2492,3.0468,-3.9372,-3.1315,1.4492,0.0034,0.0005,-0.005,-0.0007,-0.0254,0.0019,0.2871,-0.1076,0.6826,0.8261,0.802,-0.26,0.01,-0.0289,0.0782,0.0711,-0.0542,0.0358,-0.0107,2.5047,0.0
65501,0.0,1.2104,-0.1114,False,False,2.0458,-1.5623,2.1572,-1.8455,-1.587,0.0479,0.1494,0.0101,0.9597,2.1845,-0.0888,0.4496,0.0,-0.2833,0.8234,0.8402,0.802,-0.26,0.01,0.0292,-0.0465,0.0473,-0.0787,-0.0058,0.0759,-2.4705,0.0
65601,0.0,0.8738,0.0,False,False,2.3418,0.2495,2.8458,-4.6674,-3.121,0.0649,-0.2329,0.0004,0.0043,-0.0693,0.075,-0.298,0.3649,0.0362,0.7104,0.8119,0.802,-0.26,0.01,-0.0773,0.0415,0.0703,-0.0617,-0.0459,0.0073,2.1163,0.0
65701,0.0,0.8458,0.0,False,False,2.1386,0.2495,2.8455,-4.6626,-3.1275,-0.2385,-0.2194,-0.0,0.0001,-0.0009,-0.0041,-0.1875,0.2891,0.0655,0.7047,0.8212,0.802,-0.26,0.01,-0.0727,0.0398,0.0715,-0.0465,-0.0009,0.0246,1.1017,0.0
65801,0.0,0.8424,0.0,False,False,2.0528,0.2495,2.8455,-4.6628,-3.1283,-0.3677,0.0094,0.0001,-0.0023,-0.0031,-0.002,0.0219,0.196,0.0758,0.7161,0.8183,0.802,-0.26,0.01,-0.0481,0.0512,0.0713,-0.0556,0.0128,0.0339,-0.7579,0.0
65901,0.0,0.8233,0.0,False,False,2.0126,0.2495,2.8455,-4.6626,-3.1276,-0.4172,0.0091,0.0021,-0.0108,-0.0223,-0.0006,-0.0408,0.3523,0.0854,0.6936,0.827,0.802,-0.26,0.01,-0.0341,0.078,0.0595,-0.0102,0.0037,0.0492,0.7412,0.0
66001,0.0,1.1887,-0.1316,False,False,2.0662,-1.5627,2.1673,-1.8666,-1.6291,0.0531,0.3567,-0.0062,1.0802,2.16,-0.0838,0.4032,-0.0,-0.2688,0.8038,0.839,0.802,-0.26,0.01,0.0702,-0.0471,0.0756,-0.0714,-0.0506,0.0763,-2.6554,0.0
66101,0.0,0.9254,0.0,False,False,2.6322,0.2495,2.8455,-4.6631,-3.1295,0.2157,0.0144,0.0007,-0.0218,-0.0489,-0.0117,0.0455,0.2262,-0.0178,0.7187,0.811,0.802,-0.26,0.01,-0.0547,0.051,0.0737,-0.0108,-0.0568,-0.0303,-1.9733,0.0
66201,0.0,0.9024,0.0,False,False,2.4495,0.2495,2.8465,-4.6799,-3.1066,-0.0752,0.001,0.0004,-0.0002,0.0025,-0.0026,-0.03,0.1739,0.0097,0.7213,0.8126,0.802,-0.26,0.01,-0.049,0.0353,0.0757,-0.0489,-0.0394,0.0157,-1.6967,0.0
66301,0.0,0.8993,0.0,False,False,2.3749,0.2495,2.8457,-4.6667,-3.1213,-0.1728,0.0204,0.0033,-0.0133,0.0217,-0.0714,0.0446,0.1344,0.018,0.7297,0.8153,0.802,-0.26,0.01,-0.0402,0.0506,0.0699,0.0149,0.0067,-0.0494,-1.6949,0.0
66401,0.0,0.8951,0.0,False,False,2.3324,0.2495,2.8456,-4.6622,-3.1273,-0.2274,0.0096,0.0012,-0.0251,-0.0685,-0.0082,-0.1223,0.1508,0.0248,0.7333,0.816,0.802,-0.26,0.01,-0.0422,0.0646,0.0771,-0.0324,0.0525,0.0013,0.1585,0.0
66501,0.0,1.1992,-0.1307,False,False,2.0642,-1.5568,2.1647,-1.8683,-1.6133,0.0528,0.3312,0.0544,1.0587,2.1437,0.0559,0.4151,0.0,-0.2768,0.8119,0.8342,0.802,-0.26,0.01,0.0662,-0.0367,0.0723,-0.0738,-0.022,0.0764,-2.6987,0.0
66601,0.0,0.9129,-0.0279,False,False,2.554,0.2495,2.8455,-4.6626,-3.128,0.1329,-0.0221,0.0115,-0.068,-0.2128,0.0042,-0.3988,0.2638,-0.0034,0.7193,0.8123,0.802,-0.26,0.01,-0.0611,0.0485,0.0698,-0.0647,-0.0558,0.0297,1.3938,0.0
66701,0.0,0.8999,0.0,False,False,2.437,0.2495,2.8472,-4.6906,-3.0943,-0.0805,0.0172,0.0003,-0.0023,0.0338,-0.0411,0.0416,0.2057,0.0124,0.7214,0.8104,0.802,-0.26,0.01,-0.0339,0.0635,0.0675,-0.0628,0.0387,0.0152,-1.6296,0.0
66801,0.0,0.9031,-0.0044,False,False,2.4297,0.2495,2.8473,-4.6923,-3.092,-0.0924,0.0007,0.0009,-0.0045,0.0198,-0.0243,0.037,0.1592,0.0115,0.7263,0.8098,0.802,-0.26,0.01,0.0168,0.0341,0.0647,-0.066,-0.0126,0.0559,-2.5342,0.0
66901,0.0,0.91,0.0011,False,False,2.4178,0.2495,2.8469,-4.6861,-3.0987,-0.1012,0.003,0.0054,-0.0056,-0.0205,0.0193,0.0057,0.0797,0.0074,0.733,0.8103,0.802,-0.26,0.01,-0.0304,0.0679,0.0718,0.0063,0.0088,0.018,-1.895,0.0
67001,0.0,1.1936,-0.1296,False,False,2.0634,-1.56,2.1653,-1.8622,-1.6093,0.0505,0.3338,0.0234,1.0637,2.1894,0.0677,0.3899,0.0,-0.2741,0.8041,0.8372,0.802,-0.26,0.01,0.0657,-0.0423,0.073,-0.0613,-0.0136,0.0732,-2.761,0.0
67101,0.0,0.9826,0.0,False,False,2.7485,0.2495,2.8461,-4.6736,-3.1144,0.441,0.007,0.0005,-0.001,0.0161,-0.0161,0.0461,0.0138,-0.0714,0.7392,0.8216,0.802,-0.26,0.01,-0.0291,0.0543,0.0739,-0.049,0.0659,-0.0425,-2.4299,0.0
67201,0.0,0.9741,0.0,False,False,2.7397,0.2495,2.8461,-4.6712,-3.1176,0.4213,0.0092,0.0031,-0.0319,-0.0692,-0.0239,-0.0944,0.0053,-0.0624,0.7382,0.8183,0.802,-0.26,0.01,-0.0528,0.0686,0.0684,0.0211,0.0086,-0.0459,-2.661,0.0
67301,0.0,0.9702,0.0,False,False,2.7329,0.2495,2.8458,-4.6675,-3.1232,0.4105,0.0016,0.0007,-0.0008,0.01,-0.0035,0.0082,0.0161,-0.0587,0.7369,0.818,0.802,-0.26,0.01,-0.0418,0.0684,0.053,-0.0004,-0.0009,-0.0201,-2.5226,0.0
67401,0.0,0.9667,0.0,False,False,2.729,0.2495,2.846,-4.6703,-3.1196,0.3988,0.004,0.0036,-0.0294,-0.0764,-0.0153,-0.1053,0.0723,-0.0551,0.7364,0.816,0.802,-0.26,0.01,-0.0305,0.0508,0.0745,-0.018,-0.0286,0.0087,-1.5907,0.0
67501,0.0,1.1915,-0.137,False,False,2.0683,-1.5717,2.1671,-1.8599,-1.6373,0.0524,0.3938,-0.1018,1.0497,2.2356,-0.1518,0.4089,0.0,-0.2694,0.809,0.8393,0.802,-0.26,0.01,0.0751,-0.0637,0.0691,-0.0777,-0.0617,0.0734,-2.8097,0.0
67601,0.0,0.9619,0.0,False,False,2.7702,0.2487,2.9455,-4.3579,-3.1285,0.7776,0.0009,0.0,0.1323,0.4252,0.0397,1.4183,0.0042,-0.0541,0.7277,0.8174,0.802,-0.26,0.01,-0.0451,0.0548,0.0543,-0.0314,-0.0286,0.0606,-2.5161,0.0
67701,0.0,0.946,0.0,False,False,2.7679,0.2495,2.8455,-4.6628,-3.1281,0.1393,-0.0024,0.0022,-0.0087,-0.0188,-0.0052,-0.0474,0.1719,-0.0425,0.7157,0.8126,0.802,-0.26,0.01,0.016,0.0506,0.065,-0.0268,0.021,0.0332,-1.6666,0.0
67801,0.0,0.9475,0.0,False,False,2.7681,0.2495,2.8455,-4.6628,-3.1282,0.1398,-0.0003,-0.0,-0.0,0.0006,0.0017,-0.0103,0.1573,-0.0442,0.7158,0.8128,0.802,-0.26,0.01,0.0206,0.0318,0.0243,0.0138,0.0601,0.0421,-2.2205,0.0
67901,0.0,0.948,0.0022,False,False,2.7683,0.2495,2.8455,-4.6628,-3.1282,0.1403,0.0005,0.0014,0.0,-0.001,-0.0006,0.0059,0.126,-0.0442,0.7166,0.8129,0.802,-0.26,0.01,-0.0033,0.0573,0.0481,0.0436,0.0541,0.022,-1.7309,0.0
68001,0.0,1.1941,-0.1309,False,False,2.0614,-1.5602,2.1671,-1.8671,-1.6164,0.0492,0.3039,0.0239,1.0763,2.1825,-0.0468,0.386,0.0,-0.273,0.808,0.8355,0.802,-0.26,0.01,0.0606,-0.0423,0.0763,-0.0699,-0.0345,0.0713,-1.6288,0.0
68101,0.0,0.9877,0.0,False,False,3.0352,0.2493,3.0481,-3.9285,-3.133,1.4542,0.0041,0.0006,-0.0234,-0.1485,0.0585,-0.2664,0.0,-0.0926,0.7063,0.8321,0.802,-0.26,0.01,-0.0437,0.0711,0.0685,-0.0687,-0.0417,0.0142,-2.8737,0.0
68201,0.0,0.9867,0.0,False,False,3.035,0.2493,3.048,-3.9296,-3.1327,1.4491,0.0043,0.0027,-0.0044,-0.0184,0.0081,-0.0322,0.0,-0.0911,0.7075,0.8311,0.802,-0.26,0.01,-0.0625,0.0649,0.0602,-0.066,-0.0246,-0.0411,-2.3,0.0
68301,0.0,0.9867,0.0,False,False,3.0349,0.2493,3.048,-3.9293,-3.1327,1.4487,0.0025,0.0,-0.004,-0.0258,0.003,-0.0567,-0.0,-0.0911,0.7074,0.8311,0.802,-0.26,0.01,-0.05,0.0668,0.0735,-0.0561,-0.0313,0.0304,-2.7927,0.0
68401,0.0,0.9842,0.0,False,False,3.0348,0.2492,3.0473,-3.9346,-3.1331,1.429,-0.0054,0.0035,-0.0103,-0.0843,0.0346,-0.1352,-0.0,-0.0883,0.7077,0.829,0.802,-0.26,0.01,-0.0538,0.0634,0.0736,-0.0743,-0.0552,-0.0273,-2.4587,0.0
68501,0.0,1.2,-0.1278,False,False,2.067,-1.5694,2.1682,-1.8623,-1.6293,0.0417,0.3801,-0.0758,1.065,2.2526,-0.0891,0.3371,-0.0,-0.2754,0.8163,0.8375,0.802,-0.26,0.01,0.0729,-0.0593,0.0739,-0.0725,-0.0474,0.0557,-2.2371,0.0
68601,0.0,0.9639,0.0,False,False,3.149,0.2499,3.0854,-3.6811,-3.0991,4.0623,-0.246,0.0004,0.0067,0.0286,0.0503,0.0595,0.3494,-0.0745,0.6907,0.8077,0.802,-0.26,0.01,-0.0602,-0.0444,0.0401,0.0151,0.0769,0.0601,1.8598,0.0
68701,0.0,0.9629,-0.0028,False,False,3.1444,0.2499,3.0853,-3.6792,-3.1027,4.0628,0.0003,0.0025,-0.0087,0.0039,-0.0393,-0.0567,0.3243,-0.0733,0.691,0.8083,0.802,-0.26,0.01,-0.0449,0.0083,0.0722,-0.0522,0.0508,0.0515,0.9465,0.0
68801,0.0,0.9604,0.0,False,False,3.1448,0.2498,3.0837,-3.6993,-3.1008,4.0406,-0.0033,-0.0003,-0.0024,-0.0094,-0.0148,-0.0303,0.2547,-0.0703,0.6914,0.8095,0.802,-0.26,0.01,0.0511,0.0658,0.0508,-0.0128,0.0401,-0.0213,0.0152,0.0
68901,0.0,0.9631,0.0,False,False,3.1549,0.2498,3.0812,-3.7167,-3.1084,4.0122,-0.001,0.0032,-0.0013,-0.0116,0.0033,-0.0004,0.2391,-0.0733,0.6913,0.8103,0.802,-0.26,0.01,-0.0357,0.0756,0.0422,-0.0251,0.0774,0.0056,-0.7876,0.0
69001,0.0,1.196,-0.1376,False,False,2.0679,-1.5609,2.1665,-1.868,-1.6129,0.0551,0.3842,0.0106,1.0684,2.1754,0.1258,0.4184,-0.0,-0.2757,0.8065,0.8354,0.802,-0.26,0.01,0.0751,-0.0441,0.075,-0.0709,-0.0107,0.0783,-1.937,0.0
69101,0.0,1.0195,-0.0009,False,False,2.9169,0.2495,2.8454,-4.6624,-3.1267,0.5553,-0.0002,-0.0001,0.0,-0.0009,0.0018,0.0146,0.0,-0.1197,0.7232,0.8367,0.802,-0.26,0.01,-0.0449,0.0715,0.0649,-0.0548,-0.0417,-0.0611,-2.6097,0.0
69201,0.0,1.0175,0.0,False,False,2.9119,0.2495,2.8455,-4.6624,-3.1269,0.5434,0.003,0.0008,-0.0161,-0.0467,-0.0011,-0.0192,0.0,-0.117,0.7245,0.8352,0.802,-0.26,0.01,-0.0091,0.0668,0.0706,0.0139,-0.0732,-0.0475,-2.6328,0.0
69301,0.0,1.0165,0.0,False,False,2.9099,0.2495,2.8455,-4.6625,-3.127,0.5358,0.0001,0.0001,-0.0001,0.0004,-0.0009,0.0132,0.0,-0.1157,0.7248,0.8344,0.802,-0.26,0.01,-0.0474,0.0619,0.023,-0.0282,-0.0397,-0.0676,-2.7676,0.0
69401,0.0,1.0096,0.0,False,False,2.8938,0.2495,2.8458,-4.6689,-3.12,0.4974,-0.0095,0.0016,-0.0008,0.0117,0.0047,-0.0278,0.0383,-0.1069,0.7278,0.8287,0.802,-0.26,0.01,-0.0406,0.0095,0.0737,-0.0103,-0.0236,-0.0719,-0.9414,0.0
69501,0.0,1.2034,-0.1286,False,False,2.0706,-1.5564,2.1651,-1.8721,-1.6244,0.0506,0.3963,0.0512,1.0637,2.1333,0.0809,0.3895,0.0,-0.2787,0.8174,0.8341,0.802,-0.26,0.01,0.0788,-0.0365,0.0739,-0.0768,-0.0315,0.0695,-1.8745,0.0
69601,0.0,1.0202,0.0,False,False,3.6579,0.2492,3.0463,-3.9404,-3.1307,4.2645,0.0041,0.0021,-0.0001,-0.0298,0.0272,-0.0622,0.3419,-0.1639,0.6169,0.8219,0.802,-0.26,0.01,0.0215,0.0449,0.0415,0.0449,0.0368,0.0561,2.6071,0.0
69701,0.0,1.018,0.0,False,False,3.6645,0.2492,3.0451,-3.948,-3.13,4.2467,-0.0049,0.0002,0.0011,0.0091,-0.0053,0.0014,0.2742,-0.1613,0.6178,0.8207,0.802,-0.26,0.01,0.061,0.0088,-0.0104,-0.0444,0.0788,0.0605,0.591,0.0
69801,0.0,1.0185,0.0,False,False,3.6654,0.2492,3.0454,-3.9461,-3.1302,4.2565,-0.0012,0.0031,0.0024,0.0117,-0.0021,0.0167,0.2889,-0.1619,0.6174,0.8211,0.802,-0.26,0.01,0.0119,0.0124,-0.0338,0.0739,-0.0047,0.0027,1.1664,0.0
69901,0.0,1.0195,0.0,False,False,3.6681,0.2492,3.0455,-3.9457,-3.1303,4.2605,0.0007,0.0004,0.0322,0.2875,-0.1198,0.8775,0.3227,-0.1639,0.6147,0.8218,0.802,-0.26,0.01,-0.0434,0.0548,0.041,-0.0325,0.0724,-0.0497,0.0031,0.0
70001,0.0,1.1909,-0.1343,False,False,2.07,-1.564,2.1669,-1.8669,-1.6337,0.0558,0.3997,-0.0238,1.0727,2.1551,-0.0544,0.4169,-0.0,-0.27,0.8064,0.8382,0.802,-0.26,0.01,0.078,-0.0499,0.0738,-0.0751,-0.0513,0.0788,-2.0937,0.0
70101,0.0,1.02,0.0,False,False,3.7626,-0.8868,2.898,-2.3219,-2.9842,4.207,-0.3674,0.4044,0.2165,-0.7904,-0.0757,-0.1084,0.2015,-0.1701,0.5987,0.8053,0.802,-0.26,0.01,-0.069,0.0654,0.074,-0.0106,0.0329,-0.0621,-1.4145,0.0
70201,0.0,1.0032,0.0024,False,False,3.78,0.2497,3.076,-3.7602,-3.104,4.6391,0.0,-0.0005,-0.0002,0.0028,-0.0041,0.006,0.245,-0.146,0.6165,0.8216,0.802,-0.26,0.01,0.0017,-0.0097,0.0406,-0.0166,0.075,0.0176,-1.0192,0.0
70301,0.0,1.0097,0.0,False,False,3.7809,0.2495,3.0616,-3.8523,-3.1295,4.2486,0.0037,0.0004,-0.0056,-0.0113,-0.0064,-0.0247,0.1801,-0.1567,0.6057,0.818,0.802,-0.26,0.01,-0.0354,0.0582,0.0665,0.0607,0.0795,-0.0161,-1.4196,0.0
70401,0.0,1.0117,0.0,False,False,3.7809,0.2493,3.0544,-3.8922,-3.1311,4.1016,-0.002,0.0,-0.002,-0.0135,0.0031,-0.0708,0.1684,-0.1595,0.6036,0.816,0.802,-0.26,0.01,0.0723,0.047,0.0654,0.0475,0.0746,-0.0092,-1.3507,0.0
70501,0.0,1.1847,-0.1215,False,False,2.0691,-1.5537,2.1655,-1.8751,-1.6322,0.0454,0.3671,0.0798,1.0748,2.1172,-0.0198,0.3227,0.0513,-0.2668,0.7987,0.8399,0.802,-0.26,0.01,0.0745,-0.0314,0.0763,-0.0779,-0.0532,0.0645,-0.4511,0.0
70601,0.0,0.9148,-0.0034,False,False,3.6856,-1.0339,2.7252,-1.7042,-2.4428,4.4524,-0.021,-0.0011,-0.0065,0.0094,0.0333,-0.0058,0.0991,-0.0516,0.6183,0.8123,0.802,-0.26,0.01,0.0708,0.0771,0.026,0.0751,0.0092,-0.0755,-2.8223,0.0
70701,0.0,0.9151,-0.0045,False,False,3.6858,-1.0339,2.7252,-1.7042,-2.4431,4.4524,-0.0212,0.0,-0.0047,0.0066,0.0402,-0.0251,0.0929,-0.0518,0.6185,0.8123,0.802,-0.26,0.01,0.0715,0.0774,0.0222,0.0695,0.0355,-0.0473,-2.8751,0.0
70801,0.0,0.9166,-0.0038,False,False,3.6858,-1.0339,2.7252,-1.7042,-2.4432,4.4524,-0.0194,0.0129,-0.0037,-0.0017,0.0237,0.0146,0.1169,-0.0532,0.619,0.8119,0.802,-0.26,0.01,0.065,0.0742,-0.0616,0.0197,-0.0156,-0.0257,-2.4392,0.0
70901,0.0,0.9155,0.0,False,False,3.6859,-1.0339,2.7252,-1.7043,-2.4434,4.4524,-0.0183,-0.0008,-0.0068,0.0117,0.0708,0.0707,0.0996,-0.0522,0.6186,0.8122,0.802,-0.26,0.01,0.0774,0.0793,0.0458,0.0714,0.027,-0.011,-2.5192,0.0
71001,0.0,1.1918,-0.1318,False,False,2.0713,-1.556,2.1642,-1.8717,-1.6311,0.0559,0.3986,0.0535,1.0618,2.0779,0.0254,0.405,0.0,-0.2712,0.8062,0.836,0.802,-0.26,0.01,0.0795,-0.036,0.0714,-0.0795,-0.045,0.0792,-2.2088,0.0
71101,0.0,0.8536,-0.0022,False,False,3.7681,-1.0318,2.7319,-1.7144,-2.2741,4.3539,-0.0155,0.0001,0.0,0.0009,0.001,-0.03,0.063,0.0109,0.6094,0.8171,0.802,-0.26,0.01,0.077,0.0566,-0.0443,0.0766,0.0585,-0.0298,-2.4527,0.0
71201,0.0,0.8564,-0.0013,False,False,3.7682,-1.0318,2.7319,-1.7144,-2.2742,4.3539,-0.0145,0.0006,0.0014,-0.0023,0.0061,-0.0177,0.0566,0.0086,0.6115,0.8161,0.802,-0.26,0.01,0.0789,0.0707,-0.0583,0.0767,0.0442,-0.0347,-2.7597,0.0
71301,0.0,0.8571,-0.0016,False,False,3.7682,-1.0318,2.7319,-1.7144,-2.2744,4.3539,-0.0162,0.0004,0.0009,-0.0016,0.0179,0.0042,0.0452,0.0081,0.612,0.8159,0.802,-0.26,0.01,0.0792,0.075,-0.0468,0.0666,0.0188,-0.0125,-2.8938,0.0
71401,0.0,0.8625,-0.0052,False,False,3.7713,-1.0319,2.7316,-1.7143,-2.2817,4.3473,-0.0219,0.0059,-0.0023,-0.0042,0.0173,0.0034,0.0866,0.0033,0.6146,0.8147,0.802,-0.26,0.01,0.0783,0.0712,-0.0446,0.0162,0.0095,-0.072,-1.2868,0.0
71501,0.0,1.1967,-0.1265,False,False,2.0687,-1.5609,2.162,-1.8627,-1.6112,0.0366,0.3936,0.0053,1.0189,2.1552,0.1591,0.2473,-0.0,-0.2767,0.8058,0.8372,0.802,-0.26,0.01,0.0763,-0.045,0.0629,-0.0792,-0.0052,0.0474,-2.6983,0.0
71601,0.0,0.9596,-0.0293,False,False,2.6625,0.2488,3.0041,-4.1461,-3.1235,1.1976,-0.001,0.0013,-0.0537,-0.2155,-0.0008,-0.3193,-0.0,-0.0456,0.7379,0.8324,0.802,-0.26,0.01,0.0215,0.075,0.0772,-0.0483,-0.0142,0.0167,-1.8638,0.0
71701,0.0,0.9296,0.0,False,False,2.6625,0.2488,2.9109,-4.4531,-3.1396,0.3274,-0.0034,-0.0,-0.0032,-0.007,-0.0016,-0.0194,0.1567,-0.023,0.7176,0.8162,0.802,-0.26,0.01,0.0287,0.0522,0.0401,-0.0395,0.0291,0.0297,-1.7005,0.0
71801,0.0,0.9479,0.0011,False,False,2.667,0.2495,2.8455,-4.6625,-3.1271,-0.0351,-0.004,0.0001,-0.0019,0.0032,0.014,-0.0054,0.0543,-0.0377,0.729,0.8151,0.802,-0.26,0.01,0.0195,0.0708,0.0156,-0.0064,0.0523,0.0747,-2.5379,0.0
71901,0.0,0.9477,0.0,False,False,2.6847,0.2495,2.8455,-4.6625,-3.1271,-0.039,-0.0065,-0.0,-0.0025,-0.0062,0.0042,-0.0352,0.0729,-0.0391,0.726,0.8153,0.802,-0.26,0.01,0.0601,0.0755,0.0637,0.0618,0.0398,0.0574,-2.7878,0.0
72001,0.0,1.1942,-0.132,False,False,2.0707,-1.5556,2.1607,-1.8645,-1.6274,0.0544,0.3929,0.056,1.0216,2.1345,0.0549,0.4015,-0.0,-0.273,0.8079,0.8368,0.802,-0.26,0.01,0.0782,-0.0357,0.0633,-0.0757,-0.0384,0.0772,-2.3961,0.0
72101,0.0,0.868,-0.0128,False,False,3.9623,-1.0205,2.7632,-1.7561,-2.2497,4.3664,-0.0546,0.0078,0.0052,-0.0215,0.0855,0.0743,0.2663,-0.0001,0.6209,0.812,0.802,-0.26,0.01,0.0768,0.0463,0.0119,0.0569,0.0035,0.0114,0.3146,0.0
72201,0.0,0.8587,-0.0029,False,False,3.9624,-1.0205,2.7632,-1.7561,-2.2497,4.3664,-0.0261,0.0055,0.0015,-0.0008,0.0171,0.0049,0.0873,0.0095,0.6196,0.8155,0.802,-0.26,0.01,0.0722,0.076,-0.0401,0.0717,0.0402,-0.0281,-2.2477,0.0
72301,0.0,0.8668,0.0,False,False,3.9631,-1.0205,2.7632,-1.756,-2.2502,4.3676,-0.0203,-0.0001,-0.0001,0.0015,0.0272,0.0245,0.22,0.0013,0.621,0.8126,0.802,-0.26,0.01,0.0771,0.0544,0.0279,0.0523,0.0479,-0.0624,-0.5197,0.0
72401,0.0,0.8681,0.0,False,False,3.9639,-1.0205,2.7631,-1.756,-2.2519,4.3664,0.0567,0.0074,0.0138,-0.0403,-0.1795,-0.3689,0.2364,-0.0001,0.6214,0.8123,0.802,-0.26,0.01,0.0779,0.0162,-0.0478,0.0775,0.0168,0.0141,-0.5038,0.0
72501,0.0,1.1947,-0.1279,False,False,2.0699,-1.5564,2.1639,-1.8703,-1.6346,0.0549,0.3801,0.0502,1.0496,2.1354,-0.0361,0.4151,-0.0,-0.272,0.8111,0.8356,0.802,-0.26,0.01,0.0763,-0.0366,0.0703,-0.0796,-0.0562,0.0778,-1.7429,0.0
72601,0.0,0.9071,-0.0006,False,False,3.6476,-1.0464,2.6461,-1.6119,-2.3057,4.5355,-0.0097,0.0005,0.0089,-0.0121,0.013,0.0124,0.3158,-0.0501,0.6005,0.8116,0.802,-0.26,0.01,0.0785,0.0768,-0.0756,0.0739,0.0555,0.0578,-0.2274,0.0
72701,0.0,0.8994,-0.0028,False,False,3.6489,-1.0466,2.6452,-1.6081,-2.305,4.5438,-0.0015,-0.0275,-0.1666,0.5387,0.1725,-0.1835,0.1832,-0.0427,0.598,0.8137,0.802,-0.26,0.01,0.0727,0.0548,-0.0764,0.0759,0.0471,0.045,-1.3924,0.0
72801,0.0,0.9045,0.0,False,False,3.6491,-1.0464,2.6463,-1.6124,-2.3054,4.5442,-0.0099,0.0002,0.0013,-0.0016,-0.0019,-0.016,0.2717,-0.0475,0.5997,0.8123,0.802,-0.26,0.01,0.0719,0.0739,-0.036,0.0746,0.0742,-0.0088,-0.6078,0.0
72901,0.0,0.9038,0.0,False,False,3.6491,-1.0464,2.6463,-1.6124,-2.3054,4.5442,-0.0146,0.0015,0.0045,-0.004,0.0181,-0.0109,0.2656,-0.0467,0.5999,0.8124,0.802,-0.26,0.01,0.0779,0.0786,-0.0636,0.0649,0.0359,0.0401,0.9685,0.0
73001,0.0,1.1907,-0.1191,False,False,2.0686,-1.5556,2.1614,-1.8661,-1.6263,0.0332,0.37,0.0586,1.0273,2.1184,0.0239,0.209,0.0004,-0.2711,0.8037,0.839,0.802,-0.26,0.01,0.074,-0.0355,0.0644,-0.078,-0.0406,0.0423,-2.0374,0.0
73101,0.0,0.8958,-0.021,False,False,2.4134,0.2495,2.8474,-4.6574,-3.1296,0.2774,0.0199,0.0052,-0.0588,-0.1531,-0.0116,-0.127,0.1728,0.0167,0.7205,0.8107,0.802,-0.26,0.01,-0.0132,0.0737,0.051,0.0774,0.0458,0.0498,-2.3099,0.0
73201,0.0,0.8964,0.0,False,False,2.4116,0.2495,2.8456,-4.6629,-3.1296,0.2642,0.0031,0.0001,-0.0091,-0.022,-0.0058,-0.0478,0.1328,0.0166,0.7215,0.811,0.802,-0.26,0.01,-0.0232,0.0597,0.068,-0.03,0.0637,-0.0085,-2.1551,0.0
73301,0.0,0.8973,0.0,False,False,2.4119,0.2495,2.8458,-4.6621,-3.1296,0.2662,-0.0032,0.0032,-0.0478,-0.1497,0.0103,-0.2199,0.1186,0.0159,0.722,0.8112,0.802,-0.26,0.01,0.0196,0.077,0.0723,0.0481,0.0578,0.0005,-2.1518,0.0
73401,0.0,0.8945,0.0,False,False,2.4118,0.2495,2.8455,-4.6631,-3.1296,0.2643,-0.0013,0.0003,-0.0031,0.0192,-0.0132,0.0556,0.1675,0.0181,0.7204,0.8105,0.802,-0.26,0.01,-0.0184,0.0638,0.0638,0.0208,0.065,0.0629,-1.8123,0.0
73501,0.0,1.1915,-0.1289,False,False,2.0692,-1.5664,2.1668,-1.8659,-1.6219,0.0341,0.4049,-0.048,1.0566,2.1936,0.0451,0.2212,0.0,-0.2723,0.8032,0.8384,0.802,-0.26,0.01,0.0779,-0.0543,0.0718,-0.079,-0.0259,0.0429,-0.8395,0.0
73601,0.0,0.8918,0.0,False,False,3.9745,-1.047,2.643,-1.422,-2.2806,4.9004,-0.0108,-0.0003,0.0124,-0.0109,-0.0094,0.201,0.1168,-0.0343,0.5926,0.8569,0.802,-0.26,0.01,0.0757,0.075,-0.0685,0.0738,0.0751,0.0444,-2.624,0.0
73701,0.0,0.8758,0.0,False,False,3.9764,-1.0471,2.6412,-1.4206,-2.2762,5.7407,-0.0232,0.0086,0.0412,-0.127,-0.0286,-0.1133,0.217,-0.0135,0.6037,0.8494,0.802,-0.26,0.01,0.071,0.0799,-0.0744,0.0796,0.0729,0.0369,2.4735,0.0
73801,0.0,0.8632,0.0,False,False,3.9769,-1.0471,2.6409,-1.4203,-2.2755,5.6756,-0.0179,0.0037,0.0185,-0.052,-0.0255,-0.0978,0.11,-0.0011,0.6032,0.8362,0.802,-0.26,0.01,0.0695,0.0793,-0.0645,0.0774,0.0737,-0.0264,-0.06,0.0
73901,0.0,0.8639,0.0,False,False,3.9775,-1.0471,2.6405,-1.4201,-2.2747,5.6806,-0.0273,0.0022,0.0111,-0.023,-0.0073,0.0182,0.114,-0.0017,0.6032,0.8369,0.802,-0.26,0.01,0.076,0.0796,-0.0038,0.0787,0.074,0.0204,-1.5421,0.0
74001,0.0,1.2067,-0.124,False,False,2.0652,-1.552,2.1634,-1.8713,-1.6097,0.0406,0.3348,0.1011,1.0561,2.1022,0.1283,0.3124,0.0011,-0.282,0.8184,0.8322,0.802,-0.26,0.01,0.0677,-0.0283,0.072,-0.0745,-0.013,0.0546,-1.1551,0.0
74101,0.0,0.9225,0.0,False,False,2.8619,0.249,3.0241,-4.0612,-3.1263,1.0478,0.0006,-0.0,-0.0001,0.0138,-0.01,-0.0644,0.318,-0.024,0.7002,0.8088,0.802,-0.26,0.01,0.0482,0.0445,0.0112,-0.0735,0.0471,-0.0212,1.8137,0.0
74201,0.0,0.9807,0.0,False,False,3.1178,0.2495,2.8455,-4.6626,-3.1272,-0.4539,0.152,0.0001,-0.0011,0.0035,-0.0072,-0.0446,0.3976,-0.0906,0.6944,0.8277,0.802,-0.26,0.01,0.078,0.0695,0.0138,0.0671,-0.0118,0.0774,0.9012,0.0
74301,0.0,0.9947,0.0,False,False,3.1458,0.2495,2.8455,-4.6626,-3.1271,-0.4442,-0.0016,0.0006,-0.0006,0.0035,-0.0036,-0.0147,0.3399,-0.105,0.6972,0.8223,0.802,-0.26,0.01,-0.0048,0.0725,0.0669,-0.0678,-0.0341,-0.0738,-3.061,0.0
74401,0.0,0.9963,0.0,False,False,3.1578,0.2495,2.8455,-4.6625,-3.1271,-0.4411,0.0011,0.0005,0.0001,0.0025,-0.003,-0.0027,0.3323,-0.1073,0.696,0.8219,0.802,-0.26,0.01,-0.0142,0.0647,0.0316,-0.004,-0.0264,-0.0151,1.2563,0.0
74501,0.0,1.1937,-0.1315,False,False,2.0676,-1.5646,2.1672,-1.8549,-1.6201,0.0472,0.3847,-0.025,1.0793,2.3232,0.0308,0.3559,0.005,-0.2733,0.8063,0.8366,0.802,-0.26,0.01,0.0747,-0.0505,0.0778,-0.0391,-0.0265,0.0655,-0.9832,0.0
74601,0.0,0.883,0.0,False,False,4.8755,-1.0243,2.7538,-1.7433,-1.9663,4.6283,-0.0101,-0.0004,-0.0004,0.0032,0.0317,0.0856,0.4341,-0.0148,0.6248,0.8125,0.802,-0.26,0.01,0.0754,0.0666,0.064,-0.0506,0.0302,0.0664,2.0788,0.0
74701,0.0,0.8881,0.0,False,False,4.9224,-1.0262,2.7488,-1.7366,-2.0027,4.627,-0.0581,0.0117,0.0288,-0.051,-0.0521,-0.1724,0.3947,-0.0234,0.617,0.8127,0.802,-0.26,0.01,0.0781,0.0317,0.0728,0.0209,0.0214,0.0443,1.1315,0.0
74801,0.0,0.9019,0.0,False,False,5.07,-1.0295,2.7389,-1.7243,-2.1271,4.6251,-0.0167,0.0006,0.0016,-0.0014,0.0245,0.0051,0.4394,-0.0522,0.5788,0.8125,0.802,-0.26,0.01,0.0784,0.0601,-0.0029,0.0771,-0.0468,0.0182,3.036,0.0
74901,0.0,0.905,0.0,False,False,5.1508,-1.0289,2.7406,-1.7273,-2.2154,4.6238,-0.1178,0.0016,0.0053,0.0021,0.1073,0.0981,0.3441,-0.062,0.5583,0.8129,0.802,-0.26,0.01,0.0756,0.0509,0.0617,-0.0686,-0.0615,0.0704,0.4347,0.0
75001,0.0,1.1924,-0.1327,False,False,2.0668,-1.547,2.1628,-1.8758,-1.6046,0.0345,0.3462,0.1504,1.0642,2.0611,0.2324,0.2237,0.0577,-0.2751,0.7995,0.8357,0.802,-0.26,0.01,0.0709,-0.0194,0.0741,-0.0732,0.0011,0.0469,0.3856,0.0
75101,0.0,0.9136,-0.0016,False,False,4.0547,-1.046,2.5848,-1.5549,-2.2596,4.6274,-0.0084,0.0002,0.0047,-0.013,-0.0064,-0.0339,0.349,-0.0708,0.559,0.8131,0.802,-0.26,0.01,0.0759,0.0166,-0.0261,0.0522,0.0662,0.0131,0.5509,0.0
75201,0.0,0.9167,0.0,False,False,4.0617,-1.046,2.5852,-1.5555,-2.2702,4.6226,-0.0102,-0.0036,-0.0333,0.1403,0.0062,0.03,0.3599,-0.0743,0.558,0.8129,0.802,-0.26,0.01,0.0793,0.035,-0.0494,0.0728,0.0671,0.0429,1.3264,0.0
75301,0.0,0.9124,-0.0027,False,False,4.0672,-1.046,2.5856,-1.556,-2.2771,4.6227,-0.0091,-0.0001,0.0005,0.0003,0.0158,0.0169,0.2561,-0.0699,0.5581,0.8134,0.802,-0.26,0.01,0.078,0.0613,-0.0027,0.0635,0.0747,0.0399,-0.2321,0.0
75401,0.0,0.9207,0.0,False,False,4.187,-1.0465,2.5982,-1.5691,-2.3136,5.048,-0.0093,0.0003,0.0043,-0.0109,0.0144,0.0809,0.3334,-0.0804,0.5505,0.8247,0.802,-0.26,0.01,0.0683,0.0733,-0.0438,0.0654,0.0651,0.0786,1.7847,0.0
75501,0.0,1.2005,-0.1298,False,False,2.0681,-1.5553,2.1656,-1.8724,-1.6236,0.0503,0.3651,0.0654,1.0714,2.1338,0.0387,0.3842,-0.0,-0.2768,0.8151,0.8327,0.802,-0.26,0.01,0.0734,-0.0342,0.0757,-0.0743,-0.0361,0.0703,-2.208,0.0
75601,0.0,0.8258,0.0,False,False,3.3082,-3.3932,3.1416,-0.0968,-2.5667,4.6385,-0.0072,-0.0005,0.0091,0.0607,-0.0257,0.1658,0.6773,0.0756,0.6826,0.801,0.802,-0.26,0.01,0.0697,-0.0778,0.01,-0.0796,0.0583,-0.0761,3.1237,0.0
75701,0.0,0.8259,0.0,False,False,3.3083,-3.3932,3.1415,-0.0974,-2.5671,4.6348,-0.0051,-0.0004,0.0071,0.0253,-0.0244,0.074,0.6733,0.0754,0.6825,0.8008,0.802,-0.26,0.01,0.0762,-0.0784,0.037,-0.0797,0.0454,-0.0281,3.1192,0.0
75801,0.0,0.8259,0.0,False,False,3.3084,-3.3932,3.1415,-0.0977,-2.5669,4.6338,-0.0045,-0.0007,0.0079,0.0367,-0.0177,0.0954,0.6731,0.0754,0.6824,0.8008,0.802,-0.26,0.01,0.0757,-0.0757,0.0331,-0.0799,0.0469,-0.0371,3.0623,0.0
75901,0.0,0.8259,0.0,False,False,3.3086,-3.3932,3.1414,-0.0981,-2.5669,4.632,-0.0065,-0.0001,0.0069,0.0443,-0.0182,0.1376,0.672,0.0753,0.6823,0.8007,0.802,-0.26,0.01,0.0782,-0.0756,0.0092,-0.0794,0.0417,-0.0312,3.1337,0.0
76001,0.0,1.1881,-0.1213,False,False,2.0612,-1.5535,2.1668,-1.8763,-1.6042,0.0326,0.2967,0.0923,1.0849,2.0969,0.099,0.2276,0.0797,-0.2716,0.7964,0.8384,0.802,-0.26,0.01,0.0604,-0.0302,0.0788,-0.0783,-0.0092,0.0456,0.6841,0.0
76101,0.0,0.909,0.0,False,False,4.7208,-1.0287,2.7417,-1.7265,-2.24,4.6817,-0.0175,-0.0009,-0.0051,0.0097,0.0336,0.0633,0.3984,-0.0602,0.577,0.8151,0.802,-0.26,0.01,0.0747,0.0668,0.0335,-0.0388,0.0131,0.0746,2.5624,0.0
76201,0.0,0.9253,0.0,False,False,4.8871,-1.0195,2.7645,-1.7647,-2.465,4.6187,-0.0176,-0.0016,-0.0051,0.003,0.0365,-0.0651,0.324,-0.0926,0.5253,0.8131,0.802,-0.26,0.01,0.062,0.0298,0.0408,-0.043,0.025,0.0645,-0.5582,0.0
76301,0.0,0.9258,0.0,False,False,4.923,-1.0155,2.7729,-1.7783,-2.516,4.6174,-0.0126,-0.0009,-0.0089,0.0096,0.0297,-0.0749,0.268,-0.0957,0.5152,0.8134,0.802,-0.26,0.01,0.0468,0.0501,0.0194,-0.0384,0.0565,0.0717,-0.1252,0.0
76401,0.0,0.9259,0.0,False,False,4.9617,-1.0127,2.7796,-1.7823,-2.5168,4.769,0.0006,-0.0036,-0.009,0.0177,0.0172,0.0884,0.1206,-0.0927,0.5266,0.817,0.802,-0.26,0.01,0.0101,0.0756,0.0024,-0.0419,0.0486,0.0785,-2.7286,0.0
76501,0.0,1.1881,-0.111,False,False,2.064,-1.5564,2.167,-1.874,-1.6211,0.0029,0.3223,0.0597,1.0823,2.128,-0.0236,-0.0503,0.0358,-0.2697,0.8005,0.8385,0.802,-0.26,0.01,0.0652,-0.0356,0.0779,-0.0779,-0.0395,-0.0065,-0.0589,0.0
76601,0.0,1.1641,0.0,False,False,6.2056,-3.3932,3.1238,0.0501,-1.6515,4.5369,-0.0023,-0.0002,0.0045,0.0071,-0.001,-0.0254,0.0333,-0.2691,0.746,0.7947,0.802,-0.26,0.01,0.0779,-0.0702,0.0316,0.0054,-0.0427,0.0306,2.5692,0.0
76701,0.0,1.1632,0.0,False,False,6.2056,-3.3932,3.1283,0.0579,-1.6617,4.4862,-0.0023,-0.0002,0.0021,0.0037,0.0054,0.0139,0.0873,-0.2742,0.7315,0.7962,0.802,-0.26,0.01,0.0663,-0.0637,0.0371,0.055,-0.0607,0.0399,2.3221,0.0
76801,0.0,1.1628,0.0,False,False,6.2056,-3.3932,3.1283,0.0579,-1.6617,4.4862,-0.0018,-0.0002,0.0026,0.0077,0.0024,0.002,0.0769,-0.2739,0.7312,0.7962,0.802,-0.26,0.01,0.0774,-0.0733,0.0003,0.0563,-0.0572,-0.0214,2.5475,0.0
76901,0.0,1.1608,0.0,False,False,6.2056,-3.3932,3.1284,0.0579,-1.6618,4.4862,-0.002,-0.0006,0.0024,0.0053,0.0066,0.0081,0.0395,-0.272,0.7304,0.7964,0.802,-0.26,0.01,0.062,-0.0753,0.0259,0.0537,-0.0697,0.0006,2.9075,0.0
77001,0.0,1.2194,-0.114,False,False,2.0481,-1.5451,2.1633,-1.8737,-1.5716,0.0314,0.1506,0.1895,1.0668,2.0346,0.1761,0.2606,0.0,-0.2918,0.8273,0.8338,0.802,-0.26,0.01,0.0335,-0.0145,0.0741,-0.0763,0.0289,0.0458,-2.1053,0.0
77101,0.0,0.8784,0.0013,False,False,3.9208,-1.0468,2.6049,-1.5732,-2.1717,4.6289,-0.0121,0.0004,0.0016,-0.0054,0.0054,-0.048,0.1972,-0.0297,0.5716,0.8138,0.802,-0.26,0.01,0.0783,0.0642,0.0151,0.0757,0.0752,-0.0018,-2.1077,0.0
77201,0.0,0.8732,0.0027,False,False,3.9226,-1.0468,2.6049,-1.573,-2.1726,4.6323,-0.0088,0.0013,-0.0048,0.0055,0.0146,0.0314,0.1254,-0.0241,0.5719,0.8143,0.802,-0.26,0.01,0.0774,0.0777,0.0482,0.0095,0.0793,-0.073,-2.8556,0.0
77301,0.0,0.8755,0.0,False,False,4.0333,-1.0467,2.6071,-1.5775,-2.1607,5.0848,-0.0222,-0.0003,0.0137,-0.0119,0.0574,-0.0166,0.2738,-0.0265,0.5712,0.8217,0.802,-0.26,0.01,0.0689,0.0632,-0.0452,0.0568,0.069,0.071,0.7765,0.0
77401,0.0,0.8846,0.0,False,False,4.0337,-1.0467,2.6071,-1.5775,-2.1611,5.085,-0.0091,-0.0,0.0018,-0.002,0.0071,-0.0089,0.3554,-0.0367,0.569,0.8257,0.802,-0.26,0.01,0.0702,0.0436,0.0026,0.0771,0.0541,0.0488,2.3628,0.0
77501,0.0,1.1943,-0.1082,False,False,2.0429,-1.5436,2.1656,-1.8784,-1.5975,-0.0042,0.0662,0.2104,1.0924,2.0173,-0.1918,-0.0437,0.0333,-0.2731,0.8084,0.832,0.802,-0.26,0.01,0.0196,-0.0109,0.0796,-0.0792,-0.0427,-0.0096,-0.1657,0.0
77601,0.0,1.1265,0.0,False,False,6.2323,-2.7103,3.067,-0.7642,-1.604,4.4251,0.0864,-0.1517,-0.1573,0.0258,-0.1622,-0.1671,0.0841,-0.2285,0.7451,0.7989,0.802,-0.26,0.01,0.0794,0.014,-0.0741,0.0793,-0.0621,-0.0199,0.7972,0.0
77701,0.0,1.1667,0.0,False,False,6.2173,-3.3932,3.1278,0.0573,-1.5041,4.5152,-0.0016,-0.0005,0.0036,0.0011,0.0152,0.0569,-0.0,-0.2621,0.7685,0.7965,0.802,-0.26,0.01,0.0737,-0.0682,0.0378,0.0621,-0.0583,-0.045,2.4739,0.0
77801,0.0,1.1667,0.0,False,False,6.2173,-3.3932,3.1281,0.0578,-1.5038,4.5168,-0.0028,-0.0001,0.0052,0.0049,0.0213,0.0525,-0.0,-0.2621,0.7683,0.7965,0.802,-0.26,0.01,0.0564,-0.0671,0.0341,0.0644,-0.0534,-0.0119,3.0791,0.0
77901,0.0,1.1668,0.0,False,False,6.2172,-3.3932,3.1283,0.0584,-1.5036,4.518,-0.0028,-0.0004,0.0035,0.0062,0.0032,0.0019,0.0036,-0.2624,0.7681,0.7964,0.802,-0.26,0.01,0.0648,-0.0561,-0.0091,0.0487,-0.0143,-0.0706,1.156,0.0
78001,0.0,1.2125,-0.1125,False,False,2.0464,-1.5415,2.1635,-1.8685,-1.5986,0.0309,0.1029,0.2297,1.0893,2.1055,-0.1244,0.2941,-0.0,-0.2834,0.8288,0.8326,0.802,-0.26,0.01,0.027,-0.0073,0.0793,-0.0507,-0.0373,0.0493,-2.229,0.0
78101,0.0,0.948,0.0,False,False,5.37,-0.9389,2.8697,-1.9409,-1.9752,4.4164,-0.0124,-0.0101,-0.011,0.0261,0.1373,0.0312,0.4222,-0.0768,0.6451,0.8065,0.802,-0.26,0.01,0.0482,0.023,0.0728,-0.0468,-0.0746,0.0784,2.9692,0.0
78201,0.0,0.9297,0.0,False,False,4.5767,0.2502,3.1007,-3.3262,-2.1362,4.3879,-0.0007,0.0003,0.0007,0.0177,-0.0133,0.1021,0.3701,-0.0105,0.7412,0.8147,0.802,-0.26,0.01,-0.0072,0.0796,-0.0353,-0.0469,0.0687,0.0338,-0.206,0.0
78301,0.0,0.9289,0.0,False,False,4.5768,0.2501,3.1007,-3.3267,-2.1363,4.3674,-0.0035,-0.0007,0.0001,0.0099,-0.0077,-0.0128,0.3456,-0.0092,0.7419,0.8145,0.802,-0.26,0.01,0.0338,0.0774,-0.0626,-0.0654,0.0452,0.0146,0.4884,0.0
78401,0.0,0.9247,0.0,False,False,4.5769,0.2502,3.1006,-3.3288,-2.1353,4.3811,0.0027,-0.0007,-0.0002,-0.0043,0.0036,0.0479,0.1732,-0.002,0.746,0.8173,0.802,-0.26,0.01,-0.0225,0.078,-0.0316,0.0153,0.0118,0.0182,-2.11,0.0
78501,0.0,1.1872,-0.1113,False,False,2.0597,-1.5553,2.1673,-1.8725,-1.6222,0.0078,0.2685,0.0757,1.0886,2.1379,-0.1247,0.0077,0.0052,-0.2682,0.8016,0.8383,0.802,-0.26,0.01,0.0556,-0.0332,0.0793,-0.072,-0.0531,0.003,-1.4441,0.0
78601,0.0,0.842,-0.0031,False,False,4.141,-1.0072,2.7896,-1.7968,-2.057,4.6262,-0.0107,-0.0007,-0.0016,0.0041,0.0261,0.0681,0.287,0.031,0.6276,0.8132,0.802,-0.26,0.01,0.0675,0.0641,0.0625,-0.0444,0.0654,-0.0459,-0.6844,0.0
78701,0.0,0.8487,0.0,False,False,4.2192,-1.0129,2.7797,-1.7773,-2.0404,4.809,-0.0173,0.0066,-0.0075,0.0183,-0.0189,-0.0076,0.3547,0.0236,0.6269,0.8191,0.802,-0.26,0.01,0.0746,0.0787,0.0666,0.0246,0.0761,-0.0683,1.3576,0.0
78801,0.0,0.8442,0.0,False,False,4.3174,-1.0184,2.7673,-1.7647,-1.9951,5.0876,-0.0118,0.0016,0.0034,-0.0054,-0.0071,-0.0052,0.3499,0.0284,0.6261,0.8255,0.802,-0.26,0.01,0.0774,0.0468,0.0576,0.0187,0.0774,0.028,2.5921,0.0
78901,0.0,0.8574,0.0,False,False,4.3851,-1.022,2.7592,-1.7525,-2.0236,5.102,-0.0144,-0.0028,-0.0061,0.0123,0.0191,0.1054,0.3868,0.0127,0.6227,0.827,0.802,-0.26,0.01,0.0757,0.0671,0.0697,0.0385,0.0741,0.0567,2.814,0.0
79001,0.0,1.1956,-0.1308,False,False,2.0531,-1.5457,2.1656,-1.8784,-1.6135,-0.0388,0.1772,0.1793,1.092,2.0467,-0.1442,-0.3894,0.0014,-0.2738,0.81,0.8321,0.802,-0.26,0.01,0.0405,-0.0154,0.0797,-0.0768,-0.0527,-0.0725,-0.6634,0.0
79101,0.0,0.8174,0.0,False,False,4.1636,-0.9407,2.868,-1.939,-1.9551,4.6806,-0.006,-0.0075,-0.0064,0.0148,0.0043,0.0922,0.3312,0.0712,0.6554,0.8149,0.802,-0.26,0.01,0.0758,0.0591,0.0551,-0.0194,0.0469,-0.0719,2.3758,0.0
79201,0.0,0.8179,0.0006,False,False,4.1951,-0.9486,2.8614,-1.9233,-1.9425,4.734,-0.0223,0.004,0.0006,-0.0045,-0.002,-0.007,0.318,0.0703,0.6547,0.8167,0.802,-0.26,0.01,0.0789,0.0247,0.0751,0.0554,0.068,-0.0722,0.0176,0.0
79301,0.0,0.8241,0.0,False,False,4.3946,-0.9871,2.82,-1.8466,-1.8726,5.082,-0.0099,-0.0039,-0.0039,0.0151,0.0134,0.1293,0.3332,0.063,0.653,0.8253,0.802,-0.26,0.01,0.077,0.078,0.067,0.0326,0.0581,-0.001,1.2631,0.0
79401,0.0,0.8617,0.0,False,False,4.6475,-1.0171,2.7706,-1.7667,-1.9387,5.1344,-0.0109,0.0002,0.0003,-0.0012,0.0022,-0.0114,0.39,0.0147,0.6383,0.8284,0.802,-0.26,0.01,0.0607,0.0244,0.0675,0.0119,0.0548,0.0664,2.3095,0.0
79501,0.0,1.1907,-0.1313,False,False,2.0479,-1.5529,2.1676,-1.873,-1.6177,-0.034,0.1298,0.1117,1.0928,2.1112,-0.3203,-0.327,-0.0,-0.2692,0.8081,0.8349,0.802,-0.26,0.01,0.0303,-0.0278,0.0796,-0.0763,-0.0723,-0.0631,-1.6912,0.0
79601,0.0,0.9243,-0.0039,False,False,2.809,0.2496,3.0729,-3.8168,-3.083,1.5272,-0.006,0.0008,-0.0047,0.0157,-0.024,0.0008,0.2011,-0.0211,0.7095,0.8189,0.802,-0.26,0.01,0.076,0.0767,0.0598,-0.029,0.0677,0.008,1.0736,0.0
79701,0.0,0.9217,-0.0036,False,False,2.8092,0.2496,3.0729,-3.8165,-3.0835,1.5269,-0.0052,0.0001,-0.0037,0.0185,-0.0341,-0.0214,0.2417,-0.0185,0.709,0.8176,0.802,-0.26,0.01,0.0695,0.0656,0.0663,-0.0636,0.047,0.0649,2.1551,0.0
79801,0.0,0.9232,-0.0364,False,False,2.8093,0.2496,3.0728,-3.8165,-3.084,1.5254,-0.0055,0.0027,-0.0014,-0.0079,0.0791,0.6525,0.2025,-0.0195,0.7103,0.8182,0.802,-0.26,0.01,0.0766,0.0764,-0.0013,-0.0411,-0.0024,0.0498,1.7708,0.0
79901,0.0,0.9267,0.0,False,False,2.8095,0.2496,3.0727,-3.8156,-3.0853,1.5248,-0.0065,0.0006,-0.0047,0.0284,-0.0331,0.0198,0.1156,-0.0223,0.7124,0.8198,0.802,-0.26,0.01,0.078,0.078,0.0519,-0.0304,0.0678,0.0661,-0.5413,0.0
80001,0.0,1.2011,-0.1258,False,False,2.0479,-1.5519,2.166,-1.8629,-1.6175,-0.0345,0.129,0.1225,1.0951,2.1603,-0.3166,-0.2994,0.0,-0.2755,0.8189,0.8317,0.802,-0.26,0.01,0.0303,-0.0261,0.0789,-0.0521,-0.072,-0.0628,-1.0895,0.0
80101,0.0,0.728,0.0,False,False,3.687,0.2511,3.1416,-3.5927,-2.179,4.3897,-0.0034,-0.0001,0.0359,-0.1733,0.1695,0.0419,0.0321,0.1668,0.6457,0.7993,0.802,-0.26,0.01,0.0792,0.0649,0.0765,-0.0758,-0.0444,-0.0463,0.0419,0.0
80201,0.0,0.7257,0.0,False,False,3.687,0.2511,3.1416,-3.5927,-2.1791,4.3897,-0.0012,-0.0006,0.0299,-0.1673,0.0209,-0.0141,-0.0,0.1689,0.6445,0.7998,0.802,-0.26,0.01,0.0774,0.0692,0.073,-0.0052,0.0139,-0.0674,-2.6741,0.0
80301,0.0,0.7314,0.0,False,False,3.6871,0.2511,3.1416,-3.5927,-2.1791,4.3897,-0.0007,0.0,0.0208,-0.0935,0.1311,0.0496,0.081,0.164,0.6477,0.7984,0.802,-0.26,0.01,0.0756,0.0674,0.053,-0.077,-0.0059,-0.0766,0.6842,0.0
80401,0.0,0.724,0.0,False,False,3.6871,0.2511,3.1416,-3.5927,-2.1791,4.3897,-0.0034,-0.0003,0.0326,-0.1537,0.1706,0.0519,-0.0,0.1709,0.6445,0.8001,0.802,-0.26,0.01,0.0763,0.0548,0.0739,-0.0704,-0.0699,-0.0477,-2.9111,0.0
80501,0.0,1.2058,-0.1099,False,False,2.0603,-1.5446,2.1635,-1.8672,-1.6262,-0.0076,0.2509,0.1835,1.0877,2.1578,-0.118,-0.0882,0.0,-0.279,0.8225,0.8324,0.802,-0.26,0.01,0.055,-0.014,0.0793,-0.0448,-0.0639,-0.0228,-2.5256,0.0
80601,0.0,0.7842,0.0,False,False,3.5032,0.2511,3.1413,-3.672,-2.4434,4.2886,-0.0071,0.0007,0.0007,-0.0049,0.018,0.0224,0.168,0.1078,0.6547,0.7959,0.802,-0.26,0.01,0.0786,0.074,0.0546,-0.0702,0.0144,-0.0365,2.5836,0.0
80701,0.0,0.7844,0.0,False,False,3.5043,0.2511,3.1413,-3.6722,-2.4437,4.2884,-0.0036,-0.0004,0.0038,-0.0264,0.0089,-0.0141,0.1687,0.1076,0.6548,0.7959,0.802,-0.26,0.01,0.0465,0.0632,0.0406,0.0122,0.0374,-0.0506,3.0583,0.0
80801,0.0,0.7846,0.0,False,False,3.5048,0.2511,3.1413,-3.6722,-2.4439,4.2884,0.0008,0.0001,0.0011,-0.006,0.0119,0.0155,0.1697,0.1075,0.655,0.7959,0.802,-0.26,0.01,0.0664,0.0665,0.0118,-0.0567,-0.006,-0.0322,3.0088,0.0
80901,0.0,0.7848,0.0,False,False,3.5054,0.2511,3.1413,-3.6722,-2.4441,4.2883,-0.0058,0.0004,0.0024,-0.0194,0.0011,-0.0073,0.1648,0.1071,0.6548,0.7959,0.802,-0.26,0.01,0.0692,0.065,-0.0559,-0.0133,0.0524,-0.0642,2.9923,0.0
81001,0.0,1.2139,-0.1002,False,False,2.0644,-1.5285,2.1607,-1.8899,-1.63,0.003,0.2588,0.3398,1.088,1.9074,-0.0119,-0.01,0.0,-0.2839,0.8313,0.8278,0.802,-0.26,0.01,0.0604,0.0143,0.0797,-0.0758,-0.0672,-0.0061,-2.4098,0.0
81101,0.0,0.7749,0.0,False,False,3.5538,0.2504,3.1098,-3.4274,-2.2252,4.4642,-0.008,0.0001,0.0048,-0.0299,0.0048,-0.0441,0.4493,0.1245,0.6659,0.8018,0.802,-0.26,0.01,0.07,0.0347,-0.0565,-0.0544,-0.0144,-0.0368,2.7306,0.0
81201,0.0,0.7772,0.0,False,False,3.5894,0.2504,3.1132,-3.4421,-2.2123,4.4695,-0.0069,-0.0002,0.0011,-0.0034,0.0184,0.0064,0.4603,0.1232,0.6683,0.8011,0.802,-0.26,0.01,0.0772,0.0574,0.0048,-0.0768,-0.0142,-0.0307,2.8462,0.0
81301,0.0,0.7808,0.0,False,False,3.6376,0.2505,3.1146,-3.451,-2.2123,4.453,-0.0065,-0.0003,0.0012,-0.0043,0.0211,0.004,0.4426,0.1215,0.6727,0.8007,0.802,-0.26,0.01,0.0772,0.0587,-0.0241,-0.0661,0.0426,-0.0621,2.8016,0.0
81401,0.0,0.7777,0.0011,False,False,3.644,0.2505,3.115,-3.4528,-2.2115,4.452,-0.0083,-0.0,0.0,0.0007,0.0151,-0.0009,0.38,0.1248,0.6723,0.8014,0.802,-0.26,0.01,0.0608,0.0207,0.016,-0.0733,0.0119,-0.0467,0.9733,0.0
81501,0.0,1.1955,-0.1228,False,False,2.0612,-1.5587,2.1684,-1.8731,-1.6323,0.0343,0.2852,0.0396,1.0887,2.1653,-0.2062,0.2716,-0.0,-0.2714,0.8141,0.8365,0.802,-0.26,0.01,0.0583,-0.0393,0.0796,-0.0778,-0.0713,0.047,-2.7101,0.0
81601,0.0,1.0808,0.0,False,False,6.2242,-2.9585,3.0872,-0.6865,-0.7763,4.8601,0.178,0.1254,-0.0408,-0.3798,0.0882,0.6347,0.0134,-0.0747,0.922,0.7996,0.802,-0.26,0.01,0.0345,0.062,-0.0741,-0.078,0.0487,-0.08,1.7878,0.0
81701,0.0,1.1368,0.0,False,False,6.2272,-3.3932,3.1311,-0.0233,-0.8405,4.7226,-0.0006,-0.0001,0.0017,0.0004,0.0151,-0.016,0.1075,-0.1449,0.919,0.7949,0.802,-0.26,0.01,0.0558,0.0401,-0.0544,0.0719,-0.0008,-0.0495,2.7845,0.0
81801,0.0,1.1391,0.0,False,False,6.2273,-3.3932,3.1317,-0.02,-0.8423,4.7167,-0.0009,-0.0001,0.0018,-0.0188,0.0227,-0.0145,0.1407,-0.148,0.9186,0.7948,0.802,-0.26,0.01,0.0723,0.0155,-0.0601,0.0564,-0.0087,-0.0207,2.0332,0.0
81901,0.0,1.1396,0.0,False,False,6.2272,-3.3932,3.1324,-0.016,-0.8432,4.7109,-0.002,0.0001,-0.002,-0.0244,-0.0181,-0.098,0.113,-0.1502,0.9162,0.7951,0.802,-0.26,0.01,0.0755,-0.0448,-0.066,0.0666,0.041,-0.0625,1.5555,0.0
82001,0.0,1.2161,-0.115,False,False,2.0574,-1.5557,2.1673,-1.8717,-1.6218,0.0366,0.243,0.074,1.0863,2.1499,-0.1717,0.3524,-0.0,-0.2839,0.8358,0.8322,0.802,-0.26,0.01,0.0507,-0.0337,0.0788,-0.0738,-0.0578,0.0534,-2.4168,0.0
82101,0.0,0.8591,-0.0044,False,False,3.3347,-1.0279,2.7446,-1.7284,-2.328,4.4993,0.0134,-0.0005,-0.0011,-0.002,-0.0364,-0.0374,0.0716,0.0092,0.6202,0.8127,0.802,-0.26,0.01,-0.0385,0.0797,0.0244,0.0756,0.0778,0.0776,-2.9049,0.0
82201,0.0,0.8593,-0.002,False,False,3.3332,-1.0279,2.7447,-1.7284,-2.3246,4.499,0.0132,-0.0008,-0.0022,0.0005,-0.0279,-0.0011,0.1038,0.0091,0.6205,0.8124,0.802,-0.26,0.01,-0.0448,0.0793,0.0478,0.066,0.0772,0.0791,-2.5511,0.0
82301,0.0,0.8579,0.0,False,False,3.3326,-1.0279,2.7447,-1.7284,-2.3232,4.4989,0.0198,-0.0012,-0.0023,0.0004,-0.0451,-0.0471,0.0866,0.0102,0.6196,0.8126,0.802,-0.26,0.01,-0.0615,0.0777,-0.0022,0.0726,0.0769,0.0741,-2.533,0.0
82401,0.0,0.8582,0.0,False,False,3.3324,-1.0279,2.7447,-1.7284,-2.3226,4.4989,0.0093,-0.0007,-0.003,0.0042,-0.0481,-0.072,0.1101,0.01,0.6196,0.8125,0.802,-0.26,0.01,-0.0366,0.0776,0.0158,0.0737,0.0796,0.0654,-2.6118,0.0
82501,0.0,1.1845,-0.117,False,False,2.0643,-1.5635,2.1695,-1.8706,-1.6362,0.0066,0.3301,-0.0123,1.0899,2.1977,-0.1945,-0.0187,-0.0,-0.2653,0.8012,0.84,0.802,-0.26,0.01,0.0657,-0.0482,0.0796,-0.0761,-0.0707,-0.0018,-2.5903,0.0
82601,0.0,0.9268,-0.0019,False,False,2.9432,0.2495,3.067,-3.8204,-3.1221,0.717,-0.0155,0.0003,0.0074,0.0461,-0.0005,0.0658,0.2346,-0.0276,0.7021,0.8203,0.802,-0.26,0.01,0.0641,0.0628,-0.0668,-0.0098,-0.0426,0.0614,1.4961,0.0
82701,0.0,0.9327,-0.0024,False,False,2.946,0.2494,3.0582,-3.8707,-3.1301,0.5525,-0.0046,-0.0001,0.0028,0.0109,0.0064,0.026,0.3263,-0.0318,0.7066,0.8232,0.802,-0.26,0.01,0.0755,0.0744,-0.0098,-0.0034,-0.0211,-0.0215,-1.0399,0.0
82801,0.0,0.9315,0.0,False,False,2.9465,0.2494,3.0579,-3.8726,-3.1305,0.5496,-0.0064,0.0006,0.0009,0.0048,0.0003,0.0061,0.3295,-0.0308,0.7058,0.824,0.802,-0.26,0.01,0.0788,0.0598,-0.0167,-0.0031,-0.0119,-0.0385,-1.9899,0.0
82901,0.0,0.9313,0.0,False,False,2.9469,0.2494,3.0577,-3.8734,-3.1307,0.5482,-0.0078,0.0001,0.0032,0.0154,0.0021,0.0298,0.3312,-0.0307,0.7056,0.8241,0.802,-0.26,0.01,0.0757,0.0784,-0.0503,-0.0051,0.0295,0.0423,1.1699,0.0
83001,0.0,1.2,-0.1958,False,False,2.0486,-1.55,2.166,-1.8738,-1.6135,0.0429,0.1933,0.0039,1.6338,-1.8763,-0.5114,1.1361,-0.0001,-0.2743,0.819,0.8309,0.802,-0.26,0.01,0.0313,-0.0229,0.0772,-0.0785,-0.0626,0.0668,-2.7311,0.0
83101,0.0,1.2279,0.0,False,False,3.0575,-0.615,1.8323,0.3698,-3.1782,3.1295,-0.0769,0.0522,-0.2402,0.4877,-0.3812,-1.5388,0.2829,-0.3479,0.72,0.812,0.802,-0.26,0.01,-0.0611,0.0496,-0.0798,0.0693,0.0365,0.0798,1.3584,0.0
83201,0.0,1.052,0.0,False,False,1.3401,0.249,-0.1971,1.5328,-3.1519,3.3591,-0.0128,-0.0002,-0.0006,0.6957,-0.5393,1.777,0.0021,0.3055,1.217,0.8191,0.802,-0.26,0.01,-0.0799,0.0347,-0.0789,0.0026,0.0797,0.08,-2.1231,0.0
83301,0.0,1.0469,0.0,False,False,1.3356,0.249,-0.1971,1.5504,-3.168,3.2837,-0.0072,0.0009,-0.0018,0.8687,-0.6721,1.1587,0.0002,0.3066,1.212,0.8145,0.802,-0.26,0.01,-0.0793,0.0602,-0.0782,0.0501,0.0796,0.08,-2.8571,0.0
83401,0.0,1.0451,0.0,False,False,1.3353,0.249,-0.1971,1.5512,-3.1688,3.2814,-0.0166,0.0003,-0.001,1.0146,-0.7946,1.2613,0.0,0.3052,1.2092,0.814,0.802,-0.26,0.01,-0.0793,-0.0694,-0.0668,0.0687,0.0797,0.08,-3.1093,0.0
83501,0.0,1.1958,-0.1129,False,False,2.0584,-1.5631,2.1693,-1.8695,-1.622,-0.0031,0.2709,-0.0019,1.0887,2.176,-0.1765,-0.0674,-0.0,-0.2731,0.8114,0.8356,0.802,-0.26,0.01,0.0541,-0.047,0.0788,-0.0776,-0.0534,-0.0156,-3.0153,0.0
83601,0.0,1.1575,0.0,False,False,3.2453,-0.6796,2.1447,0.1159,-3.0061,4.6803,0.006,0.0001,0.0049,-0.0151,0.0106,-0.0064,-0.0,-0.2875,0.671,0.877,0.802,-0.26,0.01,-0.0747,0.0746,-0.0787,0.0798,0.0799,0.08,-3.1021,0.0
83701,0.0,1.1576,0.0,False,False,3.245,-0.6796,2.1444,0.1161,-3.0061,4.6791,0.0074,-0.0006,0.0068,-0.0105,-0.0023,0.0171,-0.0,-0.2876,0.6711,0.877,0.802,-0.26,0.01,-0.0758,0.0756,-0.0794,0.0793,0.0795,0.08,-2.9365,0.0
83801,0.0,1.1577,0.0,False,False,3.2448,-0.6796,2.1441,0.1164,-3.0061,4.6776,0.0076,-0.0008,0.0088,-0.0114,-0.0038,0.0414,-0.0,-0.2877,0.6712,0.877,0.802,-0.26,0.01,-0.0748,0.0456,-0.0799,0.0799,0.0799,0.08,-3.1152,0.0
83901,0.0,1.1615,0.0,False,False,3.2392,-0.6785,2.1349,0.1245,-3.0059,4.6286,0.0109,-0.0006,0.0065,-0.008,0.0001,0.0118,-0.0,-0.2913,0.6723,0.877,0.802,-0.26,0.01,-0.0738,0.0673,-0.0798,0.079,0.0795,0.08,-2.7611,0.0
84001,0.0,1.1934,-0.1172,False,False,2.0468,-1.5648,2.1693,-1.8647,-1.6168,0.0211,0.1435,-0.0079,1.0804,2.1904,-0.3758,0.2024,-0.0,-0.2699,0.8126,0.8346,0.802,-0.26,0.01,0.0298,-0.0491,0.0762,-0.0786,-0.0693,0.0309,-2.7913,0.0
84101,0.0,1.0454,0.0,False,False,3.5615,0.2491,2.8755,-4.5708,-3.1299,3.544,0.0072,0.0034,-0.0515,-0.1578,0.0029,-0.2325,0.3605,-0.1903,0.6171,0.8235,0.802,-0.26,0.01,0.0179,0.0689,0.0728,0.0612,0.054,-0.0145,2.8283,0.0
84201,0.0,1.0399,0.0,False,False,3.8293,0.2495,2.8455,-4.6624,-3.1273,3.3697,-0.0098,0.0029,-0.0333,-0.0886,-0.0089,-0.1391,0.3232,-0.2007,0.5642,0.8211,0.802,-0.26,0.01,0.0194,0.0255,0.0774,0.0381,0.0195,0.0322,-0.1011,0.0
84301,0.0,1.0381,0.0,False,False,3.9187,0.2495,2.8455,-4.6626,-3.1273,3.3683,0.0033,0.0018,-0.0178,-0.0504,-0.0048,-0.0621,0.3844,-0.204,0.544,0.8219,0.802,-0.26,0.01,0.002,0.0066,0.0646,0.0716,0.0031,0.0651,2.8303,0.0
84401,0.0,1.0373,0.0,False,False,3.9018,0.2495,2.8455,-4.6627,-3.128,3.3488,0.0024,0.0001,-0.035,-0.0998,-0.0016,-0.1244,0.3367,-0.2021,0.5486,0.821,0.802,-0.26,0.01,0.0003,0.0479,0.0776,0.0695,0.0656,0.0498,1.5174,0.0
84501,0.0,1.1858,-0.1217,False,False,2.0534,-1.5573,2.1679,-1.8714,-1.6242,0.0276,0.1985,0.0613,1.0868,2.1415,-0.2854,0.217,0.0254,-0.2658,0.8035,0.8385,0.802,-0.26,0.01,0.0421,-0.0362,0.0781,-0.0792,-0.0724,0.0391,-0.865,0.0
84601,0.0,1.2657,0.0,False,False,1.728,0.2495,2.8442,-4.6427,0.0193,-2.8237,-0.0316,0.0005,-0.0,0.0007,-0.0056,0.0938,0.0193,-0.4215,0.6127,0.819,0.802,-0.26,0.01,-0.0785,0.0789,-0.0663,0.0771,0.0788,-0.0219,-3.0678,0.0
84701,0.0,1.2736,0.0,False,False,1.5951,0.2495,2.8442,-4.6426,0.0185,-2.6801,-0.0995,-0.0,0.0,-0.0002,0.0014,0.0217,0.0131,-0.4178,0.6545,0.8245,0.802,-0.26,0.01,-0.0799,0.0793,-0.0689,0.0744,0.0795,-0.0138,-2.5703,0.0
84801,0.0,1.2728,0.0,False,False,1.5455,0.2495,2.8442,-4.6428,0.0197,-2.663,-0.0084,-0.0001,-0.0,0.0001,0.0002,0.0054,-0.0,-0.4119,0.6708,0.8274,0.802,-0.26,0.01,-0.0798,0.0793,-0.0772,0.0761,0.0795,-0.0198,-2.919,0.0
84901,0.0,1.2731,0.0,False,False,1.5386,0.2495,2.8442,-4.6429,0.0204,-2.6505,-0.0161,0.0006,0.0,-0.0002,-0.0028,-0.0085,0.0,-0.412,0.6716,0.8289,0.802,-0.26,0.01,-0.0799,0.0787,-0.0728,0.0762,0.0796,-0.0605,-3.0195,0.0
85001,0.0,1.1976,-0.1199,False,False,2.0616,-1.569,2.1703,-1.8669,-1.6344,-0.0128,0.3118,-0.0654,1.083,2.2264,-0.2523,-0.1362,-0.0,-0.2731,0.8155,0.8373,0.802,-0.26,0.01,0.0608,-0.0578,0.0777,-0.0798,-0.0716,-0.0333,-2.902,0.0
85101,0.0,0.7577,-0.0063,False,False,3.3171,-0.929,2.8771,-1.9624,-2.272,1.4014,0.0121,-0.0042,-0.0036,0.0038,-0.0133,-0.0803,0.3063,0.1074,0.5912,0.8199,0.802,-0.26,0.01,-0.0257,0.0684,-0.0401,0.03,-0.008,-0.065,0.8069,0.0
85201,0.0,0.7582,-0.0054,False,False,3.313,-0.928,2.8778,-1.9643,-2.2735,1.3924,0.022,-0.0106,-0.0091,0.0144,0.0161,-0.0363,0.296,0.1071,0.5918,0.82,0.802,-0.26,0.01,-0.0172,0.0737,-0.0363,0.0766,-0.0417,-0.0712,0.7011,0.0
85301,0.0,0.7566,-0.0067,False,False,3.306,-0.9265,2.8789,-1.9677,-2.2792,1.3684,0.0284,-0.0139,-0.0109,0.02,0.0259,-0.0531,0.3395,0.1085,0.5908,0.8209,0.802,-0.26,0.01,-0.0318,0.0767,-0.0329,0.0567,-0.0177,-0.0668,1.8222,0.0
85401,0.0,0.7641,0.0,False,False,3.3019,-0.9256,2.8795,-1.9698,-2.2817,1.3568,0.0237,-0.0116,-0.0091,0.0154,0.0005,-0.082,0.2322,0.1026,0.5963,0.8194,0.802,-0.26,0.01,-0.0323,0.0651,-0.0413,0.0572,0.0033,-0.0315,-1.2596,0.0
85501,0.0,1.1879,-0.1324,False,False,2.056,-1.5496,2.1661,-1.8739,-1.6231,0.0475,0.2127,0.1372,1.0891,2.1104,-0.1917,0.378,0.0009,-0.2675,0.8048,0.8364,0.802,-0.26,0.01,0.0466,-0.0226,0.0794,-0.0701,-0.0661,0.0714,-1.4344,0.0
85601,0.0,0.9906,0.0,False,False,3.0921,0.2491,3.0343,-4.0093,-3.122,4.39,-0.0002,-0.0001,-0.0068,-0.0306,0.0044,-0.1231,0.3197,-0.1013,0.6953,0.8246,0.802,-0.26,0.01,0.0349,-0.059,0.0228,-0.044,-0.0567,-0.0576,0.6105,0.0
85701,0.0,0.9967,0.0,False,False,3.1356,0.249,3.0283,-4.0398,-3.1199,4.3375,0.0001,0.0,0.0009,0.6065,-0.4596,0.916,0.2944,-0.1104,0.6898,0.8242,0.802,-0.26,0.01,-0.0514,-0.0234,0.0666,0.0402,-0.0655,-0.0553,-0.8136,0.0
85801,0.0,1.0077,0.0,False,False,3.1501,0.2488,3.006,-4.1387,-3.1232,4.0353,0.2356,-0.0004,-0.0674,-0.2562,-0.0105,-0.5198,0.3112,-0.1236,0.6874,0.8206,0.802,-0.26,0.01,0.0766,-0.0552,0.0292,-0.0035,0.0468,-0.021,0.2112,0.0
85901,0.0,1.0401,0.0,False,False,3.2673,0.2495,2.8455,-4.6629,-3.1288,2.8555,-0.0024,0.0002,0.0,0.0014,-0.0021,-0.0049,0.414,-0.167,0.6675,0.8063,0.802,-0.26,0.01,0.0009,-0.0427,0.036,0.004,0.0222,0.0038,1.8082,0.0
86001,0.0,1.1845,-0.1409,False,False,2.0604,-1.5705,2.1708,-1.8659,-1.6357,0.0459,0.2999,-0.0793,1.0838,2.2428,-0.297,0.3599,0.0027,-0.2643,0.8031,0.8419,0.802,-0.26,0.01,0.0584,-0.0605,0.078,-0.0793,-0.0769,0.0656,-1.8291,0.0
86101,0.0,0.8142,0.0,False,False,3.8166,-1.0473,2.6153,-1.5778,-1.9354,4.4239,-0.0208,-0.0007,0.0187,-0.0176,0.0382,0.0929,0.2676,0.0333,0.5576,0.8094,0.802,-0.26,0.01,0.0653,0.0668,-0.0792,-0.0589,0.0385,-0.0787,-1.7558,0.0
86201,0.0,0.8188,0.0001,False,False,3.8332,-1.0472,2.6088,-1.5721,-1.973,4.4007,-0.0112,-0.0002,0.0081,-0.0091,0.012,0.003,0.2069,0.029,0.5594,0.8109,0.802,-0.26,0.01,0.0548,0.0648,-0.0778,-0.0337,0.0566,-0.0775,-1.7618,0.0
86301,0.0,0.8268,0.0021,False,False,3.8461,-1.047,2.6046,-1.5686,-2.0047,4.3863,-0.012,0.0002,0.006,-0.0116,0.0197,0.0079,0.2199,0.0219,0.5632,0.8111,0.802,-0.26,0.01,0.0675,0.0625,-0.0506,-0.0706,0.0379,-0.0774,-2.3314,0.0
86401,0.0,0.8333,-0.0059,False,False,3.8464,-1.047,2.6044,-1.5684,-2.0052,4.3884,-0.0178,-0.0001,0.0061,-0.0068,0.0223,0.0034,0.3293,0.0158,0.5657,0.809,0.802,-0.26,0.01,0.0567,0.0499,-0.0404,-0.0494,-0.0237,-0.0748,2.6197,0.0
86501,0.0,1.1951,-0.1265,False,False,2.0674,-1.5496,2.1658,-1.8789,-1.6378,0.0426,0.3344,0.1241,1.0938,2.0485,-0.1015,0.3095,0.0,-0.2715,0.8135,0.8316,0.802,-0.26,0.01,0.0697,-0.0237,0.0794,-0.0773,-0.0711,0.0584,-2.1622,0.0
86601,0.0,1.0075,0.0009,False,False,2.8072,0.2501,3.0991,-3.4229,-3.5445,4.2725,-0.002,0.0,0.0001,0.0038,-0.0033,0.0014,0.152,-0.1148,0.7068,0.8191,0.802,-0.26,0.01,0.0368,0.0475,-0.0138,0.0073,0.0359,-0.0081,-2.5667,0.0
86701,0.0,1.0076,0.0,False,False,2.8073,0.2501,3.099,-3.4239,-3.5398,4.2798,-0.0011,0.0,0.0003,0.0108,-0.0169,0.1958,0.1874,-0.1149,0.7069,0.8188,0.802,-0.26,0.01,0.039,0.0331,-0.031,-0.003,0.0441,0.0409,-2.8595,0.0
86801,0.0,1.0034,0.0,False,False,2.8175,0.2501,3.0985,-3.4375,-3.4907,4.2587,-0.0037,-0.0,-0.002,0.0065,-0.0227,0.1172,0.343,-0.1107,0.7061,0.8164,0.802,-0.26,0.01,0.0465,0.0498,-0.004,-0.0478,0.0685,0.0322,1.7137,0.0
86901,0.0,0.9599,-0.0002,False,False,2.8425,0.2501,3.0969,-3.4631,-3.3061,4.2482,-0.0017,-0.0004,0.0,0.0097,-0.0185,0.0079,0.2421,-0.0623,0.707,0.8153,0.802,-0.26,0.01,0.0196,0.0654,-0.03,-0.0512,0.0498,-0.0464,0.1318,0.0
87001,0.0,1.1885,-0.1268,False,False,2.0611,-1.5494,2.166,-1.8784,-1.6288,0.0375,0.2664,0.1326,1.0875,2.0775,-0.1405,0.2705,0.0,-0.2681,0.8051,0.8367,0.802,-0.26,0.01,0.0568,-0.0229,0.0791,-0.0793,-0.0664,0.0528,-1.8597,0.0
87101,0.0,0.7674,-0.0026,False,False,3.4382,-0.9409,2.8677,-1.9406,-2.2863,1.45,-0.0092,-0.0006,-0.0026,0.0121,0.0226,-0.0029,0.4259,0.1009,0.6006,0.8196,0.802,-0.26,0.01,0.0237,0.0244,-0.0461,-0.0031,0.0411,-0.0692,2.6068,0.0
87201,0.0,0.7778,-0.0036,False,False,3.4598,-0.9467,2.8628,-1.9301,-2.3058,1.4403,-0.0164,0.016,0.004,-0.0272,-0.0,0.0188,0.396,0.0922,0.6065,0.8197,0.802,-0.26,0.01,0.0262,0.0172,-0.0571,-0.0572,0.0623,-0.0649,2.3453,0.0
87301,0.0,0.7821,-0.0028,False,False,3.4605,-0.9469,2.8626,-1.9298,-2.3065,1.4399,-0.0162,0.0014,0.0015,0.001,-0.0021,-0.0433,0.3282,0.0886,0.6091,0.8192,0.802,-0.26,0.01,0.0162,0.0367,-0.0456,-0.0245,0.0463,-0.0677,1.2749,0.0
87401,0.0,0.7819,-0.004,False,False,3.4605,-0.9469,2.8626,-1.9297,-2.3065,1.4399,-0.0175,0.0013,0.0015,0.0017,0.0212,0.0112,0.3309,0.0887,0.609,0.8192,0.802,-0.26,0.01,0.0399,0.0596,-0.058,-0.0099,0.0021,-0.0555,0.6862,0.0
87501,0.0,1.1885,-0.1326,False,False,2.055,-1.5569,2.1675,-1.8695,-1.6199,0.0469,0.2188,0.0643,1.0848,2.1596,-0.2073,0.3817,-0.0,-0.2681,0.8049,0.8374,0.802,-0.26,0.01,0.0459,-0.0357,0.0782,-0.0721,-0.0592,0.0704,-1.7234,0.0
87601,0.0,1.1138,0.0,False,False,4.4642,-0.2472,0.8667,0.9284,-3.1309,2.5546,0.2624,0.0915,-0.2092,0.114,-0.0257,0.4271,0.6574,-0.2744,0.0091,0.8446,0.802,-0.26,0.01,0.0751,0.0594,0.0286,0.078,-0.0573,0.0799,-2.8416,0.0
87701,0.0,0.1929,0.0,False,False,6.2157,0.2331,-0.1678,1.4828,-3.1299,3.1055,-0.0035,-0.2128,0.4379,-0.2267,-0.0114,0.3325,0.4614,0.6585,0.3683,0.8201,0.8441,-0.225,0.01,0.0797,-0.0626,0.0726,0.08,0.0771,0.0752,3.0427,0.0
87801,0.0,0.1934,0.0,False,False,6.2203,0.2401,-0.1823,1.4915,-3.1319,3.1129,-0.008,-0.1539,0.3226,-0.2606,0.1391,-0.5377,0.4638,0.6587,0.3713,0.8195,0.8441,-0.225,0.01,0.0798,-0.0729,0.0749,0.08,0.0058,0.0769,3.045,0.0
87901,0.0,0.1905,0.0,False,False,6.2222,0.249,-0.2005,1.5,-3.1268,3.1364,-0.0021,0.0,0.0003,-0.0011,-0.0104,-0.1048,0.4029,0.6619,0.3718,0.82,0.8441,-0.225,0.01,0.0673,-0.0342,0.0302,0.08,0.0632,0.0789,1.8919,0.0
88001,0.0,1.1879,-0.1316,False,False,2.0667,-1.5537,2.1663,-1.8757,-1.6376,0.0499,0.3346,0.0831,1.0823,2.1208,-0.1247,0.3689,-0.0,-0.2673,0.8052,0.8377,0.802,-0.26,0.01,0.0689,-0.031,0.078,-0.0776,-0.0712,0.0713,-2.4614,0.0
88101,0.0,0.7272,-0.0029,False,False,3.5661,-1.0399,2.6996,-1.671,-1.8952,1.4841,-0.0002,0.0029,0.008,-0.0301,-0.0035,-0.0156,0.4241,0.1106,0.5135,0.8185,0.802,-0.26,0.01,0.0107,0.066,-0.0654,-0.0557,0.0544,-0.0616,2.6405,0.0
88201,0.0,0.7286,-0.0016,False,False,3.5678,-1.0401,2.699,-1.6703,-1.8993,1.4771,-0.012,0.0009,0.0045,-0.0063,0.0154,0.0259,0.4169,0.1096,0.5149,0.8187,0.802,-0.26,0.01,0.0206,0.022,-0.0691,0.0251,0.0126,-0.0601,3.0412,0.0
88301,0.0,0.7273,0.0,False,False,3.5678,-1.0401,2.699,-1.6703,-1.8993,1.4771,-0.0033,0.0005,0.0034,-0.005,0.0153,0.0351,0.4442,0.1105,0.5135,0.8189,0.802,-0.26,0.01,0.0019,0.0155,-0.0517,-0.0163,-0.0184,-0.0602,2.9339,0.0
88401,0.0,0.7287,0.0,False,False,3.5678,-1.0401,2.699,-1.6703,-1.8993,1.4771,-0.0027,0.0004,0.002,-0.0037,0.0084,0.0347,0.4155,0.1095,0.5149,0.8187,0.802,-0.26,0.01,0.0145,0.0675,-0.054,0.0425,0.0471,-0.075,2.9018,0.0
88501,0.0,1.1897,-0.1314,False,False,2.0613,-1.5411,2.163,-1.8807,-1.6289,0.0517,0.2501,0.2157,1.0776,2.0203,-0.1097,0.3947,0.0018,-0.2687,0.8067,0.8346,0.802,-0.26,0.01,0.0557,-0.008,0.077,-0.0769,-0.0689,0.0772,-1.3358,0.0
88601,0.0,0.7382,-0.0051,False,False,3.6579,-0.9525,2.8577,-1.9181,-2.0743,1.539,-0.0026,0.0054,0.0018,-0.0015,0.0099,0.0084,0.3389,0.1287,0.5916,0.8163,0.802,-0.26,0.01,0.0184,0.047,-0.0554,-0.0591,-0.015,-0.029,0.0001,0.0
88701,0.0,0.7341,-0.0029,False,False,3.6579,-0.9525,2.8577,-1.9181,-2.0743,1.539,0.0095,-0.0038,-0.004,0.0056,0.003,-0.0115,0.4092,0.1321,0.5889,0.8164,0.802,-0.26,0.01,-0.0156,0.0573,-0.0652,-0.0171,0.0149,-0.0129,1.9595,0.0
88801,0.0,0.7314,-0.0044,False,False,3.6579,-0.9525,2.8577,-1.9181,-2.0743,1.539,-0.0273,0.0118,0.011,-0.0244,-0.0105,0.0145,0.4553,0.1342,0.5871,0.8165,0.802,-0.26,0.01,0.0136,-0.0085,-0.0596,0.0129,0.0206,-0.0734,3.1026,0.0
88901,0.0,0.7327,-0.0032,False,False,3.6579,-0.9525,2.8577,-1.9181,-2.0743,1.539,0.0253,-0.0075,-0.007,0.0124,0.0085,0.0085,0.4335,0.1332,0.588,0.8165,0.802,-0.26,0.01,-0.0272,0.0722,-0.0363,0.0107,-0.0039,-0.05,2.741,0.0
89001,0.0,1.1935,-0.135,False,False,2.07,-1.5527,2.1665,-1.8784,-1.627,0.0545,0.3804,0.0909,1.0947,2.0489,0.0526,0.3973,0.0,-0.2727,0.8072,0.8349,0.802,-0.26,0.01,0.077,-0.0295,0.0795,-0.0779,-0.0395,0.0775,-1.4143,0.0
89101,0.0,0.7415,-0.0024,False,False,3.6472,-0.9947,2.8096,-1.8284,-2.0732,1.6266,-0.002,0.0029,0.0017,-0.0167,0.0054,-0.0185,0.4618,0.1182,0.5759,0.8132,0.802,-0.26,0.01,0.0008,0.0104,-0.0611,0.0002,0.046,-0.0418,2.9057,0.0
89201,0.0,0.7419,-0.002,False,False,3.6472,-0.9947,2.8096,-1.8284,-2.0732,1.6266,0.0133,-0.0019,-0.0029,0.0026,0.0074,-0.0104,0.4538,0.1179,0.5762,0.8132,0.802,-0.26,0.01,-0.0162,0.0718,-0.047,-0.0418,-0.008,-0.0373,2.8017,0.0
89301,0.0,0.7441,-0.0062,False,False,3.6468,-0.9946,2.8097,-1.8286,-2.0724,1.6289,0.0003,-0.0005,-0.0012,0.0033,-0.0116,-0.0528,0.4111,0.1162,0.5778,0.8133,0.802,-0.26,0.01,0.0074,0.0579,-0.0252,-0.0128,0.0135,0.029,1.299,0.0
89401,0.0,0.744,-0.0099,False,False,3.6468,-0.9946,2.8097,-1.8286,-2.0724,1.6289,-0.0035,0.0029,-0.0079,0.0221,-0.0155,-0.1369,0.4138,0.1163,0.5777,0.8133,0.802,-0.26,0.01,0.0021,0.0635,-0.0456,0.0377,0.0406,-0.0288,2.0451,0.0
89501,0.0,1.19,-0.132,False,False,2.0648,-1.5503,2.1663,-1.8789,-1.632,0.0536,0.3098,0.1202,1.0893,2.088,-0.0962,0.4106,0.0,-0.269,0.8067,0.8357,0.802,-0.26,0.01,0.0649,-0.0246,0.0798,-0.0784,-0.0642,0.0787,-2.113,0.0
89601,0.0,0.7581,-0.003,False,False,3.7477,-0.941,2.8677,-1.9394,-2.1205,1.4162,-0.0042,0.0008,0.0005,-0.002,0.0011,-0.0196,0.3334,0.1164,0.6121,0.8199,0.802,-0.26,0.01,0.0053,0.0173,-0.0439,-0.0271,0.0019,0.036,0.7657,0.0
89701,0.0,0.7109,-0.0006,False,False,3.657,-0.9091,2.8914,-1.9941,-2.0215,1.4422,0.0031,-0.0047,-0.0032,0.0072,-0.0074,-0.0018,0.4378,0.1559,0.5852,0.82,0.802,-0.26,0.01,0.0204,0.0317,-0.0284,-0.0303,0.0773,-0.0738,2.9958,0.0
89801,0.0,0.6282,0.0,False,False,3.1324,0.2502,3.1031,-3.3837,-2.0962,1.4128,-0.0026,-0.001,0.0067,-0.035,0.0928,0.1128,0.4113,0.219,0.5224,0.8176,0.802,-0.26,0.01,0.0763,0.0715,-0.0678,0.0191,-0.0772,-0.0522,2.2462,0.0
89901,0.0,0.6283,0.0,False,False,3.1325,0.2502,3.1031,-3.3832,-2.096,1.4153,-0.0022,0.0002,0.0084,-0.0482,0.0929,0.0167,0.4068,0.219,0.5226,0.8176,0.802,-0.26,0.01,0.0739,0.0713,-0.074,0.0562,-0.0719,0.0275,2.1453,0.0
90001,0.0,1.193,-0.1331,False,False,2.0713,-1.5491,2.165,-1.8796,-1.6363,0.0529,0.3797,0.1249,1.0815,2.0714,0.0031,0.3773,-0.0,-0.2712,0.809,0.8341,0.802,-0.26,0.01,0.0782,-0.0233,0.0781,-0.0782,-0.0581,0.0741,-2.9068,0.0
90101,0.0,0.7759,-0.0022,False,False,3.9788,-0.963,2.8477,-1.8967,-2.0672,1.4529,0.0036,-0.004,-0.0046,0.0093,-0.0112,-0.1011,0.3017,0.1048,0.6294,0.8185,0.802,-0.26,0.01,0.0002,0.0614,-0.034,-0.0423,0.0639,0.0179,2.3445,0.0
90201,0.0,0.7476,-0.0158,False,False,3.9271,-0.9483,2.8615,-1.925,-2.0014,1.4837,-0.0284,-0.0101,-0.0087,0.0211,0.02,-0.1076,0.3168,0.1308,0.6181,0.818,0.802,-0.26,0.01,-0.0214,0.0571,-0.0224,-0.0547,0.0169,-0.0482,-0.6024,0.0
90301,0.0,0.7362,0.0,False,False,3.9118,-0.9434,2.8658,-1.9342,-1.9835,1.4917,-0.0434,0.0179,0.015,-0.0337,0.0448,0.0766,0.3811,0.141,0.613,0.818,0.802,-0.26,0.01,-0.0259,0.0599,-0.0345,-0.0413,0.0043,0.0163,1.1277,0.0
90401,0.0,0.7251,-0.0007,False,False,3.8854,-0.9339,2.8735,-1.9515,-1.9538,1.5067,0.0007,0.0033,-0.0052,-0.0005,0.014,-0.0629,0.3611,0.1508,0.6078,0.8174,0.802,-0.26,0.01,0.037,0.051,-0.0556,-0.0125,-0.0134,-0.053,1.0087,0.0
90501,0.0,1.1909,-0.1326,False,False,2.0713,-1.5386,2.1628,-1.8868,-1.6357,0.0535,0.3565,0.2302,1.083,1.9781,0.0435,0.3776,0.0001,-0.2703,0.8062,0.8344,0.802,-0.26,0.01,0.0764,-0.0045,0.0788,-0.0798,-0.0599,0.0767,-2.0767,0.0
90601,0.0,0.9107,-0.0069,False,False,4.1411,-1.032,2.7309,-1.7167,-2.4836,1.5365,-0.0046,0.0004,0.0009,-0.0024,-0.02,-0.0509,0.1639,-0.055,0.597,0.816,0.802,-0.26,0.01,0.0259,0.057,-0.0421,-0.0154,0.079,-0.0278,-2.0797,0.0
90701,0.0,0.9121,-0.0037,False,False,4.1411,-1.032,2.7309,-1.7167,-2.4836,1.5366,0.0061,0.0096,0.0071,-0.0338,-0.0261,-0.0647,0.1372,-0.0568,0.5961,0.8159,0.802,-0.26,0.01,0.0071,0.0217,-0.025,-0.0075,0.0669,0.0046,-2.0033,0.0
90801,0.0,0.903,0.0,False,False,4.1411,-1.032,2.7309,-1.7167,-2.4836,1.5366,0.0144,0.0,-0.0002,-0.0017,-0.0209,-0.0428,0.3008,-0.0459,0.5996,0.8162,0.802,-0.26,0.01,-0.0356,0.0568,-0.0221,-0.044,0.0687,0.037,0.1262,0.0
90901,0.0,0.9067,0.0,False,False,4.1411,-1.032,2.7309,-1.7167,-2.4836,1.5365,-0.0087,0.0007,0.0024,-0.0027,-0.0082,-0.0255,0.2409,-0.0501,0.5989,0.8161,0.802,-0.26,0.01,0.0177,0.0448,-0.0591,-0.0397,0.0206,0.0068,0.433,0.0
91001,0.0,1.1868,-0.1307,False,False,2.0654,-1.5564,2.1674,-1.8746,-1.6367,0.0502,0.3267,0.0576,1.085,2.1453,-0.1514,0.3781,0.0,-0.2665,0.8041,0.8392,0.802,-0.26,0.01,0.0667,-0.0357,0.0788,-0.0777,-0.0714,0.0723,-2.1805,0.0
91101,0.0,0.8338,0.0,False,False,4.5071,-1.0362,2.7167,-1.6911,-1.9925,4.292,-0.0159,0.0026,0.006,-0.0149,-0.0594,-0.1927,0.03,0.0403,0.628,0.8186,0.802,-0.26,0.01,0.0702,0.0789,-0.0489,-0.0193,0.0109,0.0411,-2.6189,0.0
91201,0.0,0.8396,0.0,False,False,4.5482,-1.0393,2.7034,-1.6733,-1.9551,4.4991,-0.0115,0.0006,0.0025,-0.0045,-0.0071,-0.049,0.0854,0.0276,0.6136,0.8131,0.802,-0.26,0.01,0.0667,0.0392,-0.0605,-0.0545,0.0539,0.05,-3.0284,0.0
91301,0.0,0.8529,0.0,False,False,4.6324,-1.0419,2.687,-1.6589,-1.9944,4.6281,-0.014,0.0005,0.0032,-0.0041,0.0079,0.023,0.1479,0.009,0.603,0.8137,0.802,-0.26,0.01,0.075,0.0796,-0.0622,0.0013,0.0565,0.0362,-2.1262,0.0
91401,0.0,0.8533,0.0,False,False,4.6331,-1.042,2.6869,-1.6588,-1.9959,4.6264,-0.0097,0.0001,0.0009,-0.0001,0.0092,-0.0185,0.1647,0.0084,0.6026,0.8137,0.802,-0.26,0.01,0.0735,0.0793,-0.0579,-0.0273,0.0416,0.0126,-1.0222,0.0
91501,0.0,1.2011,-0.2843,False,False,2.0611,-1.5388,2.1635,-1.888,-1.6168,0.0476,0.3468,-0.2318,1.3503,-3.1781,-0.4633,-1.3969,-0.0468,-0.277,0.816,0.8306,0.802,-0.26,0.01,0.0559,-0.0032,0.079,-0.0756,-0.0412,0.0713,-1.1145,0.0
91601,0.0,0.9801,0.0,False,False,4.7829,-3.3932,3.1391,-0.0926,-2.5049,4.2174,0.0545,0.0,-0.0041,-0.0238,0.0149,-0.0231,0.0006,-0.0722,0.7331,0.7967,0.802,-0.26,0.01,0.0563,0.0239,0.0556,0.0157,0.0671,0.0781,2.9693,0.0
91701,0.0,1.0433,0.0,False,False,5.2965,-3.3932,3.1323,0.0008,-2.2381,4.3373,0.2089,-0.0001,-0.0829,-0.3385,0.4414,0.1856,-0.0007,-0.1331,0.7526,0.7967,0.802,-0.26,0.01,0.0586,0.0505,0.0742,-0.0167,0.0776,0.0761,2.8404,0.0
91801,0.0,1.127,0.0,False,False,5.9079,-3.3932,3.1297,0.0589,-1.7424,4.4697,-0.0002,0.0,-0.0083,-0.027,-0.06,-0.0167,0.0001,-0.2148,0.776,0.7966,0.802,-0.26,0.01,0.05,0.0417,0.0725,0.0673,0.0534,0.0506,1.5371,0.0
91901,0.0,1.1622,0.0,False,False,6.169,-3.3932,3.1284,0.0576,-1.4587,4.5265,0.2429,-0.0,-0.0399,-0.0861,0.4841,-0.2676,-0.0009,-0.2464,0.7915,0.7965,0.802,-0.26,0.01,0.0563,0.062,0.0642,-0.0287,-0.0428,0.0662,2.8201,0.0
92001,0.0,1.2195,-0.1326,False,False,2.0697,-1.5432,2.1631,-1.8747,-1.6149,0.0532,0.3652,0.1879,1.0843,2.1033,0.2002,0.4321,-0.0,-0.2891,0.8331,0.8295,0.802,-0.26,0.01,0.076,-0.0125,0.0796,-0.0552,-0.0161,0.0728,-2.1673,0.0
92101,0.0,0.9011,-0.0002,False,False,3.5669,-0.9989,2.803,-1.8213,-2.4512,2.0678,-0.0245,0.0003,-0.0007,0.0017,0.0244,0.0255,0.082,-0.0248,0.6462,0.8297,0.802,-0.26,0.01,0.0741,0.0738,-0.0489,0.0481,0.0456,0.0419,0.8933,0.0
92201,0.0,0.8998,-0.0016,False,False,3.5669,-0.9989,2.8029,-1.8213,-2.4513,2.0677,-0.0382,0.003,0.0038,-0.0044,0.0209,0.0282,0.1021,-0.0237,0.6454,0.829,0.802,-0.26,0.01,0.0732,0.0727,-0.0394,0.0706,0.0554,0.0508,0.891,0.0
92301,0.0,0.8977,-0.0027,False,False,3.5669,-0.9989,2.8029,-1.8213,-2.4513,2.0676,-0.0252,0.001,0.0004,-0.0006,0.0215,0.0295,0.1533,-0.0223,0.6435,0.8279,0.802,-0.26,0.01,0.0646,0.0768,-0.0383,0.0181,0.0674,0.0055,0.7633,0.0
92401,0.0,0.9035,-0.004,False,False,3.567,-0.9989,2.8029,-1.8213,-2.4514,2.0675,-0.0173,-0.0008,-0.0025,0.006,0.0238,0.0291,0.027,-0.0275,0.6457,0.831,0.802,-0.26,0.01,0.0751,0.07,-0.0283,0.0671,0.0423,0.0658,-1.3787,0.0
92501,0.0,1.2037,-0.1218,False,False,2.0664,-1.5596,2.1679,-1.8723,-1.6271,0.0512,0.3527,0.0253,1.0873,2.1411,-0.049,0.4253,0.0,-0.2777,0.8203,0.8357,0.802,-0.26,0.01,0.0702,-0.0414,0.0785,-0.0766,-0.0468,0.073,-1.5293,0.0
92601,0.0,0.7533,-0.0084,False,False,3.6283,-0.9856,2.822,-1.8497,-2.1247,1.5201,0.0163,-0.0045,-0.0056,0.0107,-0.0244,-0.1016,0.4147,0.1101,0.5868,0.817,0.802,-0.26,0.01,-0.0139,0.0658,-0.0071,-0.0056,0.0201,-0.0213,2.3738,0.0
92701,0.0,0.7516,-0.0009,False,False,3.6282,-0.9855,2.8221,-1.8498,-2.1244,1.5204,-0.0021,0.001,0.0014,-0.0028,0.0053,-0.0056,0.4427,0.1115,0.5856,0.8171,0.802,-0.26,0.01,0.0069,0.0485,-0.0188,0.0176,-0.021,-0.0117,2.8063,0.0
92801,0.0,0.7542,-0.0044,False,False,3.6277,-0.9855,2.8221,-1.8499,-2.1238,1.5211,0.0068,-0.0011,-0.0011,0.0016,0.007,-0.0151,0.3952,0.1095,0.5873,0.8169,0.802,-0.26,0.01,-0.0035,0.0516,-0.0053,-0.0149,-0.033,-0.0704,1.2254,0.0
92901,0.0,0.7539,-0.0079,False,False,3.6277,-0.9855,2.8221,-1.8499,-2.1238,1.5211,0.0134,-0.0026,-0.0026,0.0056,-0.0245,-0.1088,0.3988,0.1096,0.5872,0.817,0.802,-0.26,0.01,-0.0191,0.0535,-0.0167,0.003,0.0269,-0.0386,2.2175,0.0
93001,0.0,1.1915,-0.1381,False,False,2.0704,-1.5432,2.1637,-1.8836,-1.6228,0.054,0.366,0.1859,1.0816,2.0114,0.1398,0.3874,-0.0,-0.2724,0.803,0.8359,0.802,-0.26,0.01,0.0765,-0.0126,0.0784,-0.0784,-0.0318,0.0781,-2.6883,0.0
93101,0.0,0.9321,0.0,False,False,2.7904,0.2489,3.0148,-4.1018,-3.1216,0.5404,-0.0,-0.0,-0.0007,0.0019,-0.0044,0.0104,0.132,-0.0294,0.7105,0.8168,0.802,-0.26,0.01,0.0317,0.0781,0.0025,-0.0509,-0.0636,0.001,-1.7557,0.0
93201,0.0,1.0307,0.0,False,False,3.6952,0.2495,2.8455,-4.6628,-3.1281,-0.3859,0.189,0.0,-0.0,0.0003,0.0015,-0.1148,0.2206,-0.1759,0.6144,0.8168,0.802,-0.26,0.01,0.0599,-0.014,-0.0177,-0.0069,-0.0366,-0.0108,-1.1547,0.0
93301,0.0,0.9921,0.0,False,False,4.4553,0.2495,2.8455,-4.6626,-3.1274,-0.4264,-0.0166,0.0006,-0.0006,-0.0014,0.0035,-0.0242,0.3063,-0.1707,0.4829,0.8202,0.802,-0.26,0.01,0.0252,-0.0201,0.0462,-0.0264,0.0757,0.0643,-3.0036,0.0
93401,0.0,0.9765,0.0,False,False,4.6054,0.2495,2.8455,-4.6625,-3.1271,-0.4434,-0.0037,0.0004,-0.0012,-0.0004,0.0025,-0.0098,0.3359,-0.1592,0.4593,0.8209,0.802,-0.26,0.01,0.0551,0.0382,-0.0428,-0.0708,0.0544,0.0166,-2.3334,0.0
93501,0.0,1.1986,-0.1288,False,False,2.0644,-1.5484,2.1655,-1.8795,-1.6324,0.045,0.3005,0.1399,1.0865,2.0628,-0.1031,0.3446,-0.0,-0.2737,0.817,0.8317,0.802,-0.26,0.01,0.0635,-0.0212,0.0788,-0.0794,-0.0666,0.064,-2.8686,0.0
93601,0.0,0.9157,0.0,False,False,2.8342,0.2493,3.0543,-3.8972,-3.1271,1.0363,-0.0002,0.0002,0.0096,0.0973,-0.0333,0.2049,0.1479,-0.0163,0.7003,0.8151,0.802,-0.26,0.01,0.0613,0.0762,0.0594,-0.0605,-0.0313,0.0569,-2.3144,0.0
93701,0.0,0.945,0.0,False,False,2.8333,0.2489,3.0092,-4.1259,-3.1246,0.3445,-0.0137,0.0099,-0.0509,-0.219,0.003,-0.5659,0.1576,-0.042,0.7141,0.8175,0.802,-0.26,0.01,-0.0426,0.0795,0.0516,0.0275,-0.0492,-0.0301,-2.5235,0.0
93801,0.0,0.9405,0.0,False,False,2.8337,0.2487,2.9865,-4.2117,-3.1269,0.1442,0.0048,-0.0006,-0.0049,-0.0141,-0.0035,-0.0278,0.3404,-0.0361,0.7153,0.8236,0.802,-0.26,0.01,-0.0488,0.0742,0.0248,-0.0462,-0.0187,-0.065,-0.9213,0.0
93901,0.0,0.9869,0.0,False,False,3.2082,0.2495,2.8455,-4.6626,-3.1272,-0.4531,0.2084,0.0002,0.0,-0.0001,-0.0001,-0.0139,0.4085,-0.102,0.6842,0.8282,0.802,-0.26,0.01,0.0579,-0.0062,0.0193,0.0643,-0.0481,0.0086,-0.6594,0.0
94001,0.0,1.1997,-0.1268,False,False,2.0612,-1.5572,2.168,-1.8741,-1.6194,0.0525,0.2926,0.0555,1.0939,2.1091,-0.0744,0.4345,0.0,-0.2756,0.8157,0.8334,0.802,-0.26,0.01,0.0593,-0.0367,0.0796,-0.0777,-0.043,0.0772,-2.8495,0.0
94101,0.0,0.9903,-0.0076,False,False,3.6816,-1.046,2.5847,-1.5575,-2.6148,2.0002,-0.0075,-0.0005,0.0065,-0.0062,-0.0167,-0.0285,0.1308,-0.1382,0.5994,0.8198,0.802,-0.26,0.01,0.0706,0.0745,-0.0291,0.0708,0.0465,0.0446,-2.3858,0.0
94201,0.0,0.9806,0.0,False,False,3.6816,-1.046,2.5846,-1.5571,-2.6148,1.9965,-0.0039,0.0003,0.0042,-0.0134,-0.0053,-0.0099,0.2318,-0.1271,0.6027,0.8144,0.802,-0.26,0.01,0.0519,0.0656,-0.0172,0.0444,0.0503,0.0603,-0.1709,0.0
94301,0.0,0.9734,-0.0005,False,False,3.6817,-1.046,2.5836,-1.5536,-2.6143,1.9539,-0.0146,0.0005,0.0262,-0.0658,-0.0036,-0.0385,0.283,-0.1202,0.6006,0.8122,0.802,-0.26,0.01,0.0742,0.0758,-0.0335,0.0623,0.071,0.0305,1.7054,0.0
94401,0.0,0.9752,0.0,False,False,3.6817,-1.0461,2.5834,-1.5527,-2.6144,1.9348,-0.0123,0.0007,0.0146,-0.0434,0.0058,-0.0275,0.2029,-0.1226,0.5993,0.8134,0.802,-0.26,0.01,0.0739,0.056,-0.0318,0.0569,0.0693,0.0641,0.2948,0.0
94501,0.0,1.193,-0.1346,False,False,2.0635,-1.5576,2.1677,-1.8706,-1.6316,0.0541,0.3117,0.0483,1.0955,2.1355,-0.1512,0.4262,-0.0,-0.2703,0.8111,0.8339,0.802,-0.26,0.01,0.0633,-0.0376,0.0795,-0.0693,-0.0645,0.0787,-1.5935,0.0
94601,0.0,0.9241,0.0,False,False,5.5888,-1.0163,2.773,-1.7661,-1.9723,4.5065,0.0099,-0.0003,-0.0031,0.0022,0.0013,0.1856,0.2725,-0.0645,0.6104,0.8114,0.802,-0.26,0.01,-0.0246,0.0783,0.0627,0.0643,-0.0577,0.0786,-1.515,0.0
94701,0.0,0.9241,0.0,False,False,5.5837,-1.0156,2.7744,-1.7684,-1.9629,4.5182,0.0016,-0.0017,-0.0047,0.0069,0.018,-0.0018,0.3708,-0.0655,0.6079,0.8105,0.802,-0.26,0.01,0.0437,0.0792,0.0574,0.0493,-0.0415,0.0739,0.7558,0.0
94801,0.0,0.9289,0.0,False,False,5.5432,-1.0083,2.7877,-1.7929,-1.8905,4.6283,-0.0028,0.0003,-0.0004,-0.0029,-0.0171,-0.0611,0.4348,-0.0626,0.6286,0.8124,0.802,-0.26,0.01,0.0233,0.0518,0.0134,0.0606,0.0454,0.0769,2.9506,0.0
94901,0.0,0.9291,0.0,False,False,5.5429,-1.0083,2.7878,-1.793,-1.8901,4.6283,0.0061,-0.0019,-0.0033,0.0049,-0.0036,-0.0065,0.3992,-0.0621,0.6309,0.8126,0.802,-0.26,0.01,-0.0074,0.0402,0.0348,0.0381,-0.011,0.0795,2.5317,0.0
95001,0.0,1.1896,-0.1324,False,False,2.0622,-1.5495,2.1659,-1.878,-1.6305,0.0502,0.2785,0.1305,1.089,2.0738,-0.1364,0.3872,-0.0,-0.2685,0.8068,0.8357,0.802,-0.26,0.01,0.0591,-0.0231,0.079,-0.0787,-0.0676,0.074,-0.9965,0.0
95101,0.0,0.918,-0.008,False,False,2.7379,0.2496,3.0692,-3.8088,-3.1195,1.5317,0.0057,0.0005,-0.0036,-0.0002,-0.0307,-0.0292,0.2435,-0.0133,0.711,0.8197,0.802,-0.26,0.01,-0.0699,0.0752,0.0692,-0.0425,0.0342,-0.0492,-0.8687,0.0
95201,0.0,0.9216,0.0,False,False,2.7393,0.2491,3.0367,-3.9968,-3.126,0.8509,-0.0,-0.0004,-0.023,-0.1261,0.0153,-0.3589,0.0644,-0.0173,0.7111,0.8158,0.802,-0.26,0.01,-0.0195,0.0592,-0.0225,-0.0586,-0.016,-0.0593,-2.5711,0.0
95301,0.0,0.984,0.0,False,False,3.1578,0.2495,2.8455,-4.6625,-3.1271,-0.4411,0.0006,0.0,0.0,-0.0001,0.0004,0.0087,0.3887,-0.0965,0.6895,0.8271,0.802,-0.26,0.01,0.0282,-0.0248,0.0265,0.0459,-0.0365,-0.0565,-2.3935,0.0
95401,0.0,1.0091,0.0,False,False,3.3041,0.2493,2.8454,-4.6624,-3.1271,-0.4393,0.3409,0.0,0.0,-0.0,0.0001,-0.0003,0.3297,-0.1287,0.6789,0.8213,0.802,-0.26,0.01,0.0553,-0.0663,0.0227,0.0124,-0.0212,-0.0511,-2.8823,0.0
95501,0.0,1.2013,-0.1289,False,False,2.068,-1.552,2.1664,-1.8786,-1.6345,0.0464,0.3488,0.099,1.0866,2.0896,-0.0604,0.3493,-0.0,-0.2756,0.8193,0.8316,0.802,-0.26,0.01,0.0717,-0.0281,0.0791,-0.0799,-0.0615,0.0644,-1.6433,0.0
95601,0.0,0.9172,0.0016,False,False,3.065,0.2497,3.0753,-3.7641,-3.1095,1.2198,0.005,0.0005,-0.0011,-0.0007,-0.0043,0.0245,0.3157,-0.0233,0.6895,0.8127,0.802,-0.26,0.01,-0.0725,0.0469,0.0663,-0.0676,-0.0177,-0.0308,1.7339,0.0
95701,0.0,0.9503,0.0,False,False,3.0634,0.2493,3.0498,-3.9169,-3.1334,0.6173,0.0034,0.0008,-0.0011,-0.0055,-0.001,-0.0101,0.1804,-0.0568,0.6956,0.8209,0.802,-0.26,0.01,-0.0497,0.078,0.0124,-0.0734,0.0192,-0.0494,-0.7806,0.0
95801,0.0,0.9461,0.0,False,False,3.0632,0.2493,3.0498,-3.917,-3.1333,0.6174,0.0047,0.0001,-0.0014,-0.0057,-0.0025,-0.0153,0.2222,-0.0527,0.6944,0.8224,0.802,-0.26,0.01,-0.0709,0.0751,-0.0041,-0.027,-0.0112,-0.0388,0.0383,0.0
95901,0.0,0.9426,-0.0024,False,False,3.0631,0.2493,3.0497,-3.9179,-3.1332,0.6148,0.0044,0.0008,-0.0012,-0.009,0.0032,0.0284,0.2777,-0.0489,0.6942,0.8238,0.802,-0.26,0.01,-0.0586,0.0771,0.0297,-0.0566,0.018,-0.0761,0.4683,0.0
96001,0.0,1.1935,-0.1272,False,False,2.0686,-1.5542,2.1636,-1.8703,-1.6362,0.0481,0.3585,0.0748,1.0558,2.1243,-0.0747,0.3593,-0.0,-0.271,0.8107,0.8355,0.802,-0.26,0.01,0.0728,-0.0324,0.0713,-0.0763,-0.0636,0.0677,-1.8391,0.0
96101,0.0,0.7274,-0.0051,False,False,3.6061,-1.0157,2.7738,-1.7706,-1.9795,1.6054,-0.0047,0.0029,0.0028,-0.0059,0.0129,0.0372,0.4103,0.1227,0.5491,0.8142,0.802,-0.26,0.01,0.0238,0.065,-0.0252,0.0208,0.0108,0.0051,1.5487,0.0
96201,0.0,0.7258,0.0,False,False,3.6061,-1.0157,2.7738,-1.7706,-1.9795,1.6054,-0.004,0.0015,0.0034,-0.0051,-0.004,0.0052,0.4415,0.1239,0.5476,0.8142,0.802,-0.26,0.01,0.005,0.0691,-0.0491,0.0487,0.023,0.0305,3.0413,0.0
96301,0.0,0.7257,-0.0033,False,False,3.6061,-1.0157,2.7738,-1.7706,-1.9795,1.6054,-0.0066,0.0127,-0.009,0.0216,0.0166,-0.0011,0.4431,0.124,0.5476,0.8142,0.802,-0.26,0.01,0.04,0.0709,-0.0384,0.0455,-0.0231,0.0193,2.6338,0.0
96401,0.0,0.726,-0.0039,False,False,3.6061,-1.0157,2.7738,-1.7706,-1.9795,1.6054,-0.0114,0.001,0.0014,-0.003,0.027,0.0441,0.4377,0.1238,0.5478,0.8142,0.802,-0.26,0.01,0.0389,0.0662,-0.0325,-0.002,-0.0609,-0.0207,2.6764,0.0
96501,0.0,1.1915,-0.1373,False,False,2.0515,-1.5457,2.1656,-1.8783,-1.6223,0.05,0.1517,0.1803,1.0909,2.0434,-0.2668,0.4166,0.0,-0.2688,0.8108,0.8328,0.802,-0.26,0.01,0.0361,-0.0154,0.0793,-0.0787,-0.0767,0.0773,-1.987,0.0
96601,0.0,0.9234,-0.0024,False,False,2.911,0.2493,3.0517,-3.9039,-3.1342,0.5918,0.0001,0.0004,-0.001,0.0017,-0.003,-0.0142,0.2636,-0.0254,0.6985,0.8249,0.802,-0.26,0.01,-0.0083,0.0755,0.0588,-0.0717,0.0736,0.0021,0.2258,0.0
96701,0.0,0.9224,0.0006,False,False,2.9109,0.2493,3.0518,-3.9033,-3.1343,0.5938,0.0048,0.0003,-0.0026,-0.0188,0.0038,-0.0224,0.2789,-0.0244,0.6981,0.8253,0.802,-0.26,0.01,-0.0465,0.0635,0.0633,0.0194,0.0211,-0.0233,0.8482,0.0
96801,0.0,0.9327,-0.0008,False,False,2.9108,0.2493,3.0518,-3.9033,-3.1343,0.5939,0.0001,0.0013,-0.0013,-0.0104,0.0029,-0.0159,0.2008,-0.0335,0.7035,0.8213,0.802,-0.26,0.01,0.0175,0.0748,0.0461,-0.021,-0.0324,-0.0579,0.0055,0.0
96901,0.0,0.9228,-0.0024,False,False,2.9108,0.2493,3.0517,-3.9039,-3.1342,0.5923,0.0006,0.0002,-0.0,-0.0018,0.0039,-0.0209,0.2981,-0.0243,0.6993,0.8252,0.802,-0.26,0.01,0.0258,0.0792,0.0255,-0.0608,-0.0365,0.0522,0.6804,0.0
97001,0.0,1.1903,-0.1306,False,False,2.0606,-1.5449,2.1642,-1.8797,-1.6263,0.0496,0.2523,0.178,1.0797,2.0388,-0.1111,0.3813,-0.0,-0.2693,0.8068,0.835,0.802,-0.26,0.01,0.0551,-0.0148,0.0773,-0.0797,-0.0636,0.0737,-1.6109,0.0
97101,0.0,0.8613,-0.0013,False,False,3.0744,0.2502,3.1023,-3.6296,-2.9244,1.2523,-0.0028,0.0003,0.0018,-0.0021,0.0358,0.0593,0.2715,0.0325,0.6764,0.8085,0.802,-0.26,0.01,0.0353,0.0644,0.0033,-0.0171,-0.0365,-0.0336,1.4467,0.0
97201,0.0,0.8573,-0.0058,False,False,3.0742,0.2502,3.1023,-3.6296,-2.9242,1.2524,-0.0039,0.0004,0.0015,0.0107,0.0335,0.0743,0.3171,0.0358,0.674,0.8088,0.802,-0.26,0.01,0.0474,0.0742,0.0348,-0.0478,-0.0596,-0.0615,0.8797,0.0
97301,0.0,0.8672,0.0008,False,False,3.0901,0.2502,3.1005,-3.6049,-2.9539,1.2432,0.0056,0.0008,-0.0002,-0.0034,0.0025,0.0125,0.2839,0.0269,0.6783,0.8114,0.802,-0.26,0.01,-0.0627,0.0659,0.0179,-0.0448,-0.0348,-0.0014,1.1181,0.0
97401,0.0,0.8552,0.0,False,False,3.0721,0.2502,3.101,-3.6076,-2.9456,1.2479,0.0002,-0.0,-0.0003,0.0142,0.0057,0.0434,0.4043,0.0381,0.674,0.8114,0.802,-0.26,0.01,-0.0005,0.0613,0.0422,-0.0682,-0.0556,-0.0109,2.4355,0.0
97501,0.0,1.1895,-0.1327,False,False,2.0583,-1.5579,2.1678,-1.8724,-1.625,0.053,0.2564,0.0499,1.0839,2.1375,-0.1904,0.4293,0.0007,-0.2684,0.8065,0.8372,0.802,-0.26,0.01,0.0528,-0.0378,0.0779,-0.079,-0.062,0.0795,-1.8995,0.0
97601,0.0,0.9101,-0.0027,False,False,3.4344,-1.0463,2.6487,-1.6151,-2.496,1.9147,-0.0031,0.0003,0.004,-0.0071,0.0079,-0.0257,0.2623,-0.0455,0.6211,0.8115,0.802,-0.26,0.01,0.0641,0.0688,-0.061,0.0637,0.0596,-0.0199,-0.0049,0.0
97701,0.0,0.9183,-0.008,False,False,3.4344,-1.0463,2.6486,-1.615,-2.496,1.9124,-0.0051,0.0011,0.0111,-0.0212,-0.0374,-0.0241,0.1135,-0.0534,0.6231,0.8145,0.802,-0.26,0.01,0.0411,0.0764,-0.069,0.0648,0.0769,0.0353,-2.8842,0.0
97801,0.0,0.9067,-0.0027,False,False,3.4345,-1.0463,2.6486,-1.615,-2.496,1.8976,-0.0098,0.0019,0.0096,-0.0311,-0.0047,-0.0358,0.2888,-0.043,0.6182,0.8106,0.802,-0.26,0.01,0.0586,0.0709,-0.0377,0.053,0.0732,-0.0242,1.0041,0.0
97901,0.0,0.9023,-0.002,False,False,3.4346,-1.0463,2.6486,-1.6153,-2.4956,1.8645,-0.0066,0.006,0.0099,-0.0319,-0.0041,-0.0102,0.2708,-0.0404,0.6125,0.8098,0.802,-0.26,0.01,0.0563,0.0721,-0.0665,0.0711,0.064,-0.0022,-0.5784,0.0
98001,0.0,1.1922,-0.1251,False,False,2.0602,-1.551,2.166,-1.8768,-1.6135,0.0493,0.2713,0.1175,1.083,2.0791,-0.0118,0.3863,0.0288,-0.2722,0.8052,0.8349,0.802,-0.26,0.01,0.0566,-0.0257,0.078,-0.0791,-0.0339,0.0736,-0.1377,0.0
98101,0.0,0.7147,-0.0063,False,False,3.5164,-0.9465,2.863,-1.9289,-2.0547,1.5025,0.0106,-0.006,-0.0059,0.013,-0.0108,-0.0738,0.4399,0.1431,0.5654,0.8179,0.802,-0.26,0.01,0.0011,0.0486,-0.005,0.043,0.0301,-0.0672,2.7377,0.0
98201,0.0,0.715,-0.0009,False,False,3.5148,-0.9461,2.8634,-1.9297,-2.0528,1.5028,0.0057,-0.0014,-0.0014,0.0011,0.0102,0.0124,0.4229,0.1429,0.5657,0.8178,0.802,-0.26,0.01,-0.0033,0.0653,-0.0575,0.063,-0.0493,-0.0516,2.741,0.0
98301,0.0,0.7141,-0.0045,False,False,3.5132,-0.9456,2.8638,-1.9306,-2.051,1.5039,0.0081,-0.0027,-0.0129,0.0357,0.0032,-0.0517,0.4262,0.1436,0.565,0.8177,0.802,-0.26,0.01,0.0117,0.0653,-0.0026,0.0382,-0.0158,-0.0404,2.9919,0.0
98401,0.0,0.7075,-0.0081,False,False,3.4997,-0.9415,2.8673,-1.9382,-2.0354,1.5094,0.014,0.0017,-0.0037,0.0128,-0.0106,-0.1122,0.4426,0.1484,0.5595,0.8176,0.802,-0.26,0.01,-0.0268,0.0625,-0.0434,0.011,-0.0515,-0.0497,2.707,0.0
98501,0.0,1.1886,-0.1349,False,False,2.059,-1.5535,2.1664,-1.8744,-1.6292,0.053,0.251,0.0935,1.0808,2.1122,-0.2024,0.4197,-0.0,-0.2675,0.8066,0.8368,0.802,-0.26,0.01,0.053,-0.03,0.0774,-0.0789,-0.0712,0.0791,-2.0856,0.0
98601,0.0,0.9374,-0.0057,False,False,2.79,0.2492,3.0432,-3.9594,-3.129,0.6034,-0.0046,-0.0002,0.0013,0.0075,0.0044,0.0631,0.0612,-0.0329,0.7156,0.8146,0.802,-0.26,0.01,0.0573,0.0793,0.005,-0.0538,0.0281,-0.0204,-2.1398,0.0
98701,0.0,0.9147,0.0,False,False,2.7902,0.249,3.0214,-4.073,-3.1229,0.3084,-0.0026,-0.0001,-0.0077,-0.0198,0.056,0.7634,0.4104,-0.0125,0.7045,0.8281,0.802,-0.26,0.01,0.0107,0.0646,0.0517,0.0582,0.0787,-0.051,-1.0451,0.0
98801,0.0,0.9134,0.0,False,False,2.7905,0.2489,3.0198,-4.0803,-3.1228,0.2987,-0.0029,0.0001,0.0008,0.0049,0.0079,0.0174,0.4123,-0.0116,0.7033,0.8291,0.802,-0.26,0.01,0.0395,0.074,-0.0075,0.0416,-0.0048,0.0021,-1.9234,0.0
98901,0.0,0.9132,0.0,False,False,2.7906,0.2489,3.0188,-4.0848,-3.1228,0.2925,-0.004,-0.0002,0.002,0.0115,-0.0024,-0.0077,0.4163,-0.0116,0.7028,0.8293,0.802,-0.26,0.01,0.0543,0.0694,0.0101,0.0299,0.0528,0.0695,0.2231,0.0
99001,0.0,1.1958,-0.1368,False,False,2.0527,-1.5524,2.1669,-1.8747,-1.6223,0.051,0.1799,0.1116,1.0881,2.0918,-0.2651,0.4321,0.0,-0.2713,0.8155,0.8328,0.802,-0.26,0.01,0.0398,-0.0275,0.0785,-0.0798,-0.0716,0.0783,-1.996,0.0
99101,0.0,0.9995,0.0,False,False,3.1963,0.2495,2.8455,-4.6626,-3.1273,-0.0632,0.0549,0.0036,-0.0052,-0.0063,-0.0028,0.2452,0.1381,-0.116,0.6844,0.8158,0.802,-0.26,0.01,0.0492,-0.0002,0.0141,0.0105,-0.0328,0.0304,-1.4116,0.0
99201,0.0,1.0219,0.0,False,False,3.9046,0.2495,2.8455,-4.6626,-3.1274,-0.0689,-0.0107,0.0003,-0.0001,-0.0005,0.0027,-0.0309,0.0753,-0.1795,0.5735,0.8155,0.802,-0.26,0.01,0.0348,-0.0131,-0.0172,0.0338,-0.0018,-0.0031,-2.8137,0.0
99301,0.0,0.9905,0.0,False,False,4.4377,0.2495,2.8455,-4.6625,-3.1269,-0.1687,-0.0015,0.0006,0.0001,0.0033,-0.0041,-0.0204,0.0448,-0.1718,0.4695,0.8141,0.802,-0.26,0.01,0.0103,-0.04,-0.0256,0.0701,0.0112,-0.0646,-2.5842,0.0
99401,0.0,0.9624,0.0,False,False,4.6747,0.2495,2.8454,-4.6624,-3.1265,-0.1989,-0.0061,0.0006,-0.0002,-0.0017,0.0021,-0.0054,0.1138,-0.149,0.4359,0.8148,0.802,-0.26,0.01,0.0453,0.0276,0.0358,-0.0488,-0.0475,-0.0214,-0.4592,0.0
99501,0.0,1.1973,-0.127,False,False,2.065,-1.5542,2.1654,-1.8726,-1.6262,0.0514,0.3251,0.08,1.078,2.0855,-0.0521,0.402,0.0,-0.2739,0.8134,0.8337,0.802,-0.26,0.01,0.0662,-0.0319,0.0754,-0.0758,-0.0498,0.074,-2.0918,0.0
99601,0.0,1.1591,0.0,False,False,3.4186,-0.6762,2.1345,0.0901,-3.1271,2.7067,-0.0131,-0.0009,0.0082,-0.0083,-0.0023,0.0178,0.1473,-0.3103,0.6149,0.8184,0.802,-0.26,0.01,0.0757,0.0778,-0.0729,0.0685,0.0118,0.0797,-2.3815,0.0
99701,0.0,1.1535,0.0,False,False,3.4288,-0.6748,2.1235,0.0992,-3.1314,2.6532,-0.0144,-0.0016,0.0114,-0.0086,-0.0026,0.012,0.2774,-0.3041,0.6153,0.8227,0.802,-0.26,0.01,0.0738,0.07,-0.0611,0.0367,-0.0393,0.0789,-0.3989,0.0
99801,0.0,1.1528,0.0,False,False,3.4296,-0.6747,2.1229,0.0997,-3.1314,2.6514,-0.0073,-0.0011,0.0062,-0.0012,-0.0065,0.0424,0.2822,-0.3036,0.6151,0.8231,0.802,-0.26,0.01,0.0627,0.0763,-0.0548,0.0683,0.0253,0.0788,0.4689,0.0
99901,0.0,1.1512,0.0,False,False,3.4305,-0.6746,2.1221,0.1004,-3.1314,2.6505,-0.0047,-0.0004,0.0037,-0.0032,-0.0004,0.0018,0.2882,-0.3019,0.6147,0.8241,0.802,-0.26,0.01,0.0323,0.0726,-0.0585,0.0502,-0.033,0.0779,-0.8663,0.0
100001,0.0,1.2025,-0.3811,False,False,2.0639,-1.5419,2.1628,-1.8809,-1.626,0.0489,0.2774,-0.3255,1.4514,-3.2006,0.6109,-3.1593,-0.0349,-0.2768,0.8196,0.8308,0.802,-0.26,0.01,0.0617,-0.0088,0.0769,-0.0619,-0.0539,0.0707,-2.7775,0.0
100101,0.0,0.7962,-0.0087,False,False,3.6877,-1.0471,2.632,-1.5954,-2.0495,1.8166,-0.0035,0.0004,0.0064,-0.0098,-0.024,-0.0607,0.2074,0.0496,0.5496,0.811,0.802,-0.26,0.01,0.0017,0.0784,-0.0625,-0.0539,0.0782,0.0098,-2.1039,0.0
100201,0.0,0.7866,0.0008,False,False,3.6877,-1.0471,2.632,-1.5954,-2.0495,1.8166,-0.0007,0.0,-0.0012,0.0007,-0.0162,-0.0329,0.3785,0.0578,0.5441,0.8085,0.802,-0.26,0.01,0.0251,0.0789,-0.0616,-0.069,0.0778,0.0505,2.4136,0.0
100301,0.0,0.7848,0.0,False,False,3.6877,-1.0471,2.632,-1.5954,-2.0495,1.8166,0.009,-0.0001,0.0002,-0.0001,-0.0094,0.0261,0.4119,0.0593,0.5428,0.808,0.802,-0.26,0.01,-0.0032,0.0712,-0.0231,-0.0727,0.0763,0.0702,2.1765,0.0
100401,0.0,0.7944,0.0,False,False,3.6877,-1.0471,2.632,-1.5954,-2.0495,1.8166,-0.0064,0.0001,0.0022,-0.0024,-0.0139,-0.0656,0.2334,0.0512,0.5489,0.8106,0.802,-0.26,0.01,0.0297,0.0776,-0.0598,-0.0554,0.0757,-0.0256,-1.5535,0.0
100501,0.0,1.1908,-0.1237,False,False,2.0626,-1.5544,2.1674,-1.8765,-1.6224,0.0435,0.301,0.0816,1.0994,2.0503,-0.0663,0.3279,-0.0,-0.2705,0.8053,0.8363,0.802,-0.26,0.01,0.0616,-0.0319,0.0796,-0.0797,-0.0468,0.0626,-1.7694,0.0
100601,0.0,0.8694,-0.0028,False,False,3.4804,-1.0473,2.619,-1.5824,-2.2896,1.9402,-0.0059,0.0001,0.0055,-0.0072,0.0079,0.0144,0.3214,-0.0132,0.5912,0.8132,0.802,-0.26,0.01,0.0495,0.0728,-0.0629,-0.0276,0.0687,-0.0194,1.1504,0.0
100701,0.0,0.8614,0.0,False,False,3.4805,-1.0473,2.6189,-1.582,-2.2894,1.8779,-0.0069,0.0003,0.0066,-0.013,0.0002,-0.0137,0.2559,-0.0075,0.5835,0.811,0.802,-0.26,0.01,0.0469,0.067,-0.0579,0.0067,0.0647,0.0143,-0.4028,0.0
100801,0.0,0.8485,0.0003,False,False,3.4805,-1.0472,2.6189,-1.5824,-2.2893,1.8594,0.001,0.0002,0.0059,-0.0133,-0.0247,-0.008,0.3981,0.0028,0.5745,0.8072,0.802,-0.26,0.01,-0.0072,0.0781,-0.0661,-0.0122,0.0777,-0.0199,2.5043,0.0
100901,0.0,0.8485,0.0,False,False,3.4805,-1.0472,2.6189,-1.5824,-2.2893,1.8589,-0.005,0.0,0.0069,-0.0105,0.0184,-0.0042,0.3952,0.0027,0.5745,0.8073,0.802,-0.26,0.01,0.0328,0.0779,-0.0744,-0.0591,0.0242,0.02,1.1266,0.0
101001,0.0,1.1908,-0.1316,False,False,2.0646,-1.5465,2.1643,-1.8787,-1.6355,0.05,0.2952,0.1575,1.0778,2.062,-0.125,0.3733,0.0,-0.2689,0.8089,0.8345,0.802,-0.26,0.01,0.0631,-0.018,0.077,-0.0777,-0.0739,0.0723,-2.0874,0.0
101101,0.0,0.766,-0.0052,False,False,3.4302,-0.996,2.8077,-1.8252,-2.1813,1.5106,0.0185,-0.0018,-0.0021,0.0017,-0.022,-0.0362,0.2823,0.0934,0.5796,0.817,0.802,-0.26,0.01,-0.039,0.0669,-0.0669,-0.0702,0.0618,0.0519,0.0581,0.0
101201,0.0,0.7611,-0.0094,False,False,3.43,-0.9959,2.8078,-1.8253,-2.1809,1.5109,0.0159,0.0041,0.0019,-0.0324,-0.0455,-0.15,0.3686,0.0975,0.5765,0.8172,0.802,-0.26,0.01,-0.0482,0.0623,-0.0631,-0.0415,0.0525,0.0001,2.8246,0.0
101301,0.0,0.7568,-0.0076,False,False,3.4281,-0.9957,2.8081,-1.8259,-2.1775,1.5128,0.009,0.0035,0.0052,-0.0174,-0.0496,-0.0791,0.4252,0.1006,0.5727,0.8173,0.802,-0.26,0.01,-0.0157,0.0745,-0.0617,-0.0631,0.0661,-0.0105,2.8357,0.0
101401,0.0,0.7585,0.0,False,False,3.4279,-0.9957,2.8082,-1.826,-2.1773,1.513,0.0115,0.0092,-0.0005,-0.0169,-0.049,-0.1252,0.3924,0.0993,0.5741,0.8172,0.802,-0.26,0.01,-0.0211,0.0732,-0.0561,-0.0649,0.0759,-0.0012,2.6188,0.0
101501,0.0,1.1898,-0.1216,False,False,2.065,-1.5439,2.1642,-1.8817,-1.6289,0.0328,0.3003,0.1841,1.0849,2.023,-0.0398,0.2152,-0.0,-0.2696,0.8049,0.8357,0.802,-0.26,0.01,0.0643,-0.0134,0.0784,-0.0793,-0.0586,0.0442,-2.139,0.0
101601,0.0,0.6402,0.0,False,False,2.8381,0.2501,3.0996,-3.3632,-2.2009,1.4248,-0.0053,0.0003,0.004,-0.0256,0.0247,-0.052,0.2621,0.1969,0.4971,0.8189,0.802,-0.26,0.01,0.0781,0.0717,-0.0753,0.0611,-0.0532,0.0702,-1.1254,0.0
101701,0.0,0.6421,0.0,False,False,2.8744,0.2502,3.1045,-3.3936,-2.1701,1.4484,-0.0122,0.0013,0.0084,-0.0516,0.0161,-0.0355,0.1837,0.1964,0.5022,0.8136,0.802,-0.26,0.01,0.0685,0.0161,-0.0779,0.0361,-0.0346,0.0602,-1.7853,0.0
101801,0.0,0.6439,0.0,False,False,2.8925,0.2503,3.1071,-3.4075,-2.1545,1.4635,-0.0023,-0.0002,0.0053,-0.0457,0.0871,0.2507,0.1115,0.1973,0.5102,0.8109,0.802,-0.26,0.01,0.0522,0.0777,-0.0407,0.0177,-0.0516,0.0759,-2.8482,0.0
101901,0.0,0.6473,0.0,False,False,2.8965,0.2503,3.1073,-3.4088,-2.153,1.4646,-0.004,0.0002,0.0069,-0.0345,0.0175,0.0388,0.0556,0.1964,0.5176,0.8102,0.802,-0.26,0.01,0.0766,0.0773,-0.0738,0.0264,-0.0676,0.0738,-2.2187,0.0
102001,0.0,1.1979,-0.3084,False,False,2.0642,-1.5306,2.1613,-1.8971,-1.6263,0.0501,0.3625,-0.1882,1.1043,-3.212,-0.4024,-2.2053,-0.0566,-0.2744,0.8138,0.8321,0.802,-0.26,0.01,0.0602,0.0114,0.0784,-0.0795,-0.0559,0.0757,-2.5923,0.0
102101,0.0,0.6435,-0.0218,False,False,3.3963,-0.8526,2.9236,-2.0808,-1.8463,1.8204,-0.1331,0.086,0.0416,-0.1304,0.0156,-0.0823,0.4834,0.1951,0.5031,0.8069,0.802,-0.26,0.01,-0.0238,0.0782,-0.0631,-0.0773,0.0435,0.0346,3.0282,0.0
102201,0.0,0.6334,0.0,False,False,2.9841,0.2504,3.1111,-3.429,-2.1222,1.4893,-0.0066,0.0003,0.009,-0.0523,0.0389,0.1141,0.3539,0.2051,0.501,0.809,0.802,-0.26,0.01,0.0672,0.0742,-0.0701,0.0346,-0.0579,0.0788,1.686,0.0
102301,0.0,0.6368,0.0,False,False,2.9906,0.2504,3.1115,-3.4309,-2.1215,1.4872,-0.0087,0.0003,0.0129,-0.0666,0.1163,0.0788,0.2722,0.2036,0.5069,0.8086,0.802,-0.26,0.01,0.0758,0.0375,-0.0786,0.0604,-0.0641,0.0774,-0.5868,0.0
102401,0.0,0.6329,0.0,False,False,3.0043,0.2504,3.1115,-3.4309,-2.1215,1.4872,-0.002,0.0001,0.0062,-0.0337,0.0718,0.0421,0.3814,0.2064,0.5034,0.809,0.802,-0.26,0.01,0.057,0.076,-0.0773,0.0388,-0.069,0.0756,2.2887,0.0
102501,0.0,1.1883,-0.1292,False,False,2.0526,-1.5526,2.1648,-1.871,-1.6156,0.049,0.1842,0.1085,1.0641,2.0922,-0.1994,0.4044,0.0036,-0.2683,0.8042,0.8381,0.802,-0.26,0.01,0.0401,-0.0281,0.0729,-0.0798,-0.0567,0.0754,-1.7073,0.0
102601,0.0,0.8778,-0.004,False,False,3.5946,-1.0398,2.7001,-1.6732,-2.322,1.996,-0.0117,0.0003,0.001,-0.0023,0.0131,0.0158,0.1954,-0.0143,0.6116,0.8202,0.802,-0.26,0.01,0.0707,0.0528,-0.0638,0.0373,0.0031,-0.0667,-0.582,0.0
102701,0.0,0.8687,-0.002,False,False,3.5951,-1.0399,2.6998,-1.6722,-2.3231,1.9828,-0.0101,0.0007,0.0013,-0.0089,0.0098,0.0053,0.3319,-0.0057,0.6086,0.816,0.802,-0.26,0.01,0.065,0.0213,-0.0742,0.0228,0.0626,-0.0787,1.7569,0.0
102801,0.0,0.8706,-0.0002,False,False,3.5996,-1.0401,2.699,-1.6703,-2.3342,1.9563,-0.0212,0.0008,0.0034,-0.0045,0.0097,0.0164,0.2943,-0.0077,0.609,0.8156,0.802,-0.26,0.01,0.0606,0.0656,-0.0673,0.0001,0.0182,-0.0561,1.8541,0.0
102901,0.0,0.8574,0.0002,False,False,3.6028,-1.0405,2.6974,-1.6677,-2.3349,1.9082,-0.0101,0.0005,0.0023,-0.0039,0.0068,0.0042,0.3686,0.0042,0.6034,0.8109,0.802,-0.26,0.01,0.0722,0.0711,-0.0657,-0.0158,0.065,-0.0721,2.2411,0.0
103001,0.0,1.1953,-0.1307,False,False,2.0565,-1.5492,2.1651,-1.8753,-1.6215,0.051,0.2184,0.1396,1.0773,2.0776,-0.1637,0.4202,-0.0,-0.272,0.8129,0.8336,0.802,-0.26,0.01,0.0476,-0.0221,0.0764,-0.0784,-0.0615,0.0774,-2.2378,0.0
103101,0.0,0.7277,-0.0094,False,False,3.5501,-0.956,2.8544,-1.911,-2.0303,1.5178,-0.0013,-0.0029,-0.0043,0.0097,-0.005,-0.1652,0.1874,0.1327,0.5745,0.8165,0.802,-0.26,0.01,-0.033,0.0482,-0.0316,0.0406,0.0222,-0.0671,-1.2699,0.0
103201,0.0,0.7144,0.0,False,False,3.4951,-0.9396,2.8689,-1.9415,-1.995,1.5115,0.0091,-0.0044,-0.0038,0.0074,0.0544,-0.0506,0.1504,0.1437,0.5661,0.8164,0.802,-0.26,0.01,-0.0289,0.0645,-0.0309,0.077,-0.0624,-0.0374,-2.3613,0.0
103301,0.0,0.6284,0.0,False,False,2.8186,0.2502,3.102,-3.3776,-2.1263,1.3918,-0.0038,0.0001,0.0005,-0.003,0.039,-0.0342,0.3344,0.2008,0.4709,0.8181,0.802,-0.26,0.01,0.0792,0.0788,-0.0561,0.053,-0.0747,0.0534,2.3192,0.0
103401,0.0,0.6284,0.0,False,False,2.825,0.2502,3.1028,-3.3819,-2.1187,1.4051,-0.0035,-0.0004,0.0023,-0.011,0.0348,0.0192,0.34,0.2001,0.4685,0.8174,0.802,-0.26,0.01,0.0675,0.0667,-0.0745,0.0522,-0.0517,0.0643,2.4069,0.0
103501,0.0,1.1944,-0.13,False,False,2.0608,-1.5517,2.1645,-1.873,-1.6173,0.0498,0.277,0.1096,1.0679,2.0899,-0.0386,0.3872,0.0,-0.273,0.8088,0.8344,0.802,-0.26,0.01,0.0576,-0.0271,0.0741,-0.0774,-0.0407,0.0733,-1.3478,0.0
103601,0.0,0.8239,-0.0076,False,False,3.6535,-1.034,2.7247,-1.7036,-2.1674,1.4853,0.0053,-0.0005,-0.0019,0.0021,0.0167,0.0296,0.0189,0.038,0.5972,0.8156,0.802,-0.26,0.01,-0.0206,0.0269,0.0202,0.0703,-0.0463,-0.0351,-3.0543,0.0
103701,0.0,0.8237,-0.0044,False,False,3.6535,-1.034,2.7247,-1.7036,-2.1674,1.4853,-0.0059,0.0002,-0.0003,0.0004,0.0022,-0.0013,0.0157,0.0382,0.5975,0.8156,0.802,-0.26,0.01,0.025,0.0264,-0.0089,0.0634,-0.0334,-0.0473,-3.0016,0.0
103801,0.0,0.8183,-0.0217,False,False,3.6534,-1.034,2.7247,-1.7036,-2.1671,1.4855,0.0404,-0.0006,0.0082,-0.0051,-0.0706,-0.2832,0.0699,0.0425,0.5933,0.8161,0.802,-0.26,0.01,-0.0404,0.0106,0.0159,0.0684,0.0274,-0.0625,-2.5503,0.0
103901,0.0,0.812,-0.0006,False,False,3.6534,-1.034,2.7247,-1.7036,-2.1671,1.4855,0.0033,0.0,0.001,-0.001,-0.016,-0.0218,0.1187,0.0475,0.5888,0.8166,0.802,-0.26,0.01,-0.0116,0.0621,-0.0269,0.0761,0.0242,-0.0676,-2.2707,0.0
104001,0.0,1.1893,-0.1261,False,False,2.0616,-1.5489,2.1652,-1.8773,-1.6171,0.0525,0.2808,0.1368,1.0818,2.0726,-0.0098,0.4078,0.0477,-0.2703,0.8024,0.836,0.802,-0.26,0.01,0.059,-0.0221,0.0778,-0.0772,-0.039,0.0787,0.0905,0.0
104101,0.0,0.8693,-0.0002,False,False,3.7414,-1.0459,2.5788,-1.543,-2.2214,1.9421,-0.0109,0.0076,0.0058,-0.0239,0.0107,0.0101,0.3275,-0.0203,0.571,0.8138,0.802,-0.26,0.01,0.0556,0.0661,-0.0155,0.0727,-0.0179,0.0347,2.4512,0.0
104201,0.0,0.8577,-0.0008,False,False,3.7415,-1.046,2.5786,-1.5425,-2.2214,1.9083,-0.0065,-0.0001,0.0028,-0.0032,0.004,0.0117,0.4095,-0.0098,0.5661,0.81,0.802,-0.26,0.01,0.0482,0.0723,-0.0243,-0.0033,0.0517,-0.0473,2.5491,0.0
104301,0.0,0.8557,-0.0021,False,False,3.7416,-1.046,2.5786,-1.5425,-2.2215,1.8995,-0.0078,-0.0,0.0024,-0.0029,0.0139,0.0137,0.4124,-0.0081,0.5649,0.8095,0.802,-0.26,0.01,0.0653,0.0456,-0.0164,0.0248,0.0619,0.0539,2.2828,0.0
104401,0.0,0.8553,0.0004,False,False,3.7416,-1.046,2.5786,-1.5425,-2.2217,1.895,-0.0071,0.0001,0.0002,-0.0011,0.0037,0.0005,0.4011,-0.0078,0.5646,0.8095,0.802,-0.26,0.01,0.0578,0.0616,0.0104,0.0691,0.0765,0.0358,2.4089,0.0
104501,0.0,1.1877,-0.1236,False,False,2.0536,-1.5463,2.1615,-1.8712,-1.6166,0.05,0.1812,0.1687,1.048,2.0562,-0.1681,0.4153,0.0507,-0.268,0.8034,0.8369,0.802,-0.26,0.01,0.0408,-0.0172,0.0689,-0.0793,-0.0588,0.0781,-0.5306,0.0
104601,0.0,0.7529,-0.0115,False,False,3.6174,-0.9651,2.8454,-1.8935,-2.1263,1.5493,0.0095,-0.0044,-0.0051,0.0079,-0.0197,-0.0675,0.3149,0.1136,0.5937,0.816,0.802,-0.26,0.01,-0.0138,0.0573,-0.0409,0.0521,0.0417,-0.0695,-0.6531,0.0
104701,0.0,0.7551,-0.0008,False,False,3.6174,-0.9651,2.8454,-1.8935,-2.1263,1.5493,0.0141,-0.0044,-0.0047,0.0084,-0.0096,-0.0555,0.2925,0.1123,0.5963,0.8159,0.802,-0.26,0.01,-0.0305,0.0494,-0.0299,0.0629,0.0384,-0.0741,1.7281,0.0
104801,0.0,0.7546,0.0,False,False,3.6076,-0.9636,2.8469,-1.8966,-2.1329,1.5194,0.0091,-0.0036,-0.0035,0.0081,-0.0304,-0.0815,0.2964,0.1121,0.5946,0.8167,0.802,-0.26,0.01,-0.0093,0.0606,-0.0662,0.0294,0.0457,-0.0447,0.3544,0.0
104901,0.0,0.7458,0.0,False,False,3.607,-0.9635,2.847,-1.8968,-2.1321,1.5201,0.0065,0.001,0.0012,-0.0051,-0.0229,-0.0179,0.4408,0.1194,0.5891,0.8171,0.802,-0.26,0.01,-0.0007,0.0311,-0.0576,0.0383,0.0405,-0.0663,2.9389,0.0
105001,0.0,1.1891,-0.1313,False,False,2.0599,-1.5532,2.1634,-1.8687,-1.627,0.0532,0.2628,0.0937,1.0605,2.0695,-0.1661,0.4199,0.0,-0.2683,0.8061,0.8374,0.802,-0.26,0.01,0.0548,-0.03,0.0702,-0.0769,-0.0644,0.0795,-2.2762,0.0
105101,0.0,0.7536,0.001,False,False,3.5992,-0.9936,2.8113,-1.8306,-2.1208,1.5044,-0.0151,0.003,0.001,-0.0056,0.002,-0.0021,0.4024,0.1076,0.5815,0.8176,0.802,-0.26,0.01,0.0059,0.0092,-0.0328,0.0428,-0.0191,-0.069,2.9054,0.0
105201,0.0,0.7517,-0.0023,False,False,3.5993,-0.9936,2.8113,-1.8306,-2.121,1.5044,-0.0138,0.0064,0.0071,-0.0228,0.0136,-0.003,0.4368,0.1091,0.5802,0.8177,0.802,-0.26,0.01,0.0287,0.0103,-0.0383,-0.0208,0.0097,-0.0685,2.9839,0.0
105301,0.0,0.7538,-0.0036,False,False,3.5994,-0.9936,2.8113,-1.8305,-2.1211,1.5044,-0.0176,0.0037,0.0046,-0.0056,0.0027,0.0079,0.4013,0.1075,0.5816,0.8176,0.802,-0.26,0.01,0.042,0.0175,-0.0303,0.0752,0.0321,-0.0666,1.6738,0.0
105401,0.0,0.7603,-0.0012,False,False,3.6042,-0.9943,2.8102,-1.8287,-2.129,1.5022,-0.0031,-0.0014,-0.0023,0.0062,-0.0225,-0.0641,0.3505,0.1027,0.5873,0.8174,0.802,-0.26,0.01,0.0067,0.0491,-0.0255,0.0207,0.0225,-0.0447,2.6658,0.0
105501,0.0,1.1911,-0.1345,False,False,2.0479,-1.5486,2.1649,-1.8735,-1.6164,0.0503,0.1207,0.1537,1.0744,2.0644,-0.2934,0.4359,0.0,-0.2687,0.8098,0.8342,0.802,-0.26,0.01,0.0293,-0.0204,0.0751,-0.0799,-0.0714,0.0795,-1.724,0.0
105601,0.0,0.9671,0.0,False,False,3.0622,0.2487,2.9891,-4.2029,-3.1275,0.2479,0.0008,0.0008,-0.0077,-0.0228,0.0036,-0.0586,0.2685,-0.0737,0.6991,0.8216,0.802,-0.26,0.01,-0.006,0.0341,0.0205,-0.0621,-0.0542,0.0499,1.3731,0.0
105701,0.0,1.0098,0.0,False,False,3.3659,0.2495,2.8455,-4.6625,-3.1271,-0.4394,0.0109,0.0001,-0.0006,0.0094,-0.011,0.0167,0.3388,-0.1329,0.6701,0.8229,0.802,-0.26,0.01,-0.0231,-0.0483,0.0266,0.0475,-0.0298,0.0283,-2.5915,0.0
105801,0.0,1.0244,0.0,False,False,3.9238,0.2495,2.8455,-4.6626,-3.1271,-0.4403,0.078,0.011,-0.0095,0.1502,-0.1885,0.0127,0.3312,-0.18,0.5801,0.8212,0.802,-0.26,0.01,0.0536,0.0255,0.0276,0.0758,0.0195,-0.006,-2.8891,0.0
105901,0.0,1.0142,0.0,False,False,4.1734,0.2495,2.8455,-4.6625,-3.1271,-0.4431,-0.0055,0.0001,-0.0007,0.0017,0.0114,-0.0351,0.3354,-0.1816,0.535,0.8214,0.802,-0.26,0.01,0.0568,0.0378,-0.0466,0.0592,0.0572,-0.0773,-1.698,0.0
106001,0.0,1.1945,-0.1299,False,False,2.0649,-1.5546,2.1668,-1.8759,-1.6346,0.0542,0.3181,0.0765,1.0829,2.1167,-0.1358,0.4272,-0.0,-0.271,0.813,0.8347,0.802,-0.26,0.01,0.0654,-0.0324,0.0782,-0.0794,-0.0686,0.0794,-2.6383,0.0
106101,0.0,1.0222,0.0,False,False,3.1818,0.2495,2.8455,-4.6627,-3.1279,0.454,-0.0026,0.0004,-0.001,0.0001,0.0084,-0.0102,0.1133,-0.1381,0.6902,0.8213,0.802,-0.26,0.01,0.0196,0.0278,-0.0026,0.0234,-0.0501,0.0726,-1.2557,0.0
106201,0.0,1.021,0.0,False,False,3.2633,0.2495,2.8455,-4.6629,-3.1279,0.4491,0.0004,0.0004,0.001,-0.0066,0.0111,0.0127,0.1584,-0.1392,0.6848,0.8161,0.802,-0.26,0.01,-0.0179,0.0302,-0.0623,-0.0543,-0.0304,0.0057,-0.9207,0.0
106301,0.0,1.0165,-0.0018,False,False,3.2771,0.2495,2.8455,-4.663,-3.1291,0.4141,-0.0012,0.0008,-0.0025,0.01,-0.0073,0.0264,0.206,-0.1354,0.6824,0.8139,0.802,-0.26,0.01,-0.0055,0.0409,0.0227,-0.0323,-0.0697,0.0663,-1.0536,0.0
106401,0.0,1.0086,0.0036,False,False,3.2946,0.2495,2.8455,-4.6634,-3.1294,0.3758,0.0047,0.0011,-0.0008,0.0009,-0.0005,-0.0011,0.3203,-0.1283,0.6789,0.8107,0.802,-0.26,0.01,-0.0549,0.0304,-0.0169,-0.0484,0.0319,0.0649,2.6343,0.0
106501,0.0,1.1936,-0.1313,False,False,2.0701,-1.5452,2.1635,-1.8791,-1.64,0.0536,0.3536,0.1648,1.0766,2.0533,-0.0507,0.3918,0.0,-0.2708,0.8116,0.8326,0.802,-0.26,0.01,0.0744,-0.0162,0.0768,-0.0745,-0.071,0.076,-2.3805,0.0
106601,0.0,0.7247,-0.0054,False,False,3.5782,-0.9512,2.8589,-1.9198,-2.0609,1.4816,0.01,-0.0069,-0.0075,0.0167,0.0026,-0.0763,0.3918,0.1371,0.5768,0.8184,0.802,-0.26,0.01,0.0214,0.0765,0.0284,0.072,0.0252,-0.0268,2.293,0.0
106701,0.0,0.7243,-0.0064,False,False,3.5781,-0.9512,2.8589,-1.9198,-2.0608,1.4815,-0.0184,0.0099,0.0075,-0.0216,-0.0163,0.0407,0.3993,0.1374,0.5765,0.8184,0.802,-0.26,0.01,0.0282,-0.0048,-0.0594,0.0315,0.0528,-0.0734,1.9414,0.0
106801,0.0,0.7228,-0.0057,False,False,3.5778,-0.9511,2.859,-1.92,-2.0604,1.4818,0.0209,-0.0004,-0.0101,0.0257,-0.0243,-0.0594,0.4223,0.1385,0.5754,0.8186,0.802,-0.26,0.01,-0.0204,0.043,-0.029,0.065,0.0639,-0.0412,3.0656,0.0
106901,0.0,0.7212,-0.0054,False,False,3.5739,-0.95,2.86,-1.9221,-2.0556,1.4827,0.0112,-0.0033,-0.003,0.0057,-0.0215,-0.0569,0.4187,0.1398,0.5743,0.8185,0.802,-0.26,0.01,-0.0092,0.0485,-0.0398,0.0619,0.0622,-0.0591,2.4782,0.0
107001,0.0,1.187,-0.1289,False,False,2.0717,-1.5393,2.1632,-1.8867,-1.6412,0.0545,0.3579,0.223,1.0861,1.9919,-0.0061,0.3847,-0.0,-0.2673,0.8031,0.8373,0.802,-0.26,0.01,0.0768,-0.0057,0.0796,-0.0795,-0.0711,0.0787,-2.9216,0.0
107101,0.0,0.8181,-0.0047,False,False,3.5342,-1.0388,2.7043,-1.6798,-2.2324,1.6827,-0.01,0.0005,0.0009,-0.0023,-0.0038,-0.027,0.2445,0.0385,0.5828,0.8128,0.802,-0.26,0.01,0.057,0.0506,-0.0357,-0.0645,0.0684,-0.0568,-1.2397,0.0
107201,0.0,0.8112,-0.0072,False,False,3.5342,-1.0388,2.7043,-1.6798,-2.2324,1.6827,-0.0117,0.0031,0.006,-0.0094,-0.0184,-0.038,0.3611,0.0444,0.5791,0.812,0.802,-0.26,0.01,0.0495,0.0556,-0.0637,0.0311,0.0508,-0.0475,0.3632,0.0
107301,0.0,0.8107,-0.0021,False,False,3.5342,-1.0388,2.7043,-1.6798,-2.2325,1.6825,-0.009,0.0146,0.0057,-0.0282,0.0116,0.0838,0.3704,0.0449,0.5789,0.8119,0.802,-0.26,0.01,0.0418,0.0475,-0.0531,0.0551,-0.0019,-0.057,2.7837,0.0
107401,0.0,0.8075,-0.0019,False,False,3.5355,-1.0388,2.7041,-1.6798,-2.2353,1.677,0.006,0.0001,-0.0004,-0.0029,-0.0156,-0.0135,0.4394,0.0474,0.5767,0.8116,0.802,-0.26,0.01,-0.0268,0.0728,-0.0423,-0.008,0.0548,-0.0674,2.5184,0.0
107501,0.0,1.1904,-0.1337,False,False,2.0705,-1.5464,2.1641,-1.8806,-1.6421,0.0556,0.3599,0.152,1.0786,2.0451,-0.065,0.4015,0.0,-0.2687,0.8082,0.835,0.802,-0.26,0.01,0.0754,-0.0185,0.0771,-0.0791,-0.074,0.0792,-2.7555,0.0
107601,0.0,1.1132,0.0,False,False,3.596,-0.6813,2.1874,0.0434,-3.1194,3.4096,-0.0063,-0.0005,0.0077,-0.0069,-0.0076,0.095,0.0842,-0.2747,0.5716,0.8173,0.802,-0.26,0.01,0.0559,0.0725,-0.0797,0.0761,0.0514,0.0767,-2.842,0.0
107701,0.0,1.1388,0.0,False,False,3.6251,-0.6775,2.1464,0.0794,-3.1301,3.0995,0.0071,0.0036,0.0067,-0.07,0.071,0.0086,0.0053,-0.3062,0.5506,0.8197,0.802,-0.26,0.01,-0.0617,0.0718,-0.0794,0.0749,-0.0667,0.0798,-3.0812,0.0
107801,0.0,1.1387,0.0,False,False,3.6247,-0.6776,2.146,0.0821,-3.1329,3.0971,0.0127,0.0041,0.0101,-0.085,0.0952,0.0589,0.0091,-0.306,0.5508,0.8192,0.802,-0.26,0.01,-0.0723,0.071,-0.0795,0.0739,-0.0783,0.0797,-3.0813,0.0
107901,0.0,1.1339,0.0,False,False,3.6243,-0.6777,2.1456,0.0851,-3.1361,3.0939,0.0138,0.0065,0.0139,-0.1318,0.1476,0.0777,0.0589,-0.3008,0.5521,0.8188,0.802,-0.26,0.01,-0.0749,0.0618,-0.0796,0.0717,-0.0793,0.0793,-2.443,0.0
108001,0.0,1.1862,-0.1217,False,False,2.0711,-1.5506,2.1632,-1.8744,-1.6328,0.054,0.3831,0.1076,1.0599,2.0994,0.0266,0.3969,0.1047,-0.2678,0.8001,0.837,0.802,-0.26,0.01,0.0782,-0.0263,0.073,-0.0754,-0.0507,0.0781,1.1156,0.0
108101,0.0,0.7595,0.0017,False,False,3.615,-1.0234,2.7562,-1.7456,-2.0764,1.572,-0.0016,0.0001,0.0005,0.0006,0.0095,0.0072,0.3653,0.0953,0.567,0.8154,0.802,-0.26,0.01,0.0264,0.0491,-0.0492,-0.0538,0.0118,-0.0402,2.2998,0.0
108201,0.0,0.7566,0.0,False,False,3.6151,-1.0234,2.7562,-1.7456,-2.0764,1.572,-0.0083,0.0007,-0.0013,0.0013,0.0,-0.0372,0.4161,0.0976,0.565,0.8154,0.802,-0.26,0.01,0.0437,0.059,-0.0047,0.0207,0.0192,-0.0338,3.0539,0.0
108301,0.0,0.7641,0.0046,False,False,3.6151,-1.0234,2.7562,-1.7456,-2.0765,1.5719,-0.0026,0.0008,0.0019,-0.0027,-0.0001,0.0141,0.2926,0.0918,0.5706,0.8154,0.802,-0.26,0.01,0.0063,-0.0015,-0.0138,0.0668,0.0018,-0.0239,1.6739,0.0
108401,0.0,0.7621,0.003,False,False,3.6164,-1.0235,2.7559,-1.7452,-2.0791,1.566,-0.0021,0.0072,-0.0003,-0.0047,-0.0072,-0.0236,0.3433,0.0936,0.5698,0.8156,0.802,-0.26,0.01,0.0152,0.0687,-0.0593,0.025,0.0217,-0.0527,2.8933,0.0
108501,0.0,1.19,-0.1307,False,False,2.0721,-1.5454,2.1644,-1.883,-1.6394,0.0557,0.3772,0.1607,1.0826,2.0438,-0.0,0.3981,0.0,-0.2693,0.8062,0.8357,0.802,-0.26,0.01,0.0788,-0.0167,0.0788,-0.0798,-0.0644,0.0794,-2.9869,0.0
108601,0.0,1.1729,0.0,False,False,3.9562,-0.6229,1.8681,0.3061,-3.1308,2.7489,-0.0721,0.0315,-0.1298,0.1589,-0.1255,0.2871,0.0625,-0.3678,0.3717,0.8155,0.802,-0.26,0.01,-0.0684,0.0433,-0.0792,0.0796,-0.0719,0.0798,-2.9521,0.0
108701,0.0,1.1747,0.0,False,False,3.9547,-0.6109,1.8253,0.3335,-3.1314,2.6517,0.0131,-0.0033,0.0158,-0.0328,0.015,-0.0361,0.2804,-0.369,0.3769,0.8223,0.802,-0.26,0.01,-0.0659,0.0696,-0.078,0.0794,-0.078,0.0793,-2.2879,0.0
108801,0.0,1.1952,0.0,False,False,3.9166,-0.5933,1.7649,0.3762,-3.1314,2.6517,-0.0022,-0.0017,0.0057,-0.0042,-0.0017,0.0139,0.2802,-0.3895,0.3772,0.8223,0.802,-0.26,0.01,0.0237,0.0663,-0.0764,0.0797,-0.0777,0.0797,-2.7869,0.0
108901,0.0,1.5544,0.0,False,False,3.3318,0.0496,0.2146,1.2943,-3.1456,2.8029,-0.1315,-0.1567,0.3329,-0.1712,-0.0038,0.1584,-0.0,-0.7292,0.5564,0.8128,0.802,-0.26,0.01,-0.0316,-0.0797,-0.0501,-0.0793,0.0799,0.0756,-2.8321,0.0
109001,0.0,1.1902,-0.134,False,False,2.0697,-1.5648,2.168,-1.8688,-1.6295,0.0552,0.4009,-0.0312,1.074,2.1874,-0.0174,0.4113,0.0,-0.2702,0.8043,0.8389,0.802,-0.26,0.01,0.0779,-0.0512,0.0758,-0.0773,-0.0425,0.0785,-0.9731,0.0
109101,0.0,1.0256,0.0,False,False,4.3751,-0.6618,2.0395,0.1719,-3.1193,5.6356,0.1289,0.0277,-0.1504,0.1226,0.0,-0.0001,-0.0,-0.2206,0.3387,0.8505,0.802,-0.26,0.01,0.0774,0.0746,-0.0799,0.0788,-0.0792,0.0794,-3.0903,0.0
109201,0.0,0.7631,0.0,False,False,5.2331,0.249,-0.2011,1.5099,-3.1441,6.2832,-0.2699,0.0,0.0014,0.0019,-0.0155,0.2309,0.1778,0.2367,-0.1438,0.8172,0.8257,-0.2094,0.01,-0.0797,0.0783,-0.08,0.0524,-0.0797,-0.0506,-1.0965,0.0
109301,0.0,1.5679,0.0,False,False,3.1876,0.249,-0.2011,1.5099,-3.1441,6.2832,-0.0006,-0.0,-0.0003,0.0042,-0.0049,-0.0413,0.0001,-0.709,0.6607,0.817,0.8257,-0.2094,0.01,-0.012,-0.0799,-0.08,-0.0765,0.0112,0.0794,-3.1373,0.0
109401,0.0,0.3467,0.0,False,False,5.9,0.2489,-0.2229,1.4445,-3.1431,6.2832,-0.3291,0.0015,0.4166,1.1505,0.0873,0.0534,0.236,0.6139,0.1469,0.8188,0.8538,-0.1539,0.0163,-0.0798,0.08,-0.0798,0.08,-0.0725,0.0799,2.1981,0.0
109501,0.0,1.1946,-0.1315,False,False,2.0713,-1.5412,2.1638,-1.8858,-1.6381,0.0551,0.3599,0.2051,1.0883,2.0031,0.0089,0.4026,-0.0,-0.2719,0.8117,0.8312,0.802,-0.26,0.01,0.0765,-0.0089,0.0799,-0.0796,-0.0648,0.0787,-2.3762,0.0
109601,0.0,0.9974,0.0,False,False,4.4954,-0.6465,1.9644,0.2317,-3.1193,5.6356,0.1757,0.0484,-0.2144,0.166,-0.0,0.0042,0.1006,-0.1937,0.2827,0.8478,0.802,-0.26,0.01,0.0787,0.0751,-0.08,0.0741,-0.08,0.0797,0.9854,0.0
109701,0.0,0.5565,0.0,False,False,5.5383,0.249,-0.2011,1.5099,-3.1441,6.2832,-0.1509,0.0061,-0.0056,0.0257,-0.0005,0.0066,0.2905,0.4419,-0.0459,0.8174,0.8276,-0.1957,0.01,-0.054,0.0761,-0.08,0.0782,-0.0775,0.0793,0.3205,0.0
109801,0.0,0.748,0.0,False,False,6.2125,0.249,-0.2005,1.5004,-3.1241,6.2832,0.0004,0.0005,-0.0008,-0.0027,-0.0203,0.0175,0.4393,0.7269,0.361,0.8221,0.8067,0.554,0.01,0.0797,-0.0794,-0.0797,0.0798,0.0345,0.08,2.5594,0.0
109901,0.0,0.7486,0.0,False,False,6.2133,0.249,-0.2005,1.5004,-3.1241,6.2832,-0.0024,0.0,0.0001,-0.0007,-0.0053,0.0782,0.2963,0.7184,0.3613,0.8219,0.8067,0.554,0.01,0.0791,-0.0797,-0.0781,0.0797,0.0638,0.08,0.0232,0.0
110001,0.0,1.1973,-0.3152,False,False,2.0742,-1.5324,2.1619,-1.897,-1.6496,0.0546,0.5781,-0.1504,1.2493,-3.1842,-1.5009,-0.9293,-0.0506,-0.2723,0.8168,0.8311,0.802,-0.26,0.01,0.0797,0.0071,0.0798,-0.0788,-0.0796,0.0779,-3.0675,0.0
110101,0.0,0.7665,0.0,False,False,4.6148,-0.6702,2.0284,0.3786,-1.5015,6.234,-0.0108,-0.0009,0.0096,-0.0299,-0.0368,0.0123,0.0687,0.1143,0.163,1.1036,0.802,-0.26,0.01,0.077,0.0557,-0.0799,-0.0693,-0.0696,0.0762,-2.9109,0.0
110201,0.0,0.7662,0.0,False,False,4.6162,-0.6699,2.027,0.3801,-1.4963,6.2344,-0.0032,-0.0009,0.0047,-0.0038,-0.0065,-0.0004,0.1498,0.1155,0.1575,1.1035,0.802,-0.26,0.01,0.0738,0.0365,-0.08,-0.0533,-0.0739,0.0771,-1.8677,0.0
110301,0.0,0.7539,0.0,False,False,4.6264,-0.6685,2.0195,0.389,-1.4515,6.2349,-0.0089,-0.0014,0.0076,-0.0096,-0.0243,0.0128,0.2508,0.1305,0.1483,1.1019,0.802,-0.26,0.01,0.0589,0.0597,-0.08,0.0113,-0.0722,0.0777,2.7035,0.0
110401,0.0,0.7504,0.0,False,False,4.6282,-0.6682,2.0179,0.3907,-1.4429,6.2357,-0.0048,-0.0005,0.0026,-0.003,-0.0101,-0.0042,0.1976,0.1339,0.1509,1.102,0.802,-0.26,0.01,0.0757,0.0609,-0.0798,0.0335,-0.0792,0.079,-1.3543,0.0
110501,0.0,1.196,-0.4225,False,False,2.0738,-1.5321,2.1614,-1.8915,-1.6459,0.0521,0.5185,-0.1972,1.1301,-3.2944,-1.5303,-3.133,-0.0365,-0.2721,0.8143,0.831,0.802,-0.26,0.01,0.0796,0.0071,0.0799,-0.0769,-0.0746,0.0665,-3.1132,0.0
110601,0.0,0.3729,0.0,False,False,5.1587,-0.6471,1.9266,0.4529,-0.6533,6.2563,0.1386,0.0441,-0.1654,0.0528,0.4304,0.0041,0.4847,0.4929,0.324,0.9958,0.802,-0.26,0.01,0.0765,0.0764,-0.08,0.0779,-0.0792,0.0797,3.1224,0.0
110701,0.0,0.5835,0.0,False,False,6.1959,0.249,-0.2018,1.5206,0.0139,5.8724,0.0329,0.0,-0.0,-0.0003,0.002,0.0263,0.275,0.7386,0.903,0.8155,0.8481,-0.2196,0.01,0.0651,0.0787,-0.0792,0.08,-0.0799,0.08,-2.8535,0.0
110801,0.0,0.5814,0.0,False,False,6.1993,0.249,-0.2018,1.5206,0.0139,5.8707,0.0014,0.0018,-0.0032,0.0033,0.0001,-0.0135,0.2787,0.7475,0.9023,0.8201,0.8481,-0.2196,0.01,0.0225,0.0752,-0.0775,0.08,-0.0787,0.08,-0.2499,0.0
110901,0.0,0.5758,0.0,False,False,6.1899,0.249,-0.2018,1.5208,0.0131,5.9393,-0.0003,-0.0001,0.0004,-0.0038,-0.0035,0.0212,0.1063,0.7352,0.8946,0.8139,0.8481,-0.2196,0.01,0.0044,0.0799,-0.0798,0.0799,-0.0796,0.08,-1.7699,0.0
111001,0.0,1.1975,-0.1322,False,False,2.0716,-1.5469,2.1649,-1.8791,-1.6406,0.0556,0.3744,0.1479,1.0881,2.0875,-0.0296,0.4207,-0.0,-0.2731,0.8157,0.8318,0.802,-0.26,0.01,0.078,-0.0191,0.0799,-0.0709,-0.0681,0.0785,-2.9421,0.0
111101,0.0,0.5026,0.0,False,False,5.8756,-0.5806,1.7207,0.4277,0.0143,6.2831,0.2482,0.1175,-0.3674,0.2256,-0.0289,0.063,0.4748,0.5786,0.7395,0.8152,0.802,-0.26,0.01,0.0791,0.0775,-0.0797,0.0762,-0.08,0.08,3.1405,0.0
111201,0.0,0.636,0.0,False,False,6.2364,0.249,-0.2018,1.5206,0.0141,6.1918,-0.0002,0.0006,0.0006,0.0043,-0.0023,-0.0158,0.2181,0.7408,0.9225,0.8169,0.802,-0.26,0.01,0.0263,0.0716,-0.0799,0.0799,-0.0793,0.08,-0.1021,0.0
111301,0.0,0.6376,0.0,False,False,6.2364,0.249,-0.2018,1.5206,0.0141,6.1928,-0.0003,0.0011,-0.0015,0.0022,-0.0008,0.0141,0.1369,0.7332,0.9233,0.8161,0.802,-0.26,0.01,0.0234,0.0791,-0.0793,0.0799,-0.0796,0.08,-1.4804,0.0
111401,0.0,0.6376,0.0,False,False,6.2364,0.249,-0.2018,1.5206,0.0141,6.1929,0.001,0.0001,0.0028,0.0078,0.0015,-0.024,0.1373,0.7333,0.9233,0.8161,0.802,-0.26,0.01,0.051,0.08,-0.0798,0.0799,-0.0798,0.0799,-1.6753,0.0
111501,0.0,1.191,-0.1332,False,False,2.0731,-1.5391,2.1632,-1.887,-1.6462,0.0551,0.3711,0.2232,1.0872,1.9856,-0.0261,0.3851,0.0,-0.269,0.8092,0.8333,0.802,-0.26,0.01,0.0795,-0.0055,0.0796,-0.0792,-0.0788,0.0778,-2.8115,0.0
111601,0.0,1.086,0.0,False,False,3.9061,-0.6817,2.1941,0.0372,-3.1193,5.6368,-0.0264,-0.0012,0.0183,-0.0168,-0.0008,0.0024,0.3352,-0.2654,0.4853,0.8348,0.802,-0.26,0.01,0.0782,0.0779,-0.0799,0.0799,-0.0083,-0.0672,2.7522,0.0
111701,0.0,1.0856,0.0,False,False,3.9079,-0.6816,2.1926,0.0386,-3.1193,5.6368,-0.0092,-0.0006,0.0048,-0.0001,-0.0107,0.0334,0.3144,-0.265,0.4851,0.8355,0.802,-0.26,0.01,0.0799,0.0784,-0.0782,0.0704,-0.0117,-0.0705,2.2446,0.0
111801,0.0,1.0806,0.0,False,False,3.9153,-0.6812,2.1863,0.0445,-3.1193,5.6374,-0.009,-0.0004,0.0036,-0.0015,-0.0065,0.0162,0.1973,-0.2594,0.4864,0.8415,0.802,-0.26,0.01,0.0788,0.0739,-0.0798,0.0764,0.0579,-0.079,2.3636,0.0
111901,0.0,1.0791,0.0,False,False,3.926,-0.6804,2.1764,0.0537,-3.1193,5.6356,-0.0176,-0.0009,0.0119,-0.0118,0.0021,-0.0104,0.2839,-0.2593,0.4785,0.8413,0.802,-0.26,0.01,0.0787,0.0777,-0.0791,0.0737,0.0731,-0.0756,2.7948,0.0
112001,0.0,1.2145,-0.1231,False,False,2.073,-1.5398,2.1632,-1.8856,-1.6431,0.0542,0.3735,0.2165,1.0867,2.0161,-0.0015,0.4538,-0.0,-0.2829,0.8342,0.8347,0.802,-0.26,0.01,0.0796,-0.0067,0.08,-0.0768,-0.0722,0.0755,-3.085,0.0
112101,0.0,0.9582,0.0,False,False,6.233,-1.0446,2.6701,-1.6344,-1.46,4.5047,0.0104,0.0018,-0.0029,-0.0023,-0.0062,-0.0271,0.489,-0.0729,0.6804,0.8085,0.802,-0.26,0.01,-0.0102,0.0758,0.0164,0.0701,-0.0327,0.0766,3.1386,0.0
112201,0.0,0.9581,0.0,False,False,6.233,-1.0446,2.6701,-1.6344,-1.4601,4.5049,-0.0054,0.0053,0.0044,-0.0122,0.0036,-0.0269,0.493,-0.0728,0.6802,0.8085,0.802,-0.26,0.01,-0.0051,0.06,-0.0268,0.0258,-0.0088,0.0751,3.1381,0.0
112301,0.0,0.9586,0.0,False,False,6.233,-1.0443,2.671,-1.6387,-1.4602,4.658,-0.0026,0.0005,0.0032,-0.008,0.0085,0.0024,0.4741,-0.0731,0.6806,0.8134,0.802,-0.26,0.01,-0.0233,0.0765,-0.0484,0.0587,-0.0454,0.0766,3.1321,0.0
112401,0.0,0.9576,0.0,False,False,6.2354,-1.0445,2.6696,-1.6368,-1.4671,4.6672,-0.0059,0.0005,0.0036,-0.0068,-0.0065,-0.0562,0.4744,-0.073,0.6785,0.8138,0.802,-0.26,0.01,-0.0223,0.077,-0.0612,0.0748,0.007,0.0748,3.1399,0.0
112501,0.0,1.1887,-0.1337,False,False,2.0713,-1.5591,2.1681,-1.8751,-1.6426,0.0553,0.3971,0.0249,1.0964,2.112,-0.0998,0.4049,-0.0,-0.2677,0.8062,0.8378,0.802,-0.26,0.01,0.0793,-0.0409,0.0798,-0.0783,-0.0696,0.0779,-3.094,0.0
112601,0.0,0.9565,0.0,False,False,4.5734,-3.3932,3.141,-0.1321,-2.5559,4.1825,0.5162,-0.0002,-0.0493,-0.0985,0.1706,-0.2142,0.0235,-0.0434,0.7374,0.7961,0.802,-0.26,0.01,0.0792,0.0647,0.0782,-0.0781,0.0775,-0.0676,2.9741,0.0
112701,0.0,0.9741,0.0,False,False,4.7064,-3.3932,3.1408,-0.1326,-2.5555,4.1879,-0.0024,-0.0002,0.0026,0.0476,0.0156,0.0273,0.0121,-0.0669,0.7302,0.796,0.802,-0.26,0.01,0.0108,0.0308,0.0784,-0.0782,0.0676,-0.0797,1.8454,0.0
112801,0.0,1.0084,0.0,False,False,5.0001,-3.3932,3.1416,-0.1286,-2.5599,4.1863,-0.4606,-0.0007,0.001,0.122,-0.0167,-0.0422,0.0435,-0.119,0.7006,0.796,0.802,-0.26,0.01,-0.0683,0.0597,0.0702,-0.0721,0.0644,-0.0791,2.1413,0.0
112901,0.0,1.0266,0.0,False,False,5.3126,-3.3932,3.1416,-0.1342,-2.5622,4.1785,-0.1659,-0.0002,0.0009,-0.0343,-0.0325,-0.0151,0.007,-0.1571,0.6561,0.7963,0.802,-0.26,0.01,-0.0696,-0.001,0.0571,-0.0398,-0.0736,-0.0798,-1.2399,0.0
113001,0.0,1.207,-0.1328,False,False,2.0686,-1.5684,2.1703,-1.869,-1.6408,0.051,0.387,-0.0664,1.0866,2.2409,-0.168,0.4562,-0.0,-0.2778,0.8269,0.84,0.802,-0.26,0.01,0.0752,-0.0573,0.0794,-0.0781,-0.0694,0.0711,-3.0098,0.0
113101,0.0,1.017,0.0,False,False,5.1649,-3.3932,3.1413,-0.1292,-2.5604,4.1667,0.003,-0.0,0.0049,0.0121,-0.0078,0.0609,0.0121,-0.1393,0.6748,0.7968,0.802,-0.26,0.01,-0.0548,-0.0323,-0.0314,-0.0337,-0.014,-0.0704,2.2871,0.0
113201,0.0,1.0202,0.0,False,False,5.2027,-3.3932,3.1413,-0.1255,-2.5573,4.171,0.0016,-0.0,0.0129,0.0086,0.001,0.1291,0.0207,-0.1445,0.6706,0.7968,0.802,-0.26,0.01,-0.0511,-0.047,0.0644,-0.0707,-0.0468,-0.0788,2.2658,0.0
113301,0.0,1.0269,0.0,False,False,5.2897,-3.3932,3.1407,-0.1255,-2.5498,4.1808,-0.1369,0.0,0.0256,0.0734,-0.0624,-0.0844,0.0152,-0.1548,0.6628,0.7964,0.802,-0.26,0.01,-0.0703,-0.0161,-0.0302,-0.069,-0.0499,-0.0515,-0.7316,0.0
113401,0.0,1.0263,0.0,False,False,5.3169,-3.3932,3.1408,-0.1242,-2.5521,4.1728,0.004,-0.0003,0.0062,0.001,-0.0052,0.0465,0.0143,-0.157,0.6555,0.7968,0.802,-0.26,0.01,-0.0528,-0.05,0.0554,-0.0768,0.0419,-0.0659,1.8947,0.0
113501,0.0,1.2105,-0.1243,False,False,2.0705,-1.5554,2.1671,-1.8759,-1.6408,0.0537,0.381,0.0627,1.0874,2.1435,-0.084,0.471,0.0,-0.2802,0.8301,0.8374,0.802,-0.26,0.01,0.0772,-0.0343,0.0797,-0.0762,-0.0687,0.0754,-2.5911,0.0
113601,0.0,0.9816,0.0,False,False,4.7772,-3.3932,3.141,-0.1307,-2.5575,4.1698,0.5235,0.0,-0.0348,-0.0432,0.1226,-0.0855,0.0012,-0.0804,0.72,0.7967,0.802,-0.26,0.01,0.0764,0.0699,0.0671,-0.0782,0.0787,-0.0063,3.1101,0.0
113701,0.0,1.0174,0.0,False,False,5.0711,-3.3932,3.1413,-0.1296,-2.5574,4.1873,-0.1018,-0.002,0.0205,0.1337,-0.2286,0.5789,0.1039,-0.1313,0.695,0.7956,0.802,-0.26,0.01,-0.0701,-0.0268,-0.0351,-0.0613,-0.056,0.0446,1.819,0.0
113801,0.0,1.0321,0.0,False,False,5.2928,-3.3932,3.1407,-0.1279,-2.5522,4.1933,0.4878,0.0,-0.0165,-0.0319,0.1478,-0.0027,0.0938,-0.1596,0.6648,0.7954,0.802,-0.26,0.01,0.0654,0.0788,0.0587,0.0356,0.0787,0.072,2.8493,0.0
113901,0.0,1.0401,0.0,False,False,5.5234,-3.3932,3.1406,-0.1176,-2.5416,4.196,0.4607,-0.0016,-0.0163,-0.0297,0.1447,-0.0274,0.0883,-0.1819,0.6272,0.7957,0.802,-0.26,0.01,0.0646,0.0796,0.0732,0.0496,0.0774,0.0796,3.133,0.0
114001,0.0,1.2058,-0.1402,False,False,2.0704,-1.5712,2.1711,-1.8685,-1.6472,0.0544,0.4089,-0.096,1.088,2.2586,-0.2045,0.4843,0.0,-0.2764,0.8273,0.8387,0.802,-0.26,0.01,0.0789,-0.0624,0.0797,-0.0796,-0.0788,0.0761,-3.097,0.0
114101,0.0,0.9909,0.0,False,False,5.4341,-3.3932,3.1282,0.0156,-0.9554,5.0321,-0.0082,0.0001,-0.0007,-0.0039,-0.0138,-0.0602,0.6999,0.0218,0.9008,0.7976,0.802,-0.26,0.01,0.0699,-0.0687,0.0785,0.0725,0.0495,-0.043,3.0807,0.0
114201,0.0,0.9909,0.0,False,False,5.4344,-3.3932,3.1282,0.0154,-0.955,5.0319,-0.0062,0.0002,0.011,0.0089,0.006,0.0624,0.7,0.0219,0.9009,0.7976,0.802,-0.26,0.01,0.0785,-0.0714,0.078,-0.0469,0.0726,0.001,1.8274,0.0
114301,0.0,0.9907,0.0,False,False,5.4346,-3.3932,3.1288,0.0166,-0.952,5.0421,-0.0064,0.0001,0.0065,0.021,0.0123,0.065,0.7,0.0225,0.9014,0.7984,0.802,-0.26,0.01,0.0794,-0.0672,0.0773,-0.0003,0.021,-0.027,2.9996,0.0
114401,0.0,0.9906,0.0,False,False,5.4351,-3.3932,3.1287,0.0163,-0.9513,5.0414,-0.0057,-0.0006,0.0111,0.0164,0.0163,0.1527,0.7,0.0226,0.9014,0.7983,0.802,-0.26,0.01,0.078,-0.0544,0.0784,-0.0563,0.0252,-0.0686,3.0161,0.0
114501,0.0,1.191,-0.1269,False,False,2.0709,-1.5565,2.1674,-1.8763,-1.6388,0.0373,0.3896,0.0514,1.0882,2.1326,-0.0558,0.2429,-0.0,-0.2698,0.8074,0.8362,0.802,-0.26,0.01,0.0784,-0.0363,0.0795,-0.0779,-0.0625,0.0476,-2.9465,0.0
114601,0.0,0.9103,0.0,False,False,4.1665,-3.3932,3.1308,-0.0254,-2.351,4.6798,0.4138,-0.0002,-0.0047,0.0425,0.1829,0.0488,0.6996,0.0028,0.7258,0.7976,0.802,-0.26,0.01,0.0778,0.06,-0.0239,-0.0685,-0.0717,-0.077,3.0056,0.0
114701,0.0,0.9521,0.0,False,False,4.5823,-3.3932,3.1279,0.0192,-2.1655,4.7452,0.0154,-0.0043,-0.0052,0.0094,0.1376,-0.1044,0.7001,-0.0308,0.7514,0.7976,0.802,-0.26,0.01,0.0558,0.0224,-0.0138,-0.0788,0.0091,-0.0779,2.9214,0.0
114801,0.0,0.959,0.0,False,False,4.6464,-3.3932,3.1276,0.0254,-2.1297,4.7559,-0.0055,-0.0006,-0.002,-0.0035,0.0082,-0.0468,0.7,-0.0361,0.756,0.7976,0.802,-0.26,0.01,0.0749,-0.0213,0.0558,0.0359,-0.0576,-0.0768,2.7741,0.0
114901,0.0,0.9637,0.0,False,False,4.6879,-3.3932,3.1274,0.029,-2.1067,4.7624,-0.0018,0.0002,0.0067,0.017,-0.0065,0.0778,0.7,-0.0399,0.7589,0.7976,0.802,-0.26,0.01,0.0794,-0.0361,0.0282,-0.0331,-0.0136,-0.0761,2.9636,0.0
115001,0.0,1.1891,-0.1289,False,False,2.0708,-1.5625,2.1674,-1.8703,-1.6309,0.0531,0.4075,-0.01,1.0786,2.1415,-0.0034,0.385,-0.0,-0.2697,0.8029,0.8396,0.802,-0.26,0.01,0.0797,-0.0473,0.0758,-0.0773,-0.0436,0.0745,-2.8983,0.0
115101,0.0,0.9715,0.0,False,False,5.2664,-3.3932,3.1373,0.0782,-1.3517,4.5461,0.001,-0.0022,0.0388,0.0589,0.309,-0.2528,0.1515,0.0433,0.8969,0.7962,0.802,-0.26,0.01,0.0281,-0.0337,-0.0674,0.076,0.062,0.0396,2.0705,0.0
115201,0.0,0.9765,0.0,False,False,5.2674,-3.3932,3.1403,0.0863,-1.3441,4.5451,-0.0058,-0.0002,-0.0119,-0.032,-0.0854,-0.0346,0.2182,0.0365,0.8963,0.7961,0.802,-0.26,0.01,0.0207,0.0004,0.0384,0.0748,0.0643,0.0638,1.5258,0.0
115301,0.0,0.9698,0.0,False,False,5.2315,-3.3932,3.1416,0.1026,-1.2772,4.7498,-0.0033,0.0001,-0.0,-0.0311,0.2578,0.1566,0.3161,0.0464,0.8979,0.7964,0.802,-0.26,0.01,0.0574,-0.0408,0.0616,0.0288,0.0782,-0.0325,1.3918,0.0
115401,0.0,0.9119,0.0,False,False,5.07,-3.3932,3.1268,0.0402,-1.1164,4.9861,0.0278,-0.0013,0.006,-0.0104,0.0657,0.0049,0.6986,0.1005,0.8726,0.7976,0.802,-0.26,0.01,0.0692,-0.013,0.0709,-0.0778,0.0541,-0.0792,1.2029,0.0
115501,0.0,1.1917,-0.1362,False,False,2.072,-1.5478,2.165,-1.8815,-1.6318,0.0539,0.3882,0.1376,1.0834,2.0569,0.0684,0.3848,-0.0,-0.2714,0.8058,0.8354,0.802,-0.26,0.01,0.0799,-0.021,0.0788,-0.0792,-0.0467,0.0766,-2.8431,0.0
115601,0.0,0.8177,0.0,False,False,5.7329,-1.0183,2.4075,-1.2278,-1.5403,5.4218,0.0964,0.0056,-0.0061,0.0281,0.7299,0.3563,0.3336,0.0728,0.6488,0.8805,0.802,-0.26,0.01,0.079,0.0768,-0.0011,0.0708,0.0763,0.0788,2.1923,0.0
115701,0.0,0.6818,0.0,False,False,6.2239,-0.5045,1.4959,0.5953,0.0377,6.2832,0.0069,0.0179,-0.047,0.0127,-0.0195,0.1483,0.4653,0.5461,0.9216,0.8106,0.802,-0.26,0.01,0.0795,0.0606,-0.078,0.0799,-0.0799,0.0788,2.8972,0.0
115801,0.0,0.6814,0.0,False,False,6.2289,-0.4941,1.4676,0.6132,0.0377,6.2832,-0.005,-0.0058,0.0206,-0.0574,-0.0504,0.1775,0.4715,0.5525,0.9238,0.8106,0.802,-0.26,0.01,0.0782,0.0778,-0.0776,0.0799,-0.0789,0.0798,3.0875,0.0
115901,0.0,0.6812,0.0,False,False,6.2304,-0.4886,1.4529,0.6224,0.0377,6.2832,0.0008,-0.0029,0.0071,0.003,0.0086,-0.0018,0.4601,0.5553,0.9246,0.8106,0.802,-0.26,0.01,0.0798,0.0703,-0.0781,0.0798,-0.0799,0.0788,2.8942,0.0
116001,0.0,1.1867,-0.1336,False,False,2.0715,-1.5633,2.1673,-1.8697,-1.6468,0.0495,0.4052,-0.019,1.0707,2.1824,-0.1481,0.3527,0.0029,-0.266,0.805,0.84,0.802,-0.26,0.01,0.0799,-0.0487,0.0749,-0.0787,-0.0772,0.0676,-1.6435,0.0
116101,0.0,1.1143,-0.0001,False,False,3.6787,-0.6798,2.1686,0.0608,-3.1193,5.6366,0.0441,0.0044,-0.0484,0.0432,-0.0054,0.0028,0.147,-0.2799,0.5523,0.8399,0.802,-0.26,0.01,0.0798,0.0688,-0.079,0.0764,0.0555,0.0758,2.8807,0.0
116201,0.0,1.1089,0.0,False,False,3.7344,-0.6734,2.1116,0.1114,-3.1193,5.6356,0.0722,0.0118,-0.0849,0.0694,0.0094,-0.0512,0.0517,-0.2804,0.5235,0.8493,0.802,-0.26,0.01,0.0799,0.0774,-0.0796,0.0784,0.044,0.0761,0.5582,0.0
116301,0.0,0.4374,0.0067,False,False,5.6131,0.249,-0.2005,1.5004,-3.1241,6.2831,0.2947,0.0,0.0002,-0.0001,-0.0002,0.0,0.3286,0.4878,-0.0126,0.8219,0.802,-0.26,0.01,0.0653,-0.079,-0.0764,-0.071,0.0774,0.079,0.8984,0.0
116401,0.0,0.1789,0.0,False,False,6.183,0.249,-0.2005,1.5004,-3.1241,6.2832,0.4369,0.0,0.0002,0.0003,-0.0003,0.001,0.0941,0.6865,0.3333,0.8215,0.8621,-0.203,0.01,0.0761,-0.0785,-0.0712,-0.0696,0.0779,0.0793,-2.8852,0.0
116501,0.0,1.1951,-0.1247,False,False,2.072,-1.5513,2.1653,-1.8785,-1.6377,0.0533,0.391,0.1017,1.0801,2.0706,-0.0072,0.3936,0.0,-0.2723,0.8117,0.8341,0.802,-0.26,0.01,0.0798,-0.0272,0.0772,-0.0791,-0.0592,0.0752,-2.1559,0.0
116601,0.0,1.0957,0.0,False,False,3.819,-0.6788,2.158,0.0704,-3.1193,5.6356,-0.0099,-0.0003,0.0035,-0.0032,0.0002,-0.0105,0.3142,-0.272,0.5012,0.8402,0.802,-0.26,0.01,0.0795,0.0732,-0.0799,0.0792,-0.0397,0.0788,3.1172,0.0
116701,0.0,1.115,0.0,False,False,4.2992,-0.5053,1.5027,0.5522,-3.1193,5.6356,0.2497,0.1533,-0.4206,0.2673,0.0005,-0.0011,0.3308,-0.3065,0.1807,0.8396,0.802,-0.26,0.01,0.079,0.0797,-0.0796,0.0799,-0.0799,0.0799,3.0851,0.0
116801,0.0,1.0787,0.0,False,False,4.6562,0.249,-0.2005,1.5004,-3.1241,6.2832,0.3277,-0.0,0.0,-0.0,-0.0,-0.0,0.0488,-0.1845,-0.1451,0.8215,0.802,-0.26,0.01,0.058,-0.075,-0.0774,-0.0548,0.0797,0.0795,-3.1386,0.0
116901,0.0,0.7129,0.0,False,False,5.2408,0.249,-0.2005,1.5004,-3.1241,6.2832,0.4608,0.0,0.0,-0.0001,-0.0003,0.0036,0.0818,0.2282,-0.1319,0.8215,0.802,-0.26,0.01,0.0789,-0.0795,-0.0739,0.006,0.0778,0.0797,-2.9338,0.0
117001,0.0,1.1913,-0.1343,False,False,2.0705,-1.5649,2.1674,-1.8679,-1.6412,0.0463,0.4016,-0.0349,1.0681,2.1991,-0.1185,0.3367,0.0,-0.2693,0.809,0.8381,0.802,-0.26,0.01,0.0786,-0.0516,0.0743,-0.0789,-0.0667,0.0628,-0.533,0.0
117101,0.0,1.1134,0.0,False,False,3.8315,-0.6624,2.0427,0.1693,-3.1193,5.6356,0.2428,0.0458,-0.2503,0.2044,-0.0,0.0024,0.037,-0.2936,0.4789,0.85,0.802,-0.26,0.01,0.0797,0.0415,-0.0784,0.0766,-0.0581,0.0796,-0.1237,0.0
117201,0.0,0.6542,0.0,False,False,5.3249,0.249,-0.2011,1.5099,-3.1441,6.2832,-0.2141,0.0041,-0.0064,0.0085,-0.0002,0.0131,0.3339,0.2989,-0.1272,0.8173,0.802,-0.26,0.01,-0.0425,-0.0795,-0.0754,-0.0726,0.0754,0.0794,2.6136,0.0
117301,0.0,0.2051,0.0,False,False,6.1857,0.249,-0.2011,1.5099,-3.1441,6.2832,-0.2,0.0,0.0001,-0.0016,0.0019,0.0183,0.4465,0.7221,0.3416,0.8175,0.9251,-0.2198,0.01,-0.0395,-0.0738,-0.0727,-0.0013,0.0762,0.0793,3.1003,0.0
117401,0.0,0.2059,0.0,False,False,6.1853,0.249,-0.2011,1.5099,-3.1441,6.2832,-0.2505,0.0003,-0.0006,0.0011,-0.0019,0.0037,0.4351,0.7213,0.3412,0.8175,0.9251,-0.2198,0.01,-0.0462,-0.0791,-0.0754,-0.0449,0.079,0.0797,2.9521,0.0
117501,0.0,1.1903,-0.1308,False,False,2.0717,-1.5597,2.1675,-1.8729,-1.6447,0.0436,0.4009,0.0173,1.0818,2.1681,-0.1113,0.3041,0.0,-0.2685,0.8084,0.8368,0.802,-0.26,0.01,0.08,-0.0422,0.0779,-0.0768,-0.0732,0.0579,-2.2213,0.0
117601,0.0,1.2194,0.0,False,False,3.7198,-0.5575,1.6525,0.4531,-3.1297,2.5326,0.1345,0.0568,-0.1704,0.1121,0.0007,-0.0048,0.7,-0.4065,0.4424,0.8471,0.802,-0.26,0.01,0.0695,0.0765,-0.0301,-0.0603,-0.0741,0.0799,2.9511,0.0
117701,0.0,1.4825,0.0,False,False,3.6746,0.2085,-0.1179,1.4687,-3.1474,2.8878,-0.3065,-0.2293,0.4738,-0.2444,-0.0,-0.0,0.2174,-0.6799,0.3195,0.8172,0.802,-0.26,0.01,-0.0742,-0.0799,0.0142,-0.0786,0.08,0.0792,0.7934,0.0
117801,0.0,1.0425,0.0,False,False,1.3563,0.249,-0.1971,1.5221,-3.1434,3.2069,-0.0221,0.0004,-0.0006,0.235,-0.4445,0.2376,0.3825,0.2861,1.1955,0.8165,0.802,-0.26,0.01,-0.0558,-0.0797,-0.0799,-0.0793,0.0798,0.0799,3.1187,0.0
117901,0.0,1.0435,0.0,False,False,1.3561,0.249,-0.1971,1.5212,-3.143,3.1937,-0.0166,-0.0,-0.0002,0.2374,-0.4368,0.3031,0.3828,0.2865,1.1969,0.8167,0.802,-0.26,0.01,-0.0666,-0.0746,-0.0797,-0.0795,0.0799,0.08,2.9406,0.0
118001,0.0,1.1972,-0.123,False,False,2.0718,-1.5537,2.1552,-1.8574,-1.6456,0.0494,0.3868,0.0685,0.9695,2.1236,-0.1015,0.3693,0.0,-0.2722,0.8165,0.8378,0.802,-0.26,0.01,0.078,-0.0332,0.05,-0.0798,-0.0778,0.0678,-2.6154,0.0
118101,0.0,0.7808,-0.003,False,False,3.3482,-1.0328,2.7288,-1.7095,-2.1842,1.5099,0.0126,0.0015,0.0048,-0.0143,0.0029,0.0574,0.4182,0.0698,0.5599,0.8174,0.802,-0.26,0.01,-0.0739,0.0487,-0.0785,-0.0213,-0.0057,-0.0744,3.0338,0.0
118201,0.0,0.7917,-0.0125,False,False,3.3475,-1.0327,2.7289,-1.7097,-2.1824,1.5113,0.0056,0.0018,0.008,-0.0123,-0.0083,0.0226,0.2388,0.0619,0.5697,0.8167,0.802,-0.26,0.01,-0.0711,0.0037,-0.0731,0.0416,-0.0339,-0.0518,-1.7921,0.0
118301,0.0,0.7857,-0.0043,False,False,3.3447,-1.0326,2.7293,-1.7102,-2.1756,1.5139,0.0142,0.0011,0.0047,-0.0102,0.0111,0.0863,0.2902,0.0667,0.5654,0.8168,0.802,-0.26,0.01,-0.0768,0.0624,-0.0692,0.0302,-0.0043,-0.0628,0.8453,0.0
118401,0.0,0.7701,0.0,False,False,3.3276,-1.0323,2.7306,-1.7108,-2.1358,1.4716,0.0071,0.006,-0.0035,0.0007,0.0115,0.0365,0.3842,0.0776,0.5499,0.8187,0.802,-0.26,0.01,-0.0348,0.0572,-0.0755,0.0267,-0.0482,-0.067,2.3665,0.0
118501,0.0,1.1768,-0.1182,False,False,2.0706,-1.5712,2.169,-1.8654,-1.6441,0.006,0.4143,-0.0988,1.0674,2.252,-0.1658,-0.0413,0.1215,-0.2606,0.7925,0.8461,0.802,-0.26,0.01,0.0796,-0.0629,0.0744,-0.0794,-0.0708,-0.0041,1.5118,0.0
118601,0.0,0.9271,-0.0075,False,False,3.6974,-1.0095,2.7851,-1.7958,-2.6809,1.7605,-0.0191,0.009,0.0119,-0.0416,-0.0124,-0.076,0.2,-0.0594,0.6321,0.8114,0.802,-0.26,0.01,0.07,0.0312,-0.0622,0.0535,0.0759,0.0417,-0.8612,0.0
118701,0.0,0.9309,-0.01,False,False,3.7091,-1.0105,2.7833,-1.7936,-2.6883,1.7483,-0.0244,0.0034,0.0047,-0.0099,0.0049,-0.0585,0.2196,-0.0644,0.6296,0.812,0.802,-0.26,0.01,0.0765,0.0345,-0.062,0.0402,0.0456,0.0136,-2.0686,0.0
118801,0.0,0.9405,-0.0041,False,False,3.7262,-1.012,2.7799,-1.791,-2.6967,1.6992,-0.0265,0.0084,-0.0004,-0.0191,0.0554,0.0165,0.1213,-0.0754,0.6279,0.8136,0.802,-0.26,0.01,0.0734,0.0091,-0.0267,0.0312,0.0611,0.0568,-2.8969,0.0
118901,0.0,0.9417,-0.0001,False,False,3.7301,-1.0117,2.7803,-1.7932,-2.7054,1.6814,-0.0219,0.0137,0.0247,-0.0471,-0.1154,-0.0428,0.1765,-0.0767,0.6279,0.8135,0.802,-0.26,0.01,0.0691,-0.0107,-0.0691,0.0322,0.0126,0.0051,-2.8646,0.0
119001,0.0,1.1805,-0.1205,False,False,2.0709,-1.5722,2.1659,-1.8578,-1.647,0.0045,0.4177,-0.1114,1.0346,2.273,-0.193,-0.0486,0.0995,-0.2624,0.7976,0.8438,0.802,-0.26,0.01,0.0799,-0.0651,0.0663,-0.0764,-0.0768,-0.0072,1.3528,0.0
119101,0.0,1.2007,0.0,False,False,4.1771,-0.3544,1.1181,0.7844,-3.1297,2.5328,0.2589,0.1717,-0.4129,0.2403,0.0031,-0.0149,0.6996,-0.3894,0.1522,0.8471,0.802,-0.26,0.01,0.0786,0.08,-0.0377,0.0791,0.0763,0.0798,3.1338,0.0
119201,0.0,1.1879,0.0,False,False,1.6026,0.249,-0.1971,1.5483,-3.1708,3.0426,-0.3574,0.0001,0.0002,0.0531,-0.0543,0.3073,-0.0,0.1225,1.2642,0.8114,0.802,-0.26,0.01,-0.0792,-0.08,-0.0697,-0.0764,0.0795,0.0799,-3.1055,0.0
119301,0.0,1.0657,0.0,False,False,1.3686,0.249,-0.1971,1.5282,-3.1512,3.2456,-0.0053,0.001,-0.0023,0.308,-0.3082,0.2707,0.199,0.2826,1.2203,0.8166,0.802,-0.26,0.01,-0.0747,-0.0794,-0.0798,-0.076,0.0799,0.0797,3.0148,0.0
119401,0.0,1.0641,0.0,False,False,1.3685,0.249,-0.1971,1.5279,-3.1509,3.2421,-0.0178,0.0081,-0.012,0.4064,-0.4081,0.4568,0.199,0.2825,1.2183,0.8164,0.802,-0.26,0.01,-0.0667,-0.079,-0.0798,-0.0762,0.0789,0.0799,3.1143,0.0
119501,0.0,1.1954,-0.1221,False,False,2.071,-1.5679,2.1688,-1.8662,-1.6472,0.0167,0.4087,-0.0643,1.0749,2.2401,-0.1801,0.093,-0.0,-0.2712,0.8142,0.839,0.802,-0.26,0.01,0.0795,-0.0567,0.0761,-0.0751,-0.0784,0.0119,-1.752,0.0
119601,0.0,1.225,0.0,False,False,3.8203,-0.5212,1.5471,0.5222,-3.1297,2.5328,0.2217,0.1112,-0.3119,0.199,0.0015,-0.0111,0.6997,-0.4182,0.3823,0.8471,0.802,-0.26,0.01,0.0791,0.0799,-0.0509,0.025,0.075,0.0757,2.9835,0.0
119701,0.0,1.206,0.0,False,False,1.7019,0.249,-0.1985,1.5237,-3.1513,3.2439,-0.3721,-0.0001,-0.0141,-0.0414,-0.0004,-0.0544,0.4443,0.0485,1.2314,0.8123,0.802,-0.26,0.01,-0.0792,-0.0786,-0.08,-0.0791,0.079,0.0799,2.6108,0.0
119801,0.0,1.029,-0.0042,False,False,1.3525,0.249,-0.1971,1.5288,-3.1502,3.2941,0.0139,-0.0235,0.0515,0.2936,-0.5546,0.8545,0.4254,0.2803,1.1768,0.8116,0.802,-0.26,0.01,-0.0672,-0.0795,-0.0798,-0.075,0.0792,0.0773,3.0095,0.0
119901,0.0,1.0311,0.0,False,False,1.3473,0.249,-0.1971,1.5238,-3.1458,3.2162,-0.0083,-0.0141,0.0321,0.103,-0.1971,0.1888,0.4682,0.2881,1.1835,0.8152,0.802,-0.26,0.01,-0.0602,-0.0798,-0.0796,-0.0727,0.0792,0.0797,3.1251,0.0
120001,0.0,1.1943,-0.1399,False,False,2.0696,-1.5756,2.1718,-1.8661,-1.6265,0.0504,0.4255,-0.1396,1.0825,2.2737,-0.0253,0.3877,0.0,-0.2729,0.808,0.8401,0.802,-0.26,0.01,0.0799,-0.0704,0.0789,-0.0796,-0.0328,0.0688,-1.3845,0.0
120101,0.0,1.2117,0.0,False,False,3.8887,-0.5196,1.5426,0.5252,-3.1297,2.5326,0.2297,0.1211,-0.3393,0.2182,0.0,-0.0002,0.7,-0.4067,0.3533,0.8471,0.802,-0.26,0.01,0.0795,0.08,-0.0585,0.0748,0.0796,0.0796,3.1277,0.0
120201,0.0,1.2356,0.0,False,False,1.7685,0.249,-0.1999,1.5196,-3.1512,3.2384,-0.3679,0.0003,-0.0112,-0.049,0.0086,-0.1398,0.4586,0.003,1.2322,0.8122,0.802,-0.26,0.01,-0.0797,-0.0778,-0.0798,-0.078,0.0781,0.0799,2.9307,0.0
120301,0.0,1.0314,0.0,False,False,1.3479,0.249,-0.1971,1.5272,-3.1496,3.2223,-0.0106,-0.0001,-0.0002,0.1649,-0.1663,0.1804,0.4637,0.2878,1.1837,0.8144,0.802,-0.26,0.01,-0.0747,-0.0799,-0.08,-0.0139,0.0785,0.0795,2.9483,0.0
120401,0.0,1.0314,0.0,False,False,1.3478,0.249,-0.1971,1.5271,-3.1495,3.2222,-0.0133,0.0001,-0.0003,0.4576,-0.4338,-0.0828,0.4639,0.2879,1.1838,0.8144,0.802,-0.26,0.01,-0.0733,-0.0794,-0.0797,-0.0735,0.0799,0.0793,3.0763,0.0
120501,0.0,1.1939,-0.1399,False,False,2.0703,-1.5681,2.1692,-1.8673,-1.6438,0.0508,0.4036,-0.0651,1.0778,2.2342,-0.1612,0.3895,-0.0,-0.2702,0.813,0.8376,0.802,-0.26,0.01,0.0784,-0.057,0.077,-0.0769,-0.0724,0.0694,-2.4933,0.0
120601,0.0,1.1999,0.0,False,False,4.3762,0.249,-0.2012,1.5102,-3.1451,2.7844,-0.0423,0.0,0.0006,-0.0085,0.0038,-0.1732,0.4439,-0.3514,-0.0388,0.8283,0.802,-0.26,0.01,-0.0442,0.0793,-0.0754,0.0798,0.0782,0.0685,2.914,0.0
120701,0.0,1.0446,0.0,False,False,1.3569,0.249,-0.1971,1.5281,-3.1513,3.2495,-0.0192,0.0003,-0.0008,0.4478,-0.3624,0.3846,0.3678,0.2862,1.1981,0.8147,0.802,-0.26,0.01,-0.0768,-0.0797,-0.0796,-0.0173,0.0772,0.0795,2.6545,0.0
120801,0.0,1.0448,0.0,False,False,1.3571,0.249,-0.1971,1.5282,-3.1514,3.2494,-0.013,-0.0006,0.0008,0.1693,-0.1568,-0.0477,0.3686,0.2862,1.1983,0.8147,0.802,-0.26,0.01,-0.0747,-0.0792,-0.0797,-0.002,0.0799,0.0793,2.0398,0.0
120901,0.0,1.0447,0.0,False,False,1.3571,0.249,-0.1971,1.5282,-3.1514,3.2493,-0.0228,-0.0006,0.0003,0.2778,-0.2457,-0.0606,0.3689,0.2861,1.1981,0.8147,0.802,-0.26,0.01,-0.0797,-0.0797,-0.0795,0.0708,0.0795,0.0797,-2.6091,0.0
121001,0.0,1.2001,-0.1324,False,False,2.0712,-1.549,2.1636,-1.8768,-1.6198,0.045,0.3911,0.1248,1.0677,2.0732,0.1653,0.3201,0.0047,-0.2779,0.8115,0.8349,0.802,-0.26,0.01,0.0794,-0.0234,0.075,-0.0763,-0.0218,0.0612,-0.9271,0.0
121101,0.0,1.2746,0.0,False,False,4.2299,0.249,-0.2009,1.5058,-3.1371,2.9369,0.0026,-0.0001,0.0021,-0.0289,0.0391,0.0035,0.2668,-0.4411,0.0104,0.8225,0.802,-0.26,0.01,-0.0319,0.0795,-0.0665,0.079,0.0426,0.0786,1.9212,0.0
121201,0.0,1.5322,0.0,False,False,3.4199,0.249,-0.2005,1.5001,-3.1265,3.5218,0.3462,0.0006,0.0074,0.0138,-0.0393,0.4424,0.0688,-0.7156,0.4987,0.82,0.802,-0.26,0.01,0.0639,-0.0687,-0.0763,-0.0138,0.0364,0.0794,-3.1388,0.0
121301,0.0,1.5662,0.0,False,False,3.1278,0.249,-0.2009,1.5062,-3.1371,3.5911,-0.4307,0.0,0.0003,0.0006,0.0001,0.0004,0.085,-0.7063,0.7106,0.8208,0.802,-0.26,0.01,-0.0782,-0.0781,-0.0797,-0.0029,0.0796,0.0791,0.6076,0.0
121401,0.0,1.5692,0.0,False,False,3.129,0.249,-0.2009,1.5062,-3.1371,3.5911,-0.437,0.0,0.0003,0.0007,0.0003,-0.0003,0.0216,-0.7099,0.7089,0.8225,0.802,-0.26,0.01,-0.0778,-0.0744,-0.0795,0.0166,0.0699,0.0785,-1.2891,0.0
121501,0.0,1.1961,-0.1243,False,False,2.072,-1.547,2.1646,-1.8797,-1.6324,0.0374,0.386,0.1451,1.0839,2.0605,0.0603,0.2449,0.0,-0.2739,0.8109,0.8315,0.802,-0.26,0.01,0.0796,-0.0196,0.0787,-0.074,-0.0487,0.0485,-1.6518,0.0
121601,0.0,0.8021,0.0041,False,False,5.1056,0.249,-0.2005,1.5004,-3.1241,6.2832,0.2974,-0.0,0.0,-0.0,-0.0003,0.0031,0.4449,0.1564,-0.1849,0.8221,0.802,-0.26,0.01,0.0796,0.0402,-0.0799,0.0529,0.072,0.0732,2.5102,0.0
121701,0.0,1.2515,0.0,False,False,3.7407,-0.5124,1.5223,0.5382,-3.1297,2.5328,0.242,0.1457,-0.3898,0.2534,0.0438,-0.1276,0.6997,-0.4418,0.4167,0.8458,0.802,-0.26,0.01,0.0796,0.0798,-0.0745,-0.004,0.0695,0.0795,1.1826,0.0
121801,0.0,1.3899,0.0,False,False,3.9426,0.249,-0.2014,1.5142,-3.1444,3.4358,-0.4155,0.0,0.0012,-0.0195,0.0247,-0.072,0.0742,-0.5804,0.1484,0.8138,0.802,-0.26,0.01,-0.0754,-0.0731,-0.0763,0.0681,0.0771,0.0791,-2.4973,0.0
121901,0.0,1.5684,0.0,False,False,3.1263,0.249,-0.2009,1.5062,-3.1371,3.5911,-0.398,0.0001,0.0001,0.0068,-0.0085,0.025,0.0172,-0.7088,0.7099,0.8222,0.802,-0.26,0.01,-0.0704,-0.0742,-0.0799,0.0752,0.0788,0.0795,-1.7323,0.0
122001,0.0,1.5673,0.0,False,False,3.1568,0.249,-0.2006,1.5014,-3.1252,3.5994,0.3378,-0.0,-0.0054,0.0845,-0.2524,-0.6259,0.0,-0.7136,0.6876,0.8252,0.802,-0.26,0.01,0.0606,-0.08,-0.0353,0.07,-0.0766,0.0799,-3.1408,0.0
122101,0.0,1.5665,0.0,False,False,3.151,0.249,-0.2006,1.5008,-3.1237,3.6015,0.3225,-0.0,-0.0044,0.07,-0.1725,-0.1552,-0.0,-0.7117,0.6915,0.8251,0.802,-0.26,0.01,0.0596,-0.0798,-0.0223,0.0611,-0.0752,0.0799,-3.1412,0.0
122201,0.0,1.1482,0.0,False,False,3.5629,-0.6533,1.9965,0.2049,-3.1297,2.5326,-0.0034,-0.0015,0.0073,-0.0048,-0.0043,0.0238,0.7,-0.314,0.554,0.8471,0.802,-0.26,0.01,0.0389,0.0564,-0.0786,-0.0277,0.0461,0.0778,-0.3872,0.0
122301,0.0,1.1544,0.0,False,False,4.5077,0.249,-0.2005,1.4998,-3.1284,2.9926,-0.0048,0.0,0.0,-0.0001,-0.0004,-0.0622,0.0752,-0.2817,-0.1065,0.8206,0.802,-0.26,0.01,0.0343,0.08,0.0032,0.0793,0.0596,0.0795,-2.8272,0.0
122401,0.0,1.1457,0.0,False,False,4.522,0.249,-0.2005,1.4997,-3.1292,3.079,-0.002,0.0044,-0.0086,0.002,-0.0164,-0.0026,0.0567,-0.2713,-0.1096,0.8201,0.802,-0.26,0.01,0.0117,0.0799,0.0284,0.0796,0.0426,0.0799,-2.4885,0.0
122501,0.0,1.1188,0.0,False,False,4.5618,0.249,-0.2005,1.4998,-3.1285,3.1195,0.1369,-0.0,-0.0003,0.0046,0.0317,0.302,0.0944,-0.241,-0.1137,0.8201,0.802,-0.26,0.01,0.0516,0.08,0.005,0.0783,0.0397,0.0793,-2.3071,0.0
122601,0.0,1.0806,-0.0023,False,False,4.6319,0.249,-0.2005,1.5,-3.1267,3.1373,0.0007,-0.0,-0.0002,0.005,-0.0186,-0.0562,0.0988,-0.1941,-0.1278,0.8204,0.802,-0.26,0.01,0.0143,0.0798,-0.0065,0.0793,0.0704,0.0798,-2.7166,0.0
122701,0.0,1.2324,0.0,False,False,3.7768,-0.5438,1.6118,0.4798,-3.1316,2.5975,0.2301,0.123,-0.3586,0.2343,-0.0013,-0.1192,0.5355,-0.4232,0.4145,0.8375,0.802,-0.26,0.01,0.0787,0.0799,-0.0767,0.0342,0.0757,0.0794,2.9931,0.0
122801,0.0,1.195,0.0,False,False,4.4257,0.249,-0.2015,1.515,-3.1512,3.2323,0.0001,-0.0001,0.0006,0.0002,0.0021,0.047,0.0336,-0.3345,-0.0785,0.815,0.802,-0.26,0.01,0.0089,0.0763,-0.0364,0.0776,0.0477,0.0798,-2.9757,0.0
122901,0.0,1.3264,0.0,False,False,4.1247,0.249,-0.2006,1.5006,-3.1226,3.4637,0.2308,0.0097,-0.0099,-0.0075,-0.0317,0.344,0.0367,-0.5025,0.0516,0.8181,0.802,-0.26,0.01,0.0592,0.0383,-0.044,0.0749,-0.0327,0.075,-3.0222,0.0
123001,0.0,1.567,0.0,False,False,3.1464,0.249,-0.2006,1.5007,-3.1225,3.6114,0.417,0.0,0.0,-0.0,-0.0,0.0012,0.0,-0.7113,0.6951,0.8256,0.802,-0.26,0.01,0.0707,-0.08,-0.0489,0.018,-0.066,0.0799,-3.1374,0.0
123101,0.0,1.5658,0.0,False,False,3.1652,0.249,-0.2006,1.5007,-3.1225,3.6114,0.3248,0.0041,-0.0044,0.0087,0.0127,0.0321,-0.0,-0.7136,0.6816,0.8255,0.802,-0.26,0.01,0.0726,-0.0796,-0.0649,0.0386,-0.0768,0.0798,-3.1409,0.0
123201,0.0,1.1943,0.0,False,False,3.6996,-0.5946,1.7694,0.3733,-3.1297,2.5326,0.1878,0.0776,-0.2575,0.1798,-0.0001,0.0003,0.7,-0.3772,0.4702,0.8471,0.802,-0.26,0.01,0.0763,0.0781,-0.0674,-0.0431,0.0784,0.0793,2.2977,0.0
123301,0.0,1.4064,0.0,False,False,2.1786,0.249,-0.2015,1.515,-3.1512,3.2323,-0.3698,0.0057,-0.0112,0.0066,-0.0005,0.0047,0.1455,-0.2763,1.1925,0.8138,0.802,-0.26,0.01,-0.0798,-0.0799,-0.079,0.0343,0.0789,0.0795,-1.9569,0.0
123401,0.0,1.0713,0.0,False,False,1.3705,0.249,-0.1971,1.5275,-3.1506,3.2446,-0.0081,0.0001,-0.0002,0.1157,-0.1153,0.167,0.1502,0.2819,1.2261,0.8172,0.802,-0.26,0.01,-0.0796,-0.0799,-0.073,0.0682,0.0793,0.0784,-2.1439,0.0
123501,0.0,1.0713,0.0,False,False,1.3705,0.249,-0.1971,1.5277,-3.1508,3.2453,0.0144,0.0009,-0.001,-0.339,0.3295,-0.3776,0.15,0.2819,1.2262,0.8172,0.802,-0.26,0.01,-0.0759,-0.0799,-0.0797,0.0552,0.0773,0.0787,-0.4678,0.0
123601,0.0,1.0714,0.0,False,False,1.3706,0.249,-0.1971,1.5275,-3.1506,3.2449,-0.0166,0.0001,-0.0002,0.0268,-0.0334,0.0654,0.1502,0.2819,1.2263,0.8172,0.802,-0.26,0.01,-0.0797,-0.0789,-0.0784,0.0477,0.0799,0.0795,-2.1638,0.0
123701,0.0,1.2562,0.0,False,False,3.7127,-0.5129,1.5239,0.5372,-3.1297,2.5328,0.2362,0.1391,-0.3856,0.2465,-0.0,-0.0,0.6997,-0.4452,0.4296,0.8458,0.802,-0.26,0.01,0.0786,0.0798,-0.0756,-0.0705,0.0777,0.0781,2.6444,0.0
123801,0.0,1.2388,0.0005,False,False,4.3515,0.249,-0.2005,1.4999,-3.1281,2.9745,0.0019,0.0001,0.0005,0.0021,-0.0042,0.0097,0.0171,-0.3851,-0.0632,0.8194,0.802,-0.26,0.01,0.0015,0.0783,0.0451,0.0782,0.0389,0.0799,-2.5651,0.0
123901,0.0,1.2397,0.0,False,False,4.3518,0.249,-0.2005,1.4998,-3.1285,2.9827,-0.0016,0.0037,-0.0068,0.0055,-0.0019,-0.0473,-0.0,-0.3856,-0.0644,0.8192,0.802,-0.26,0.01,0.0263,0.0793,0.0419,0.0773,0.0765,0.0797,-2.9936,0.0
124001,0.0,1.2395,0.0,False,False,4.3519,0.249,-0.2005,1.4998,-3.1284,2.9851,0.0037,-0.0,0.0,0.0001,0.0,0.0035,0.0,-0.3855,-0.0642,0.8192,0.802,-0.26,0.01,-0.0001,0.079,0.0249,0.0736,0.0711,0.0796,-2.948,0.0
124101,0.0,1.3245,0.0,False,False,4.1226,0.249,-0.2017,1.5193,-3.1518,3.3993,-0.2385,-0.0,-0.0058,0.097,-0.0865,1.1582,0.0923,-0.5012,0.0545,0.8124,0.802,-0.26,0.01,-0.0653,0.0261,-0.0482,0.0791,-0.0696,0.0791,-2.236,0.0
124201,0.0,1.1917,0.0,False,False,3.7205,-0.6027,1.7652,0.5934,-1.9677,3.6357,0.0836,0.0517,-0.1727,0.1687,-0.474,0.3268,0.2712,-0.3519,0.2988,1.0875,0.802,-0.26,0.01,0.0667,0.0366,-0.0795,0.0784,-0.0165,0.0746,2.2327,0.0
124301,0.0,1.1545,0.0,False,False,4.5163,0.249,-0.2005,1.4999,-3.1276,2.9685,0.0455,-0.0,-0.0,0.0007,0.0027,-0.0456,0.031,-0.2783,-0.1162,0.8198,0.802,-0.26,0.01,0.0423,0.0798,0.011,0.0763,0.0754,0.0795,-2.3175,0.0
124401,0.0,1.421,0.0,False,False,3.8451,0.249,-0.2019,1.5213,-3.154,3.4275,0.0006,0.0,-0.0,0.0004,-0.0001,-0.0041,0.0733,-0.6164,0.2068,0.8122,0.802,-0.26,0.01,-0.0197,-0.0008,-0.069,0.0686,-0.0765,0.0799,-2.9404,0.0
124501,0.0,1.544,0.0,False,False,3.2103,0.249,-0.2014,1.5148,-3.1451,3.4367,-0.425,-0.0,-0.0002,0.0034,-0.005,-0.0417,0.0531,-0.7018,0.6393,0.8142,0.802,-0.26,0.01,-0.0762,-0.0798,-0.0762,0.0764,0.0776,0.0796,-2.9021,0.0
124601,0.0,1.0261,0.0,False,False,1.3463,0.249,-0.1971,1.5358,-3.1542,3.4409,-0.003,-0.0275,0.0603,0.2172,-0.189,0.3096,0.4847,0.285,1.1761,0.807,0.802,-0.26,0.01,-0.0725,-0.0794,-0.0796,-0.0704,0.0786,0.0783,2.9829,0.0
124701,0.0,1.1718,0.0,False,False,3.6417,-0.6272,1.8852,0.2901,-3.1297,2.5326,0.1899,0.0639,-0.245,0.181,-0.0001,0.0002,0.7,-0.3474,0.5106,0.8471,0.802,-0.26,0.01,0.0788,0.0761,-0.079,-0.0733,0.0754,0.0798,2.2776,0.0
124801,0.0,1.1631,-0.0004,False,False,4.5122,0.249,-0.2006,1.5007,-3.1232,2.8281,-0.0021,-0.0,0.0007,-0.011,0.0238,-0.0079,0.0654,-0.2855,-0.1214,0.8185,0.802,-0.26,0.01,-0.0067,0.0799,-0.0233,0.0416,0.0243,0.0792,-0.6089,0.0
124901,0.0,1.0716,0.0008,False,False,1.4364,0.249,-0.1971,1.528,-3.1512,3.2496,-0.3623,0.0,0.0029,0.0059,0.0025,0.0162,0.4839,0.2247,1.1925,0.812,0.802,-0.26,0.01,-0.0787,-0.0776,-0.079,-0.0609,0.0782,0.08,3.1011,0.0
125001,0.0,1.0305,0.0,False,False,1.3475,0.249,-0.1971,1.5281,-3.1512,3.2458,-0.0147,0.0008,-0.0016,0.3654,-0.3593,0.3291,0.4676,0.2877,1.1827,0.8135,0.802,-0.26,0.01,-0.0715,-0.0795,-0.0794,-0.0749,0.0795,0.0788,3.1274,0.0
125101,0.0,1.0306,0.0,False,False,1.3475,0.249,-0.1971,1.5281,-3.1512,3.2461,0.0404,0.0006,-0.0011,0.8799,-0.8272,-0.0051,0.4675,0.2877,1.1828,0.8135,0.802,-0.26,0.01,-0.0755,-0.0749,-0.0795,-0.0068,0.0758,0.0794,3.1072,0.0
125201,0.0,1.0678,0.0,False,False,3.7917,-0.6272,1.849,0.5276,-1.274,3.7502,-0.0033,-0.0016,0.0057,-0.0062,-0.0016,0.3333,0.0096,-0.2082,0.1311,1.0975,0.802,-0.26,0.01,0.0021,0.0463,-0.0798,0.0797,-0.0564,0.0704,-2.9141,0.0
125301,0.0,0.8992,0.0,False,False,3.8181,-0.6125,1.827,0.3535,0.0132,5.9325,0.006,-0.0029,0.0141,-0.0041,0.0026,-0.2302,0.1271,-0.0443,-0.0127,0.8161,0.802,-0.26,0.01,-0.0735,0.0734,-0.0797,0.0769,-0.0567,0.0793,-3.0986,0.0
125401,0.0,0.898,0.0,False,False,3.8178,-0.6123,1.8264,0.3539,0.0131,5.9399,0.0064,-0.0015,0.0111,-0.014,-0.0086,-0.0854,0.1045,-0.0435,-0.0114,0.8154,0.802,-0.26,0.01,-0.0723,0.0768,-0.0798,0.0758,-0.0585,0.0793,-3.0076,0.0
125501,0.0,0.8972,0.0,False,False,3.8176,-0.6122,1.8259,0.3543,0.0131,5.9467,0.0052,-0.0013,0.0078,-0.0032,-0.0004,-0.0655,0.0825,-0.0431,-0.0103,0.815,0.802,-0.26,0.01,-0.0685,0.0694,-0.0784,0.075,-0.0566,0.0788,-2.9742,0.0
125601,0.0,0.8971,0.0,False,False,3.8174,-0.612,1.8253,0.3547,0.0131,5.9541,0.0103,-0.0023,0.0141,-0.003,-0.0021,-0.094,0.0571,-0.0434,-0.0093,0.8148,0.802,-0.26,0.01,-0.0753,0.0701,-0.0799,0.075,-0.0478,0.0794,-3.1017,0.0
125701,0.0,1.1735,0.0,False,False,3.6152,-0.628,1.8885,0.2877,-3.1297,2.5327,0.1834,0.0608,-0.2343,0.173,0.0003,-0.0005,0.6998,-0.3473,0.5204,0.8471,0.802,-0.26,0.01,0.079,0.0779,-0.0769,-0.0544,0.0763,0.0788,2.4949,0.0
125801,0.0,1.5595,0.0,False,False,2.9843,0.249,-0.2015,1.5151,-3.1513,3.2325,-0.4184,-0.0,-0.0003,0.0046,-0.0037,0.0122,0.0247,-0.6713,0.8004,0.8155,0.802,-0.26,0.01,-0.0789,-0.0794,-0.0741,0.0779,0.0776,0.0792,-2.8976,0.0
125901,0.0,1.0322,0.0,False,False,1.3488,0.249,-0.1971,1.5286,-3.1517,3.2447,-0.0154,0.001,-0.0023,0.5472,-0.5468,0.7652,0.4556,0.2874,1.1844,0.8136,0.802,-0.26,0.01,-0.0797,-0.0784,-0.0778,-0.0378,0.0795,0.0783,2.9546,0.0
126001,0.0,1.0322,0.0,False,False,1.3488,0.249,-0.1971,1.5287,-3.1517,3.2445,-0.0025,-0.0001,-0.0001,0.3535,-0.3408,0.1442,0.4554,0.2875,1.1846,0.8136,0.802,-0.26,0.01,-0.0754,-0.0787,-0.0749,-0.0492,0.0786,0.0796,3.0532,0.0
126101,0.0,1.0323,0.0,False,False,1.3487,0.249,-0.1971,1.5288,-3.1519,3.2451,0.0249,-0.0001,0.0002,-0.5407,0.5245,-0.5433,0.4553,0.2875,1.1846,0.8136,0.802,-0.26,0.01,-0.0765,-0.078,-0.0794,-0.0428,0.0749,0.0794,3.0591,0.0
126201,0.0,1.2065,0.0,False,False,3.8705,-0.5352,1.5867,0.4966,-3.1297,2.5328,0.2311,0.1247,-0.3583,0.2334,0.0006,-0.0041,0.6997,-0.4006,0.3693,0.8471,0.802,-0.26,0.01,0.0794,0.0799,-0.0738,-0.0693,0.0732,0.0776,3.0474,0.0
126301,0.0,1.5154,0.0,False,False,3.442,0.249,-0.2019,1.5213,-3.154,3.4276,-0.3464,0.0002,-0.0005,0.0025,-0.0023,0.0293,0.0744,-0.7018,0.4762,0.8122,0.802,-0.26,0.01,-0.0657,-0.0797,-0.0605,0.0787,0.0793,0.0788,-2.9727,0.0
126401,0.0,1.0266,0.0,False,False,1.3468,0.249,-0.1971,1.5368,-3.1548,3.4276,0.0095,-0.0124,0.0273,-0.4614,0.3167,-0.2551,0.4789,0.2849,1.1767,0.8075,0.802,-0.26,0.01,-0.0772,-0.08,-0.0746,0.053,0.0789,0.0784,-0.2783,0.0
126501,0.0,1.0269,0.0,False,False,1.3468,0.249,-0.1971,1.5367,-3.1547,3.4273,-0.0032,0.0003,-0.001,-0.0137,0.0035,0.0532,0.4789,0.2852,1.1772,0.8076,0.802,-0.26,0.01,-0.0761,-0.0795,-0.0766,0.0108,0.0778,0.0797,2.1365,0.0
126601,0.0,1.027,0.0,False,False,1.3468,0.249,-0.1971,1.5365,-3.1546,3.4273,-0.0172,-0.0,0.0004,0.2164,-0.1787,0.0808,0.4792,0.2852,1.1773,0.8077,0.802,-0.26,0.01,-0.0749,-0.079,-0.0783,-0.0324,0.0711,0.0786,1.0908,0.0
126701,0.0,1.1423,0.0,False,False,3.9858,-0.6115,1.827,0.3341,-3.1193,5.6356,0.2208,0.0819,-0.2896,0.2077,0.0,-0.0,0.17,-0.3357,0.3756,0.8452,0.802,-0.26,0.01,0.076,0.0558,-0.0795,-0.055,0.0071,-0.062,1.1022,0.0
126801,0.0,1.228,0.0,False,False,4.3691,0.249,-0.2011,1.5099,-3.1441,6.2832,-0.3469,0.0004,0.0011,-0.0058,0.0098,0.1435,0.0478,-0.3708,-0.0729,0.8171,0.802,-0.26,0.01,-0.0635,-0.0774,-0.078,-0.0795,0.0566,0.0748,-3.1133,0.0
126901,0.0,1.2279,0.0,False,False,4.3659,0.249,-0.2011,1.5099,-3.1441,6.2832,0.0005,0.0042,-0.0037,0.0075,0.0087,0.0934,0.0008,-0.374,-0.0622,0.817,0.802,-0.26,0.01,0.0081,-0.0745,-0.0767,0.0769,-0.0687,0.0745,-3.1273,0.0
127001,0.0,1.3748,0.001,False,False,4.0193,0.249,-0.2011,1.5099,-3.1441,6.2832,-0.0006,0.0,0.0005,-0.0032,0.0036,0.0032,-0.0,-0.5596,0.1017,0.817,0.802,-0.26,0.01,-0.0013,-0.0748,-0.0491,0.0379,-0.075,0.0648,-3.0969,0.0
127101,0.0,1.3167,0.0,False,False,4.1671,0.249,-0.201,1.5083,-3.1405,6.2821,0.07,0.0001,0.0001,0.0011,-0.0127,0.0973,0.0002,-0.4874,0.0247,0.8178,0.802,-0.26,0.01,0.0261,-0.0723,-0.0747,0.042,-0.0714,0.0772,-3.0996,0.0
127201,0.0,1.2133,0.0,False,False,3.9429,-0.5194,1.5419,0.5256,-3.1297,2.5327,0.2435,0.1411,-0.395,0.2527,0.0032,-0.0108,0.6999,-0.4093,0.3365,0.8434,0.802,-0.26,0.01,0.0799,0.08,-0.078,-0.0055,0.0798,0.0787,3.0618,0.0
127301,0.0,1.0889,0.0,False,False,4.638,0.249,-0.2005,1.5,-3.1288,3.035,-0.0038,-0.0,-0.0002,0.0038,-0.0088,0.0425,0.0037,-0.1957,-0.1451,0.8198,0.802,-0.26,0.01,-0.0283,0.079,-0.0047,0.0751,0.0741,0.0788,-2.9219,0.0
127401,0.0,1.0347,0.0,False,False,4.7217,0.249,-0.2005,1.4998,-3.1304,3.1059,0.0048,0.0002,0.0084,-0.0801,0.113,-0.1235,0.0699,-0.1348,-0.1483,0.8197,0.802,-0.26,0.01,-0.0159,0.0797,-0.0521,0.0703,0.0455,0.071,-2.25,0.0
127501,0.0,0.2145,0.0,False,False,6.0876,0.249,-0.2005,1.4999,-3.1274,3.5518,0.3432,0.0,-0.0,0.0,0.0,-0.0002,0.122,0.6587,0.2682,0.8192,0.8573,-0.2063,0.01,0.0752,-0.0699,-0.0772,0.0796,0.0799,0.08,-1.5797,0.0
127601,0.0,0.1756,0.0022,False,False,6.2117,0.249,-0.2005,1.4999,-3.1273,3.5495,0.0017,0.0023,-0.0029,0.0066,-0.001,0.0026,0.2003,0.684,0.3519,0.8171,0.8573,-0.2063,0.01,0.0781,-0.0607,-0.072,0.0769,0.0799,0.0799,-1.3745,0.0
127701,0.0,1.1686,0.0,False,False,3.8883,-0.6313,1.898,0.2959,-3.1509,3.2399,-0.1437,0.0524,-0.1941,0.0895,-0.0037,-1.4048,0.0537,-0.3603,0.4079,0.8158,0.802,-0.26,0.01,-0.0697,0.0402,-0.0679,0.0763,0.0615,0.0787,-2.6398,0.0
127801,0.0,0.9654,0.0,False,False,4.8391,0.249,-0.2005,1.4997,-3.1302,3.1065,0.0019,0.0001,0.0006,-0.0074,0.0205,0.0207,0.0691,-0.0521,-0.1589,0.8197,0.802,-0.26,0.01,0.0156,0.0793,-0.0217,0.0742,0.0455,0.0795,-2.2877,0.0
127901,0.0,0.9473,0.0,False,False,4.8702,0.249,-0.2012,1.5104,-3.1441,3.1147,-0.0432,-0.0003,-0.0398,0.6303,-0.8186,0.4732,0.0462,-0.03,-0.162,0.8172,0.802,-0.26,0.01,-0.042,0.0797,0.0093,0.0605,0.0084,0.08,-3.0074,0.0
128001,0.0,0.9052,0.0,False,False,4.94,0.249,-0.2005,1.4995,-3.13,3.1057,-0.0016,0.007,-0.0099,-0.0051,0.0203,0.0461,0.0341,0.0195,-0.1642,0.8197,0.802,-0.26,0.01,0.0289,0.0798,0.0275,0.0775,0.0461,0.0788,-2.8374,0.0
128101,0.0,0.89,0.0,False,False,4.9658,0.249,-0.2005,1.4995,-3.13,3.1057,-0.0091,0.0016,0.0002,-0.0062,0.0022,-0.0838,0.026,0.0378,-0.1651,0.8197,0.802,-0.26,0.01,0.0408,0.0799,0.0266,0.0796,-0.0412,0.0792,-2.7816,0.0
128201,0.0,0.9434,-0.0549,False,False,3.2882,0.2495,3.0676,-3.8166,-3.1186,1.1771,-0.0,-0.0006,-0.0361,-0.2289,0.0155,-0.8387,0.3816,-0.0566,0.6801,0.8123,0.802,-0.26,0.01,-0.0137,-0.0492,-0.0504,-0.0007,-0.054,0.04,1.988,0.0
128301,0.0,0.9693,-0.0004,False,False,3.2986,0.2492,3.0401,-3.978,-3.127,0.611,-0.003,0.0,0.0,0.0043,0.0016,-0.0018,0.2623,-0.0855,0.6785,0.8214,0.802,-0.26,0.01,0.0381,-0.0024,0.0185,-0.0174,-0.073,-0.0292,0.4242,0.0
128401,0.0,0.9748,0.0,False,False,3.3258,0.2488,3.0077,-4.132,-3.1232,0.2358,-0.0,-0.0001,-0.0099,-0.0342,-0.0003,-0.0421,0.4098,-0.0925,0.6756,0.8288,0.802,-0.26,0.01,-0.0196,-0.037,-0.0357,-0.028,0.0589,-0.0218,-1.463,0.0
128501,0.0,1.003,0.0,False,False,3.5099,0.2495,2.8455,-4.6627,-3.127,-0.4474,0.0042,0.0001,-0.0014,0.0254,-0.0289,-0.0074,0.4116,-0.1347,0.6465,0.829,0.802,-0.26,0.01,-0.0177,0.0066,0.0312,0.0438,0.0672,0.0322,-2.9109,0.0
128601,0.0,1.0228,0.0,False,False,4.0191,0.2495,2.8455,-4.6625,-3.1271,-0.4384,0.3066,0.0004,-0.0016,0.0047,0.0355,-0.3061,0.3286,-0.1836,0.5618,0.8203,0.802,-0.26,0.01,0.0683,-0.0184,0.0624,0.0396,-0.0339,0.0613,-2.0114,0.0
128701,0.0,0.9199,0.0,False,False,4.1934,-0.6446,1.8054,0.4496,-1.2691,5.1229,0.4493,-0.1616,-0.3007,-0.7735,-0.069,0.5651,0.0238,-0.0378,0.0922,1.109,0.802,-0.26,0.01,0.076,-0.0677,-0.0798,0.0036,-0.0576,0.0785,-3.1291,0.0
128801,0.0,0.6745,0.0,False,False,4.2815,-0.5803,1.7197,0.4286,0.0134,5.9058,-0.0017,-0.0025,0.012,-0.0105,-0.0072,-0.0583,0.1996,0.1977,-0.0084,0.8173,0.802,-0.26,0.01,0.0124,0.0785,-0.0795,0.0005,-0.0527,0.0794,-2.9824,0.0
128901,0.0,0.6744,0.0,False,False,4.2815,-0.5803,1.7195,0.4287,0.0134,5.9075,-0.0015,-0.0026,0.0113,-0.0084,-0.0037,-0.0558,0.1953,0.1977,-0.0082,0.8172,0.802,-0.26,0.01,0.0187,0.0783,-0.0799,-0.0037,-0.0412,0.0755,-2.941,0.0
129001,0.0,0.6746,0.0,False,False,4.2815,-0.5802,1.7194,0.4288,0.0134,5.9088,0.0,-0.0021,0.0098,-0.007,-0.0055,-0.0563,0.1921,0.1975,-0.0083,0.8172,0.802,-0.26,0.01,-0.0109,0.0752,-0.0796,-0.0563,-0.0293,0.0779,-2.8389,0.0
129101,0.0,0.674,0.0,False,False,4.2815,-0.5802,1.7192,0.4289,0.0134,5.91,-0.0006,-0.0016,0.0076,-0.0067,-0.0046,-0.0341,0.189,0.1979,-0.0076,0.8169,0.802,-0.26,0.01,-0.0024,0.0745,-0.0793,-0.0096,-0.0449,0.0798,-3.0485,0.0
129201,0.0,0.8958,0.0,False,False,4.1448,-0.7196,1.8773,0.1815,-1.3834,5.6512,0.6269,-0.1929,-0.5604,-1.8468,-1.0854,0.624,0.1064,-0.0295,0.1775,1.1037,0.802,-0.26,0.01,0.0779,-0.0751,-0.0796,-0.0566,-0.0253,0.0786,-3.1185,0.0
129301,0.0,0.6885,0.0,False,False,4.305,-0.5547,1.6412,0.4813,0.0143,6.2832,-0.0039,-0.003,0.0089,-0.0066,-0.0026,0.0438,0.1011,0.1925,-0.0293,0.8151,0.802,-0.26,0.01,-0.0125,0.0727,-0.0796,-0.0556,-0.0214,0.0791,-2.259,0.0
129401,0.0,0.6841,0.0,False,False,4.3053,-0.5541,1.6392,0.4834,0.0153,6.2832,-0.0054,-0.0039,0.0113,-0.0057,0.0021,0.0865,0.0634,0.1958,-0.0261,0.8149,0.802,-0.26,0.01,-0.0141,0.0742,-0.0795,-0.0702,-0.0188,0.0793,-2.6006,0.0
129501,0.0,0.6804,0.0,False,False,4.3055,-0.5537,1.638,0.4853,0.0165,6.2832,0.0003,-0.0017,0.0037,0.0064,0.0102,0.1595,0.0297,0.1985,-0.0232,0.8146,0.802,-0.26,0.01,-0.0206,0.0738,-0.0796,-0.0571,-0.0286,0.0798,-2.9871,0.0
129601,0.0,0.6807,0.0,False,False,4.3056,-0.5535,1.637,0.4869,0.0176,6.2832,-0.007,-0.0042,0.0131,-0.0139,-0.0032,0.2622,0.0358,0.1984,-0.0238,0.8144,0.802,-0.26,0.01,-0.009,0.0724,-0.078,-0.0283,-0.012,0.0779,-2.9868,0.0
129701,0.0,0.8597,-0.01,False,False,3.8361,-1.0462,2.5873,-1.5553,-2.232,1.5337,-0.0044,-0.0,0.0017,-0.0023,0.0105,0.0116,0.2068,-0.012,0.5654,0.8161,0.802,-0.26,0.01,0.0307,0.0644,-0.0241,-0.0642,-0.0227,-0.0028,-2.0756,0.0
129801,0.0,0.7044,0.0,False,False,4.2132,-0.5934,1.7619,0.3994,0.0139,3.3545,-0.0016,-0.0045,0.0147,-0.0093,-0.0038,-0.1385,0.0437,0.1634,-0.0065,0.8143,0.802,-0.26,0.01,-0.0378,0.0776,-0.0795,0.078,-0.0782,0.0789,-2.4526,0.0
129901,0.0,0.7144,0.0,False,False,4.2127,-0.5911,1.7544,0.4044,0.0145,3.4254,-0.0002,0.0037,-0.0118,0.0077,0.0003,0.0698,0.0,0.1581,-0.0188,0.8106,0.802,-0.26,0.01,-0.0341,0.0799,-0.08,0.0788,-0.0787,0.0792,-2.7446,0.0
130001,0.0,0.7148,0.0,False,False,4.2109,-0.5885,1.746,0.41,0.0152,3.4658,0.0043,-0.0008,0.003,-0.006,-0.0021,-0.0114,0.047,0.1571,-0.0177,0.8111,0.802,-0.26,0.01,-0.0595,0.0798,-0.0797,0.0745,-0.0783,0.0765,-2.9024,0.0
130101,0.0,0.734,0.0,False,False,4.1707,-0.5647,1.6711,0.4615,0.0134,3.6148,-0.1107,0.0559,-0.1699,0.1136,0.0016,0.0043,0.4512,0.1403,-0.026,0.8221,0.802,-0.26,0.01,-0.0749,0.0799,-0.08,0.0795,-0.0791,0.0798,-2.8622,0.0
130201,0.0,0.741,-0.0091,False,False,3.8426,-1.0471,2.6056,-1.569,-1.743,2.0195,-0.0139,0.0001,0.0056,-0.0094,0.051,0.0983,0.1542,0.1001,0.5261,0.8166,0.802,-0.26,0.01,0.0583,0.0446,-0.0174,0.0443,-0.0762,0.0586,-0.424,0.0
130301,0.0,0.7703,0.0,False,False,3.8921,-1.0467,2.5906,-1.5522,-1.8807,1.9029,-0.0277,0.0049,0.0092,-0.0124,0.0805,0.0514,0.1808,0.0722,0.5356,0.8125,0.802,-0.26,0.01,0.0776,0.059,-0.0277,0.0045,-0.0588,-0.0544,-1.1452,0.0
130401,0.0,0.7962,0.0,False,False,3.9282,-1.0462,2.5834,-1.5473,-1.9871,1.8155,-0.0105,0.0006,0.0084,-0.0072,0.0277,0.0436,0.1289,0.0474,0.5428,0.8119,0.802,-0.26,0.01,0.0704,0.0575,-0.0223,-0.0249,-0.0218,-0.0107,-2.8784,0.0
130501,0.0,0.794,-0.0015,False,False,3.9286,-1.0462,2.5832,-1.5472,-1.9884,1.8137,-0.0109,0.0004,0.0038,-0.0042,0.0123,-0.0064,0.1878,0.0496,0.5426,0.8113,0.802,-0.26,0.01,0.0704,0.0213,-0.028,-0.0458,0.0474,0.0711,-2.6923,0.0
130601,0.0,0.7979,-0.0034,False,False,3.938,-1.0462,2.5824,-1.5465,-2.0072,1.8049,-0.0143,-0.0003,0.0063,-0.0066,0.03,0.003,0.1904,0.046,0.5442,0.8111,0.802,-0.26,0.01,0.0624,0.0488,-0.0526,-0.0361,-0.0592,0.0518,-1.7083,0.0
130701,0.0,0.8777,0.0,False,False,3.9698,-0.5368,1.5886,0.5161,0.0135,3.6094,-0.1673,0.0865,-0.2486,0.1621,-0.0001,0.0043,0.4258,0.001,-0.0677,0.818,0.802,-0.26,0.01,-0.0795,0.0797,-0.08,0.0799,-0.0795,0.0793,-2.9869,0.0
130801,0.0,1.519,0.0,False,False,3.0523,0.249,-0.2018,1.5199,0.0168,3.5219,-0.1528,0.0008,0.0105,-0.0972,0.4858,0.1655,0.3049,-0.7144,0.2065,0.8234,0.802,-0.26,0.01,-0.0309,-0.08,-0.08,0.059,0.0099,0.0799,1.6075,0.0
130901,0.0,1.5829,0.0,False,False,2.7709,0.249,-0.2018,1.52,0.0169,3.5218,-0.1723,0.0002,-0.0001,-0.0024,-0.0022,0.0011,0.3878,-0.7754,0.4175,0.8259,0.802,-0.26,0.01,-0.0367,-0.08,-0.08,0.0743,0.0753,0.0796,2.5683,0.0
131001,0.0,1.6242,0.0,False,False,2.4182,0.249,-0.2018,1.5205,0.0146,3.4327,0.0008,0.0014,-0.0028,-0.0036,0.0065,-0.0723,0.4173,-0.7713,0.692,0.8245,0.802,-0.26,0.01,-0.0188,-0.0799,-0.08,0.0794,0.0741,0.0799,2.7215,0.0
131101,0.0,1.6263,0.0,False,False,2.4044,0.249,-0.2018,1.5206,0.0143,3.3676,-0.0906,0.0003,-0.0003,-0.002,0.0073,0.213,0.3822,-0.7705,0.7034,0.822,0.802,-0.26,0.01,-0.0278,-0.08,-0.08,0.0791,0.0715,0.0794,1.5812,0.0
131201,0.0,1.098,0.0,False,False,3.6597,-0.4153,1.2654,0.7181,0.0121,3.6891,-0.2216,0.163,-0.4073,0.2427,-0.0016,0.0039,0.6999,-0.2401,-0.0521,0.8407,0.802,-0.26,0.01,-0.0763,0.0789,-0.08,0.0798,-0.0782,0.0797,-2.8869,0.0
131301,0.0,1.6051,0.0,False,False,2.6299,0.249,-0.2018,1.5205,0.0147,3.5739,0.0039,0.0,0.0006,-0.0093,-0.007,-0.0317,0.424,-0.785,0.5274,0.829,0.802,-0.26,0.01,-0.023,-0.08,-0.08,0.0796,0.0786,0.0799,2.9679,0.0
131401,0.0,1.5896,0.0,False,False,1.8161,0.249,-0.2005,1.5238,0.0163,3.5291,0.0966,0.0,0.0044,0.0036,0.031,-0.6954,0.3074,-0.5584,1.1115,0.8241,0.802,-0.26,0.01,0.0269,-0.08,-0.08,0.0735,0.0769,0.0799,0.3953,0.0
131501,0.0,1.6453,0.0,False,False,2.3622,0.249,-0.2021,1.5258,0.019,2.8566,0.262,0.003,-0.0135,0.1285,0.1609,0.0597,0.0653,-0.7774,0.7502,0.8115,0.802,-0.26,0.01,0.0516,-0.0796,-0.0766,0.0793,0.028,0.0791,-2.9789,0.0
131601,0.0,1.6045,0.0,False,False,2.7635,0.249,-0.2018,1.5209,0.013,2.8423,-0.0028,0.0002,0.0001,0.0052,0.0025,0.0236,0.0714,-0.7962,0.4296,0.8128,0.802,-0.26,0.01,-0.0007,-0.0787,-0.0793,0.0788,0.0354,0.0795,-2.9773,0.0
131701,0.0,0.8585,-0.0045,False,False,3.433,-1.04,2.6989,-1.6733,-2.4277,1.7567,-0.01,0.0015,0.0078,-0.0092,-0.0112,-0.0133,0.3932,0.0034,0.6043,0.8099,0.802,-0.26,0.01,0.0725,0.0639,-0.0783,0.077,0.0732,0.048,1.1026,0.0
131801,0.0,1.0645,0.0,False,False,3.7513,-0.6537,1.9523,0.4429,-1.4082,3.409,-0.006,-0.0038,0.0164,-0.012,-0.0197,0.3096,0.0946,-0.2097,0.1918,1.1062,0.802,-0.26,0.01,0.0268,0.0375,-0.079,0.0762,0.0646,0.0688,-2.1702,0.0
131901,0.0,0.5337,0.0,False,False,4.7607,0.249,-0.2033,1.5453,0.0442,2.9128,0.0543,-0.0001,-0.0078,0.1315,0.1741,0.1252,0.4969,0.4343,-0.0966,0.8021,0.802,-0.26,0.01,0.0244,-0.08,-0.0798,0.073,0.0795,0.078,3.0393,0.0
132001,0.0,0.4584,0.0,False,False,4.8594,0.249,-0.2035,1.5488,0.049,2.9163,0.077,-0.0,-0.0002,0.0034,0.0045,-0.0178,0.5006,0.4962,-0.0513,0.8017,0.802,-0.26,0.01,0.0252,-0.08,-0.0799,0.0728,0.0789,0.0797,3.1341,0.0
132101,0.0,0.4042,0.0,False,False,4.9292,0.249,-0.2023,1.5283,0.022,2.8744,-0.0,0.0,0.0001,-0.0009,0.0025,0.0065,0.5024,0.5368,-0.0147,0.804,0.802,-0.26,0.01,0.0099,-0.08,-0.0796,0.0797,0.0785,0.0794,3.1136,0.0
132201,0.0,0.8616,0.0,False,False,4.2603,-0.2064,0.7725,1.0018,0.014,3.5926,0.2877,0.2655,-0.5989,0.3331,0.0004,-0.0006,0.3352,0.0961,-0.203,0.8207,0.802,-0.26,0.01,0.077,0.0789,-0.0797,0.0799,-0.0769,0.0796,3.0611,0.0
132301,0.0,0.496,0.0,False,False,4.8127,0.249,-0.2028,1.5376,0.0344,2.8565,-0.0052,0.0002,0.0009,-0.0059,-0.0102,-0.0494,0.4912,0.4696,-0.0779,0.8027,0.802,-0.26,0.01,0.016,-0.0799,-0.0761,0.0796,0.078,0.0796,3.1296,0.0
132401,0.0,0.3715,0.0,False,False,4.9717,0.249,-0.2027,1.5359,0.0317,2.8804,-0.0023,0.0,0.0011,-0.0186,-0.0239,-0.0261,0.5006,0.5608,0.0078,0.803,0.802,-0.26,0.01,0.0112,-0.08,-0.0789,0.0788,0.0793,0.0792,3.1267,0.0
132501,0.0,0.3073,0.0,False,False,5.0541,0.249,-0.2035,1.5489,0.0491,2.9156,-0.0034,0.0,0.0003,-0.0007,-0.0021,0.0105,0.4968,0.6034,0.0558,0.8017,0.802,-0.26,0.01,0.003,-0.0799,-0.0799,0.0784,0.075,0.0796,3.1086,0.0
132601,0.0,0.2713,0.0,False,False,5.1008,0.249,-0.2028,1.5366,0.0329,2.8632,-0.0001,0.0002,0.0009,-0.0105,-0.0127,-0.0278,0.4958,0.6278,0.0824,0.8028,0.802,-0.26,0.01,0.0148,-0.0796,-0.0796,0.0792,0.0722,0.0792,3.1377,0.0
132701,0.0,0.839,0.0,False,False,4.2052,-0.3617,1.1339,0.7957,0.014,3.5926,0.2733,0.2299,-0.5547,0.3248,0.0,0.0001,0.3352,0.0875,-0.1486,0.8201,0.802,-0.26,0.01,0.0771,0.079,-0.08,0.0799,-0.0016,0.0799,3.1372,0.0
132801,0.0,0.5431,0.0,False,False,4.7511,0.249,-0.203,1.5397,0.037,2.8646,-0.0028,-0.0,0.0005,-0.0053,-0.0054,-0.0051,0.4888,0.43,-0.1055,0.8026,0.802,-0.26,0.01,0.0148,-0.0796,-0.0764,0.0791,0.0775,0.0793,3.12,0.0
132901,0.0,0.4149,0.0,False,False,4.9174,0.249,-0.2029,1.5387,0.0357,2.8606,-0.0028,0.003,-0.0003,-0.0349,-0.034,-0.0116,0.4933,0.5325,-0.0252,0.8026,0.802,-0.26,0.01,0.018,-0.079,-0.0795,0.0796,0.0566,0.0798,3.1341,0.0
133001,0.0,0.3373,0.0,False,False,5.0155,0.249,-0.203,1.5402,0.0374,2.8964,-0.0045,0.0004,0.0005,-0.0111,-0.0157,-0.0713,0.4979,0.5836,0.0333,0.8026,0.802,-0.26,0.01,0.0146,-0.0794,-0.0785,0.0794,0.0649,0.0792,3.1267,0.0
133101,0.0,0.3148,0.0,False,False,5.044,0.249,-0.2022,1.5278,0.0215,2.9512,0.0038,0.0053,-0.0047,-0.0018,-0.0178,0.0335,0.4952,0.598,0.0508,0.807,0.802,-0.26,0.01,0.0109,-0.0799,-0.0798,0.0798,0.0398,0.0799,3.1238,0.0
133201,0.0,1.0182,0.0,False,False,3.9321,-0.338,1.0769,0.8288,0.014,3.5926,0.2652,0.2357,-0.5612,0.3255,-0.0,0.0004,0.3352,-0.1131,-0.1555,0.8199,0.802,-0.26,0.01,0.0751,0.0791,-0.0799,0.0795,-0.0781,0.0795,3.0612,0.0
133301,0.0,0.8393,0.0,False,False,4.3447,0.249,-0.2031,1.5414,0.0391,2.88,0.0017,0.0005,0.0048,-0.0302,-0.0283,-0.034,0.4934,0.1359,-0.2205,0.8024,0.802,-0.26,0.01,0.0039,-0.0738,-0.0787,0.0786,0.0717,0.0798,3.1263,0.0
133401,0.0,0.818,0.0,False,False,4.3723,0.249,-0.2035,1.5482,0.0482,2.9194,-0.0005,-0.0,-0.0002,0.0265,0.0309,-0.1488,0.4975,0.157,-0.213,0.8018,0.802,-0.26,0.01,0.0222,-0.072,-0.0786,0.0795,0.034,0.0796,3.1259,0.0
133501,0.0,0.7841,0.0,False,False,4.4216,0.249,-0.2035,1.5489,0.049,2.9159,0.001,0.0,-0.0,0.001,0.0015,-0.0096,0.4923,0.1945,-0.2055,0.8017,0.802,-0.26,0.01,-0.0008,-0.0684,-0.079,0.0793,0.048,0.0798,3.1323,0.0
133601,0.0,0.7564,0.0,False,False,4.4619,0.249,-0.2036,1.5501,0.0506,2.9095,-0.0055,0.0,0.0016,-0.0268,-0.0283,-0.0264,0.4876,0.2249,-0.1989,0.8016,0.802,-0.26,0.01,0.0177,-0.0795,-0.0787,0.079,0.0425,0.0798,3.1292,0.0
133701,0.0,1.0441,0.0,False,False,3.9286,-0.2846,0.9514,0.901,0.014,3.5926,0.2813,0.2534,-0.5874,0.3235,-0.0106,0.0201,0.3352,-0.1334,-0.1729,0.8199,0.802,-0.26,0.01,0.077,0.0793,-0.0794,0.0781,-0.0781,0.0798,2.9774,0.0
133801,0.0,0.9019,0.0,False,False,4.2497,0.249,-0.2034,1.5476,0.0474,2.9225,-0.0011,0.0002,0.0025,-0.0308,-0.0442,-0.0055,0.4923,0.0626,-0.2263,0.802,0.802,-0.26,0.01,0.0033,-0.0794,-0.0798,0.078,0.0697,0.0799,3.0394,0.0
133901,0.0,0.8817,0.0,False,False,4.2794,0.249,-0.2034,1.5461,0.0455,2.9274,-0.002,0.0006,0.0,-0.0008,-0.0057,-0.0063,0.4966,0.0856,-0.2238,0.8024,0.802,-0.26,0.01,0.0082,-0.0702,-0.0791,0.0782,0.0708,0.0794,3.1203,0.0
134001,0.0,0.8568,0.0,False,False,4.3161,0.249,-0.2031,1.5426,0.0407,2.9225,-0.0054,0.0001,0.0091,-0.1518,-0.2021,0.0147,0.4932,0.114,-0.2205,0.803,0.802,-0.26,0.01,-0.0111,-0.0797,-0.0788,0.0795,0.0732,0.0797,3.0907,0.0
134101,0.0,0.8553,0.0,False,False,4.3181,0.249,-0.2018,1.521,0.0126,2.9608,-0.0038,0.0027,-0.0008,-0.0283,-0.0495,-0.042,0.493,0.116,-0.2205,0.8087,0.802,-0.26,0.01,-0.0006,-0.0798,-0.0783,0.0793,0.0733,0.0797,3.1229,0.0
134201,0.0,1.0721,0.0,False,False,3.9073,-0.244,0.8578,0.954,0.014,3.5926,0.2857,0.2624,-0.599,0.3332,-0.0039,0.0057,0.3352,-0.1606,-0.181,0.8203,0.802,-0.26,0.01,0.0771,0.0799,-0.0792,0.0793,-0.0799,0.0792,2.9824,0.0
134301,0.0,0.9286,0.0,False,False,4.2099,0.249,-0.2035,1.548,0.0479,2.9199,0.0001,0.0002,0.0005,-0.0084,-0.011,0.0372,0.4954,0.0316,-0.2283,0.8018,0.802,-0.26,0.01,-0.0074,-0.061,-0.0796,0.0778,0.0664,0.0799,3.1042,0.0
134401,0.0,0.9165,0.0,False,False,4.2278,0.249,-0.2034,1.546,0.0453,2.9239,0.0041,-0.0,-0.0067,0.1115,0.148,-0.0731,0.4953,0.0456,-0.2273,0.8023,0.802,-0.26,0.01,0.0113,-0.0798,-0.0781,0.0791,0.0665,0.0791,3.1063,0.0
134501,0.0,0.885,0.0,False,False,4.2759,0.249,-0.2035,1.5484,0.0483,2.9149,0.0015,0.0,0.0007,-0.0145,-0.0196,-0.0377,0.4933,0.0828,-0.2256,0.8018,0.802,-0.26,0.01,0.0013,-0.0797,-0.0725,0.0772,0.0664,0.0797,3.1199,0.0
134601,0.0,0.8616,0.0,False,False,4.3096,0.249,-0.2033,1.5449,0.0437,2.9083,0.0009,0.0003,0.0004,-0.0089,-0.0133,-0.0075,0.4975,0.1089,-0.2218,0.8021,0.802,-0.26,0.01,-0.001,-0.0782,-0.079,0.0786,0.0437,0.0795,3.1118,0.0
134701,0.0,1.0338,0.0,False,False,3.9209,-0.3153,1.0232,0.8599,0.014,3.5926,0.2657,0.2439,-0.5742,0.3303,0.0,-0.0001,0.3352,-0.128,-0.1603,0.8208,0.802,-0.26,0.01,0.0748,0.0799,-0.0799,0.0792,-0.0681,0.0799,2.7192,0.0
134801,0.0,0.8215,0.0,False,False,4.3704,0.249,-0.2033,1.5457,0.0446,2.8913,-0.0032,0.0005,0.0016,-0.0129,-0.0237,-0.0531,0.4935,0.1556,-0.2168,0.802,0.802,-0.26,0.01,0.0184,-0.0791,-0.0791,0.0797,0.0704,0.0797,3.106,0.0
134901,0.0,0.698,0.0,False,False,4.5418,0.249,-0.2024,1.5306,0.0252,2.8604,0.0029,0.0015,-0.0032,0.003,0.0014,-0.0096,0.5006,0.284,-0.1776,0.8035,0.802,-0.26,0.01,0.0068,-0.0793,-0.0795,0.079,0.0486,0.08,3.1212,0.0
135001,0.0,0.5895,0.0,False,False,4.6888,0.249,-0.2027,1.5347,0.0304,2.8623,0.1382,0.0018,0.0002,-0.0282,-0.0296,-0.1094,0.4954,0.3879,-0.1294,0.8031,0.802,-0.26,0.01,0.0309,-0.0783,-0.0766,0.0793,0.0208,0.0791,3.1143,0.0
135101,0.0,0.3587,0.0,False,False,4.9912,0.249,-0.2018,1.521,0.0122,2.6972,0.0379,0.0004,0.0007,-0.0154,-0.0149,0.0309,0.4426,0.5902,0.0011,0.8089,0.802,-0.26,0.01,0.0225,-0.0795,-0.0766,0.0799,0.0295,0.0791,3.1241,0.0
135201,0.0,0.8837,0.0,False,False,4.2089,-0.2332,0.8322,0.9817,-0.0477,3.8183,0.0334,0.1106,-0.245,0.0536,0.3375,-1.301,0.4208,0.0585,-0.1834,0.853,0.802,-0.26,0.01,0.014,0.0796,-0.0786,0.0758,-0.0721,0.0794,3.0941,0.0
135301,0.0,0.3055,-0.0006,False,False,5.058,0.249,-0.2018,1.521,0.0122,2.6909,0.1475,0.0031,-0.0055,0.0025,0.0019,-0.0124,0.4304,0.6262,0.0409,0.8093,0.802,-0.26,0.01,0.0313,-0.0793,-0.0791,0.0768,0.0382,0.0788,3.1318,0.0
135401,0.0,1.0529,0.0,False,False,3.8544,-0.3534,1.1139,0.8074,0.014,3.5926,0.2819,0.2348,-0.5638,0.329,0.0,-0.0001,0.3352,-0.16,-0.1369,0.8212,0.802,-0.26,0.01,0.0784,0.0799,-0.0797,0.077,-0.0716,0.0796,3.1042,0.0
135501,0.0,1.0399,-0.1008,False,False,3.3256,-1.1672,2.4656,-1.7143,-2.329,1.4994,0.3446,-0.1776,-0.1939,0.2464,0.7639,0.2927,0.1005,-0.1854,0.616,0.7968,0.802,-0.26,0.01,0.0778,-0.0525,-0.0798,0.0058,0.0424,-0.025,1.7103,0.0
135601,0.0,1.1567,-0.1012,False,False,2.3124,-1.6757,2.4959,-2.3389,-1.8921,0.2659,0.5617,-0.2837,0.2524,0.2579,-0.5237,0.2178,0.0017,-0.2523,0.7653,0.8115,0.802,-0.26,0.01,0.0772,-0.0404,0.0648,0.0582,-0.0714,0.0244,0.2608,0.0
135701,0.0,0.0727,0.0,False,False,5.4651,0.249,-0.202,1.524,0.0167,2.8596,0.3414,0.0003,-0.0113,0.2092,0.2594,0.1569,0.5071,0.7498,0.3386,0.8041,0.802,-0.26,0.01,0.0747,-0.0786,-0.0798,0.0799,0.0478,0.0796,3.1259,0.0
135801,0.0,0.5058,0.0,False,False,6.1582,0.249,-0.2018,1.5203,0.0155,3.056,-0.0051,0.0005,-0.0003,-0.0125,-0.0128,0.0451,0.4777,0.7123,0.8669,0.8115,0.8694,-0.1634,0.01,0.0118,-0.0797,-0.0792,0.0795,0.0401,0.0799,3.1053,0.0
135901,0.0,0.4672,0.0,False,False,6.1083,0.249,-0.2018,1.5203,0.0153,3.0599,0.0016,-0.0,0.0006,-0.001,0.01,-0.1107,0.4818,0.727,0.831,0.8117,0.8694,-0.1634,0.01,-0.0195,-0.0796,-0.0741,0.08,0.0678,0.0628,3.1005,0.0
136001,0.0,0.2218,0.0,False,False,5.7881,0.249,-0.2018,1.5203,0.0154,3.0578,-0.0137,-0.0,-0.0,0.0005,-0.0068,0.1478,0.4782,0.7787,0.5878,0.8116,0.8694,-0.1634,0.01,-0.0249,-0.0791,-0.0695,0.0798,0.0583,0.0797,3.1276,0.0
136101,0.0,1.1529,-0.1039,False,False,2.2771,-1.6749,2.5036,-2.4012,-1.838,0.1531,0.4492,-0.3873,0.081,0.2109,-0.1141,-0.9531,0.0293,-0.2537,0.7528,0.8123,0.802,-0.26,0.01,0.0696,-0.0646,0.0447,0.0541,-0.0675,0.0247,0.3876,0.0
136201,0.0,0.2832,0.0,False,False,5.0841,0.249,-0.2018,1.5207,0.0138,2.7747,0.0859,0.0,0.0002,-0.0036,-0.0048,0.0022,0.4523,0.6329,0.0634,0.8071,0.802,-0.26,0.01,0.0267,-0.0771,-0.0785,0.0797,0.0383,0.0799,3.0683,0.0
136301,0.0,0.1564,0.0,False,False,5.2457,0.249,-0.2018,1.5211,0.0149,2.8001,-0.0013,0.0,0.001,-0.0155,-0.0183,0.0049,0.4499,0.7002,0.1724,0.8067,0.802,-0.26,0.01,0.0181,-0.0785,-0.0775,0.0793,0.0706,0.0796,3.0383,0.0
136401,0.0,0.0936,0.0,False,False,5.3421,0.249,-0.202,1.5244,0.0171,2.8599,-0.0012,-0.0001,0.0037,-0.0273,-0.0179,-0.0056,0.4493,0.7208,0.246,0.805,0.802,-0.26,0.01,-0.0005,-0.0795,-0.0795,0.0772,0.07,0.0798,1.3673,0.0
136501,0.0,0.0798,0.0,False,False,5.3687,0.249,-0.2033,1.5456,0.0446,2.9152,0.0016,0.0002,0.0004,-0.0112,-0.0154,-0.011,0.47,0.7268,0.2665,0.8024,0.802,-0.26,0.01,-0.006,-0.0769,-0.0797,0.078,0.061,0.0798,3.1047,0.0
136601,0.0,1.179,-0.1364,False,False,2.2983,-1.625,2.4908,-2.5166,-1.8827,0.1345,0.4806,-0.1962,0.2174,-0.5281,-0.1621,-1.0237,0.0805,-0.2698,0.7807,0.8127,0.802,-0.26,0.01,0.0767,-0.0214,0.0775,0.0264,-0.0437,0.0249,0.1744,0.0
136701,0.0,1.2825,0.0,False,False,3.8182,-0.4127,1.2611,0.6997,-3.1297,2.5326,-0.0002,-0.0009,0.0023,-0.0022,-0.0016,-0.0079,0.6999,-0.4784,0.3351,0.8471,0.802,-0.26,0.01,-0.0222,0.0691,-0.0462,0.0147,-0.0471,-0.0471,-0.6699,0.0
136801,0.0,1.3828,0.0,False,False,3.7487,-0.2776,0.9368,0.8887,-3.1307,2.6443,-0.1131,0.0974,-0.2236,0.131,0.0017,-0.0158,0.3138,-0.5799,0.325,0.8269,0.802,-0.26,0.01,-0.0524,0.0668,0.0152,0.0445,0.0034,-0.059,-0.1503,0.0
136901,0.0,1.3892,0.0,False,False,2.0569,0.249,-0.201,1.5078,-3.1393,2.8883,0.0274,0.0002,0.0236,-0.3744,0.8146,-0.0378,0.0302,-0.2049,1.2467,0.8162,0.802,-0.26,0.01,0.0275,0.0263,0.0082,-0.0239,0.0783,0.0695,-2.0943,0.0
137001,0.0,1.0625,0.0,False,False,1.371,0.249,-0.1971,1.5177,-3.1357,3.5708,-0.0052,-0.0003,0.0002,0.8268,-0.8582,-0.5655,-0.0024,0.2847,1.2174,0.8221,0.802,-0.26,0.01,-0.0434,0.0639,-0.0631,-0.0786,0.0781,0.0798,-2.6066,0.0
137101,0.0,1.0926,-0.1378,False,False,2.3079,-1.6093,2.4128,-2.1024,-1.8717,0.1637,0.4226,-0.2989,0.242,-0.3536,-0.3148,1.1515,0.459,-0.2116,0.697,0.8154,0.802,-0.26,0.01,0.0775,-0.0631,0.061,0.0654,-0.0692,0.0605,-2.5551,0.0
137201,0.0,1.1102,-0.0889,False,False,2.4857,-1.6125,2.5301,-2.4433,-2.0517,0.1075,0.5085,-0.3666,0.1998,0.1587,-0.1558,-0.4054,0.4714,-0.2256,0.7098,0.8107,0.802,-0.26,0.01,0.0703,-0.0588,0.0681,0.0565,-0.075,0.0781,-2.0606,0.0
137301,0.0,1.2943,0.0,False,False,3.8746,-0.3524,1.1132,0.7873,-3.1297,2.5326,-0.007,-0.0056,0.0134,-0.0059,-0.0107,0.0305,0.6999,-0.491,0.2856,0.8471,0.802,-0.26,0.01,0.0323,0.0568,0.0157,0.0298,-0.0576,0.0026,-2.249,0.0
137401,0.0,1.3031,0.0,False,False,3.9031,-0.3077,1.007,0.8488,-3.1297,2.5326,-0.0001,-0.0021,0.0048,-0.001,-0.0074,0.0449,0.7,-0.4994,0.2563,0.8471,0.802,-0.26,0.01,-0.0014,0.0672,0.0183,0.0319,0.0187,-0.0592,-1.7407,0.0
137501,0.0,1.3987,0.0,False,False,3.8118,-0.0984,0.534,1.1122,-3.1314,2.6245,-0.1059,0.1231,-0.2687,0.1455,0.0022,-0.0103,0.4255,-0.5955,0.2539,0.8344,0.802,-0.26,0.01,-0.0461,0.0762,0.053,-0.0114,0.056,-0.0735,-0.581,0.0
137601,0.0,1.048,0.0,False,False,1.3597,0.2489,-0.1969,1.5281,-3.1511,3.2433,-0.011,-0.0423,0.0929,0.487,-0.5044,0.4924,0.3402,0.2853,1.2014,0.815,0.802,-0.26,0.01,-0.0792,-0.079,-0.0256,-0.0008,0.0798,0.0752,-0.2112,0.0
137701,0.0,1.0018,-0.2035,False,False,2.4634,-1.69,2.5841,-2.0993,-1.9505,0.1129,0.2983,-0.3545,0.1443,0.4257,0.0615,-2.876,0.6675,-0.1451,0.6161,0.8071,0.802,-0.26,0.01,0.0797,-0.0642,0.0524,0.0713,-0.0794,0.0207,1.5605,0.0
137801,0.0,0.7944,-0.0025,False,False,3.7645,-1.0468,2.6348,-1.6005,-2.0803,1.5017,-0.0059,0.0001,0.0032,-0.0036,0.0135,0.0296,0.3861,0.0529,0.553,0.8177,0.802,-0.26,0.01,0.0347,0.0777,-0.0429,0.0557,-0.0123,-0.0393,1.9025,0.0
137901,0.0,0.7963,-0.0065,False,False,3.7647,-1.0468,2.6348,-1.6005,-2.08,1.5032,-0.0007,0.0006,-0.0034,0.0041,-0.0111,-0.027,0.3523,0.0512,0.554,0.8175,0.802,-0.26,0.01,0.0201,0.0162,0.0357,-0.039,0.0378,0.0027,0.2018,0.0
138001,0.0,0.7895,-0.0007,False,False,3.7539,-1.0469,2.6337,-1.5989,-2.0656,1.4794,-0.0006,0.0003,0.0052,-0.0102,-0.0077,-0.0056,0.4044,0.0568,0.5494,0.8185,0.802,-0.26,0.01,-0.0054,0.0721,-0.0374,0.0542,0.0205,0.0655,2.5281,0.0
138101,0.0,0.8086,-0.002,False,False,3.7539,-1.0469,2.6336,-1.5989,-2.0657,1.4794,-0.0045,0.0061,0.0001,-0.0017,0.0009,-0.0052,0.1469,0.0405,0.5607,0.8168,0.802,-0.26,0.01,0.0436,0.0686,0.0311,0.0157,0.0304,0.055,-2.2506,0.0
138201,0.0,1.1208,-0.1125,False,False,2.4509,-1.7339,2.5568,-2.2811,-1.9891,0.3888,0.5057,-0.2035,0.1147,0.4751,-0.124,0.9066,0.0015,-0.2309,0.7246,0.8115,0.802,-0.26,0.01,0.079,-0.0334,0.0053,0.0174,-0.0764,0.0119,1.4987,0.0
138301,0.0,0.2223,0.0014,False,False,5.179,0.249,-0.2018,1.521,0.0122,2.6909,0.2069,-0.0,-0.0,0.0,0.0,0.0002,-0.0,0.6927,0.0989,0.8207,0.802,-0.26,0.01,0.0449,-0.0764,-0.0793,0.075,0.073,0.0798,-3.0022,0.0
138401,0.0,0.2943,0.0,False,False,5.8051,0.249,-0.2018,1.521,0.0122,2.691,-0.0001,0.0,-0.0001,0.0007,0.0014,0.0045,-0.0,0.8256,0.5904,0.8207,0.8634,-0.2499,0.01,0.0139,-0.0779,-0.0798,0.0712,0.0744,0.0793,-3.1371,0.0
138501,0.0,0.4545,0.0,False,False,6.0006,0.249,-0.2018,1.5208,0.0134,2.7555,0.0005,-0.0001,0.0007,0.0002,-0.0017,0.0012,0.0,0.7976,0.7489,0.8179,0.8634,-0.2499,0.01,-0.0165,-0.0787,-0.0798,0.0778,0.0497,0.0796,-3.1323,0.0
138601,0.0,0.5021,0.0,False,False,6.0629,0.249,-0.2026,1.5332,0.0289,2.8438,0.0009,0.0001,0.0013,-0.021,-0.0242,-0.0216,0.0376,0.772,0.7933,0.8114,0.8634,-0.2499,0.01,-0.0009,-0.0788,-0.0788,0.0774,0.0558,0.0797,-3.133,0.0
138701,0.0,1.1112,-0.0879,False,False,2.4699,-1.7173,2.6079,-2.4882,-2.011,-0.0215,0.5693,-0.4105,0.3226,0.0701,-0.1348,0.346,0.2841,-0.2266,0.7099,0.8118,0.802,-0.26,0.01,0.0676,-0.0596,0.0759,0.0521,-0.0761,-0.0734,-0.4724,0.0
138801,0.0,1.2174,0.0,False,False,4.0562,-0.4181,1.2747,0.6915,-3.1299,2.538,-0.0026,-0.0016,0.004,-0.0009,-0.0067,0.0457,0.6898,-0.4126,0.231,0.8465,0.802,-0.26,0.01,0.01,0.0379,0.0028,0.0654,-0.0203,0.0623,2.097,0.0
138901,0.0,1.2103,0.0,False,False,4.1302,-0.3735,1.1642,0.7573,-3.1297,2.5326,-0.0019,0.0022,0.0018,0.0156,0.0033,-0.0178,0.6999,-0.4019,0.1795,0.8471,0.802,-0.26,0.01,0.0313,0.0347,0.0328,0.0576,-0.036,0.0071,1.2161,0.0
139001,0.0,1.203,0.0,False,False,4.1772,-0.347,1.1002,0.7948,-3.1297,2.5326,0.0416,0.034,-0.0816,0.0476,0.0008,-0.0178,0.7,-0.3913,0.1488,0.8471,0.802,-0.26,0.01,0.045,0.0636,0.0386,0.063,0.0053,0.0494,-0.7855,0.0
139101,0.0,1.2017,0.0,False,False,4.1913,-0.3351,1.0718,0.8113,-3.1297,2.5327,0.0886,0.0648,-0.154,0.0855,0.0108,-0.0385,0.6998,-0.3887,0.1381,0.8471,0.802,-0.26,0.01,0.0483,0.0635,0.0402,0.0657,0.0309,0.0191,1.3888,0.0
139201,0.0,1.1758,-0.1426,False,False,2.4592,-1.7279,2.5927,-2.5082,-1.857,0.4429,0.6391,-0.0731,0.2306,0.1575,0.5493,-1.552,0.1415,-0.287,0.7331,0.8063,0.802,-0.26,0.01,0.0785,0.0557,0.053,-0.0004,-0.0643,0.0755,1.7156,0.0
139301,0.0,1.2679,0.0,False,False,3.9982,-0.3289,1.057,0.8199,-3.1297,2.5326,0.0518,0.0408,-0.0965,0.0514,-0.0196,0.0816,0.7,-0.4625,0.218,0.8471,0.802,-0.26,0.01,0.0453,0.0623,0.0421,0.0128,0.0574,0.0529,1.143,0.0
139401,0.0,1.2691,0.0,False,False,4.0655,-0.255,0.8848,0.9184,-3.1297,2.5327,-0.0011,-0.0046,0.0118,-0.0203,0.0153,-0.0615,0.6999,-0.4592,0.1611,0.8471,0.802,-0.26,0.01,0.0224,0.0692,0.057,0.0574,-0.0156,0.0459,-1.7221,0.0
139501,0.0,1.4804,0.0,False,False,3.6027,0.249,-0.2015,1.5161,-3.15,3.297,-0.2177,-0.0,-0.0005,0.0084,0.0125,0.7049,0.1324,-0.676,0.3707,0.813,0.802,-0.26,0.01,-0.0686,0.0766,-0.0569,0.0437,0.0787,0.0531,-2.0123,0.0
139601,0.0,1.5398,0.0,False,False,3.1467,0.249,-0.2019,1.5213,-3.154,3.4276,-0.1673,0.0012,-0.0042,0.0306,-0.0409,-0.0124,0.1859,-0.6863,0.6844,0.8102,0.802,-0.26,0.01,-0.0563,0.0767,-0.0408,0.0742,0.0737,0.0792,-1.8524,0.0
139701,0.0,1.1004,-0.1629,False,False,2.4211,-1.6591,2.5481,-2.4387,-1.9228,-0.0921,0.4974,-0.3672,0.2764,-0.1526,-0.2104,-1.799,0.5869,-0.221,0.6948,0.8093,0.802,-0.26,0.01,0.0667,-0.0629,0.0773,0.0769,-0.0499,0.0486,2.8034,0.0
139801,0.0,1.1756,0.0,False,False,4.0924,-0.4904,1.4623,0.5762,-3.1297,2.5327,-0.0025,0.0007,-0.0013,0.0021,0.0016,-0.0268,0.6999,-0.3718,0.2565,0.8471,0.802,-0.26,0.01,0.0307,-0.001,0.0215,0.0619,0.0174,0.0174,0.6284,0.0
139901,0.0,1.1596,0.0,False,False,4.2113,-0.4401,1.3303,0.6579,-3.1297,2.5333,-0.0001,0.0003,-0.0009,0.0003,-0.0004,0.0097,0.6986,-0.3513,0.1835,0.847,0.802,-0.26,0.01,0.0003,0.0327,0.0197,0.0501,-0.0048,0.0686,1.7292,0.0
140001,0.0,1.1543,0.0,False,False,4.2426,-0.4252,1.2925,0.6808,-3.1297,2.5327,-0.0019,-0.0003,0.0007,0.0005,-0.0036,0.016,0.6998,-0.344,0.1641,0.8471,0.802,-0.26,0.01,0.0201,0.0519,0.0173,0.0602,0.0178,0.0536,1.7937,0.0
140101,0.0,1.1525,0.0,False,False,4.2555,-0.4173,1.2725,0.6928,-3.1297,2.5327,-0.0023,-0.0035,0.0086,-0.0053,0.0028,-0.0333,0.6997,-0.3412,0.1553,0.8471,0.802,-0.26,0.01,0.0313,0.0449,0.009,0.0529,-0.0371,0.0607,0.6284,0.0
140201,0.0,1.1402,-0.225,False,False,2.5084,-1.6431,2.5424,-2.3394,-2.098,0.4113,0.4361,0.304,-0.327,0.9631,-0.4276,2.063,0.003,-0.2409,0.7506,0.8096,0.802,-0.26,0.01,0.0688,0.0704,-0.0773,-0.0363,-0.0687,0.0707,-3.0064,0.0
140301,0.0,1.3257,0.0,False,False,3.952,-0.1803,0.7153,1.0131,-3.1297,2.5326,0.0179,0.0733,-0.1636,0.089,0.0044,-0.0261,0.6999,-0.5191,0.1958,0.8471,0.802,-0.26,0.01,0.0224,0.0677,0.0336,0.0424,-0.0622,0.007,2.6758,0.0
140401,0.0,1.4359,0.0,False,False,3.8679,0.2297,-0.162,1.4958,-3.1477,3.5421,-0.0178,-0.1803,0.3457,0.2122,-0.5197,0.102,0.0622,-0.6302,0.1904,0.8187,0.802,-0.26,0.01,-0.0182,-0.078,0.0514,0.0779,-0.0781,0.0781,-1.2636,0.0
140501,0.0,1.3534,0.0,False,False,4.0872,0.249,-0.2005,1.5003,-3.125,3.5775,0.2263,-0.0272,0.0559,-0.0268,0.0129,0.154,0.096,-0.5325,0.0667,0.8211,0.802,-0.26,0.01,0.0488,-0.0793,-0.0625,0.0784,-0.061,0.0799,-2.4226,0.0
140601,0.0,1.2379,0.0,False,False,4.3581,0.249,-0.2009,1.5062,-3.1371,3.5911,-0.2025,0.0,-0.0,-0.0,-0.0,0.0002,0.1438,-0.3855,-0.0584,0.8188,0.802,-0.26,0.01,-0.0406,-0.0788,-0.0718,0.0739,0.0594,0.0796,-1.4926,0.0
140701,0.0,1.1435,-0.0879,False,False,2.4355,-1.6811,2.5112,-2.2867,-1.9683,0.4656,0.4281,-0.1745,0.099,0.2718,0.1401,0.6988,-0.0001,-0.2475,0.7435,0.8108,0.802,-0.26,0.01,0.076,-0.0431,-0.0353,-0.0092,-0.0716,0.0579,1.843,0.0
140801,0.0,1.3228,0.0,False,False,3.9612,-0.1802,0.7152,1.0132,-3.1297,2.5326,0.1123,0.1559,-0.3451,0.2,0.0069,-0.0372,0.7,-0.5158,0.191,0.8471,0.802,-0.26,0.01,0.0409,0.0609,0.0017,-0.0339,0.0029,0.0521,-0.84,0.0
140901,0.0,1.451,0.0,False,False,3.7996,0.2184,-0.1377,1.4693,-3.1288,3.5354,-0.0167,-0.2176,0.4477,-0.2159,-0.0108,-0.3224,0.0739,-0.6477,0.2356,0.8197,0.802,-0.26,0.01,-0.0106,-0.0794,0.0452,0.0785,-0.0716,0.0742,-2.897,0.0
141001,0.0,1.3758,0.0,False,False,4.0291,0.2346,-0.1714,1.4912,-3.1353,3.5449,-0.0628,-0.1542,0.3076,-0.012,-0.1771,-0.688,0.1237,-0.5602,0.0987,0.8184,0.802,-0.26,0.01,-0.0193,-0.0732,0.0539,0.0768,-0.0712,0.0796,0.4037,0.0
141101,0.0,1.3754,0.0,False,False,4.0296,0.2446,-0.1924,1.5107,-3.1485,3.5891,-0.1533,-0.2382,0.4785,-0.0812,-0.2119,-0.0359,0.23,-0.5601,0.1009,0.8151,0.802,-0.26,0.01,-0.0396,-0.0796,0.0323,0.075,-0.0555,0.0794,2.5124,0.0
141201,0.0,1.1488,-0.1059,False,False,2.5353,-1.6217,2.5451,-2.3663,-2.085,0.5554,0.4915,0.1422,-0.0938,0.392,0.1245,-0.9045,-0.0005,-0.25,0.7512,0.8077,0.802,-0.26,0.01,0.0792,0.0213,-0.0545,0.0588,-0.0794,0.0779,0.2175,0.0
141301,0.0,1.2318,-0.0008,False,False,3.3223,-0.596,1.774,0.3698,-3.1317,2.5907,0.0014,-0.0001,0.0009,-0.0043,0.0006,-0.0092,0.5598,-0.3844,0.6172,0.8401,0.802,-0.26,0.01,-0.0088,0.0319,-0.0596,0.0157,0.0006,0.075,-0.8351,0.0
141401,0.0,1.2332,-0.0012,False,False,3.3189,-0.594,1.7672,0.3745,-3.1317,2.5868,0.0005,-0.0013,0.0045,-0.0043,0.0017,-0.0125,0.5732,-0.3858,0.618,0.8406,0.802,-0.26,0.01,-0.0237,0.0359,-0.0394,-0.0181,0.0271,0.0772,-1.0616,0.0
141501,0.0,1.2341,-0.0021,False,False,3.3203,-0.5899,1.754,0.3839,-3.1313,2.5625,-0.0039,-0.0023,0.0086,-0.013,-0.0016,0.0133,0.6412,-0.3871,0.6158,0.8437,0.802,-0.26,0.01,0.0226,0.0579,-0.0686,0.02,0.0558,0.0797,-1.1803,0.0
141601,0.0,1.2347,-0.0024,False,False,3.3249,-0.5867,1.7433,0.3915,-3.1297,2.5327,0.0007,-0.0016,0.0037,0.0019,-0.0124,0.0277,0.6998,-0.3885,0.6123,0.8471,0.802,-0.26,0.01,-0.0141,0.0435,-0.0536,-0.0078,-0.0484,0.0708,-0.2789,0.0
141701,0.0,1.2053,-0.1489,False,False,2.4679,-1.5828,2.5637,-2.7487,-2.0521,0.068,0.5224,-0.2548,0.3518,-0.0529,-0.4536,1.4366,0.1373,-0.2965,0.785,0.8198,0.802,-0.26,0.01,0.0561,-0.0283,0.0703,0.0791,-0.0665,0.0041,1.7475,0.0
141801,0.0,1.2236,-0.0012,False,False,3.2006,-0.6057,1.8069,0.3466,-3.1317,2.5862,0.0055,-0.0006,0.0026,-0.005,0.0014,-0.008,0.5754,-0.362,0.6638,0.8407,0.802,-0.26,0.01,-0.0516,0.0356,-0.0397,0.0275,0.0391,0.0669,0.5332,0.0
141901,0.0,1.2417,0.0,False,False,3.1673,-0.5939,1.767,0.3748,-3.1314,2.619,0.0003,-0.0006,0.0025,-0.0046,0.0008,-0.0057,0.4501,-0.3769,0.6772,0.8361,0.802,-0.26,0.01,-0.0435,0.0405,-0.0386,0.0312,0.0506,0.059,0.7841,0.0
142001,0.0,1.3948,0.0,False,False,2.7962,-0.412,1.2592,0.7006,-3.1314,2.6518,-0.1438,0.0682,-0.1675,0.0717,0.03,-0.0569,0.2802,-0.4634,0.8759,0.8208,0.802,-0.26,0.01,-0.0455,0.0016,-0.04,0.0406,-0.0691,0.078,-2.6538,0.0
142101,0.0,1.4356,0.0,False,False,2.5818,-0.2855,0.9545,0.888,-3.1444,2.7484,-0.0967,-0.1026,0.2347,-0.0806,-0.0291,1.2613,0.1661,-0.4442,1.0022,0.8165,0.802,-0.26,0.01,-0.028,-0.0532,0.0187,-0.0241,-0.0755,0.0668,-2.3043,0.0
142201,0.0,1.18,-0.1677,False,False,2.4614,-1.6781,2.5716,-2.5388,-2.0003,0.1574,0.6507,0.1524,0.0204,-0.2795,-0.4455,-1.7479,0.0085,-0.28,0.7601,0.8186,0.802,-0.26,0.01,0.0758,0.0626,0.0402,0.0677,-0.0784,-0.0059,0.1681,0.0
142301,0.0,1.2428,0.0,False,False,3.3411,-0.5993,1.7852,0.362,-3.1314,2.6402,-0.0015,0.0002,-0.0009,0.0002,0.0013,-0.0105,0.3478,-0.3969,0.6147,0.8308,0.802,-0.26,0.01,0.0017,0.033,0.0018,-0.0111,-0.0732,0.0552,-1.7706,0.0
142401,0.0,1.2563,0.0,False,False,3.3283,-0.5956,1.7728,0.3707,-3.1314,2.6477,0.0003,-0.0004,0.0033,-0.0126,0.0122,0.0069,0.3094,-0.4091,0.6217,0.8263,0.802,-0.26,0.01,-0.0335,0.0482,0.002,-0.0162,0.0301,0.0721,2.3731,0.0
142501,0.0,1.2641,0.0,False,False,3.3214,-0.5938,1.7667,0.3749,-3.1314,2.6519,0.0086,0.0014,-0.0021,-0.0036,0.0088,-0.0631,0.2798,-0.4164,0.6251,0.8234,0.802,-0.26,0.01,-0.0472,0.0195,0.0212,0.0551,-0.0034,0.0333,-1.6951,0.0
142601,0.0,1.2718,0.0,False,False,3.2934,-0.5872,1.745,0.3901,-3.1314,2.6517,0.0009,-0.0009,0.0072,-0.0338,-0.0043,0.0237,0.2802,-0.4214,0.6358,0.8233,0.802,-0.26,0.01,-0.0213,0.0228,-0.0614,0.0553,-0.0192,0.076,-0.9108,0.0
142701,0.0,1.1661,-0.2146,False,False,2.4832,-1.7102,2.5119,-2.3062,-1.8802,0.3262,0.542,-0.4337,0.2038,0.2114,-0.4894,2.4959,0.0034,-0.282,0.7194,0.8114,0.802,-0.26,0.01,0.072,-0.0636,0.0686,0.0689,-0.0772,-0.0705,0.8951,0.0
142801,0.0,1.2594,0.0,False,False,3.3964,-0.5893,1.7518,0.3854,-3.1314,2.6475,0.0021,0.0007,0.0009,-0.022,0.0208,-0.0494,0.306,-0.4201,0.592,0.8261,0.802,-0.26,0.01,-0.0339,0.0291,-0.0354,0.036,-0.0593,0.0775,0.3145,0.0
142901,0.0,1.2736,0.0,False,False,3.3575,-0.5826,1.7301,0.4003,-3.1314,2.6517,-0.0062,-0.0032,0.0104,-0.0077,0.0007,0.0086,0.2803,-0.4309,0.6076,0.8232,0.802,-0.26,0.01,0.0248,0.0223,-0.0182,0.0607,0.011,0.0541,-1.2439,0.0
143001,0.0,1.2805,0.0,False,False,3.3293,-0.5766,1.7111,0.4133,-3.1314,2.6517,0.0007,-0.0002,0.0008,-0.0011,-0.0004,-0.0043,0.2801,-0.4352,0.6186,0.8231,0.802,-0.26,0.01,-0.0067,-0.0204,-0.0173,0.0424,-0.0303,0.0738,-1.3522,0.0
143101,0.0,1.2937,0.0,False,False,3.2745,-0.5662,1.6787,0.4353,-3.1314,2.6517,-0.0003,-0.0008,0.0025,-0.0029,0.0006,-0.0069,0.2802,-0.4427,0.6413,0.8222,0.802,-0.26,0.01,-0.0049,0.0055,-0.038,0.052,0.0271,0.0736,-2.31,0.0
143201,0.0,1.1636,-0.1837,False,False,2.5392,-1.5885,2.5673,-2.4161,-2.1174,0.4626,0.4536,0.1641,0.0212,1.0015,-0.1472,2.1895,-0.0004,-0.2586,0.7684,0.8033,0.802,-0.26,0.01,0.0767,0.0121,-0.016,0.0765,-0.0761,0.0199,2.6827,0.0
143301,0.0,1.2752,-0.0008,False,False,3.2031,-0.587,1.7444,0.3905,-3.1314,2.6517,0.0053,-0.0013,0.0043,-0.0024,-0.0015,-0.0068,0.2801,-0.4136,0.6738,0.8226,0.802,-0.26,0.01,-0.0467,0.0293,-0.0387,0.0579,0.0315,0.0661,-1.888,0.0
143401,0.0,1.2832,0.0,False,False,3.1657,-0.5752,1.7067,0.4163,-3.1314,2.6504,-0.0005,-0.0001,0.0003,-0.0012,0.0024,-0.0085,0.2885,-0.4175,0.688,0.8242,0.802,-0.26,0.01,0.0085,0.0213,0.003,0.0268,0.0229,0.0364,-0.3182,0.0
143501,0.0,1.3013,-0.0002,False,False,3.1482,-0.538,1.595,0.4909,-3.1314,2.6372,0.0049,0.0015,-0.0039,0.0022,0.0014,-0.0207,0.3639,-0.4361,0.6885,0.8312,0.802,-0.26,0.01,-0.0263,-0.0305,-0.0113,0.038,0.0591,0.0562,-2.142,0.0
143601,0.0,1.3386,-0.0008,False,False,3.2758,-0.4881,1.4561,0.5799,-3.1314,2.6369,-0.0001,-0.0015,0.0048,-0.0136,0.0105,-0.0277,0.3654,-0.4923,0.6291,0.8301,0.802,-0.26,0.01,-0.0296,0.004,-0.0159,0.0657,0.0373,0.0495,0.0272,0.0
143701,0.0,1.1584,-0.1209,False,False,2.5005,-1.5837,2.4502,-2.2484,-2.0597,0.5299,0.4231,0.0838,-0.1392,1.0206,-0.4081,0.3944,0.0025,-0.2571,0.7588,0.8097,0.802,-0.26,0.01,0.0711,0.0048,-0.0571,-0.0164,-0.0776,0.0141,-2.3489,0.0
143801,0.0,1.2924,0.0,False,False,3.4211,-0.5072,1.5081,0.5472,-3.1299,2.5379,0.1645,0.0345,-0.095,0.0605,0.0003,-0.002,0.6898,-0.4617,0.5551,0.8465,0.802,-0.26,0.01,0.0481,-0.0016,-0.0042,0.0612,0.0579,0.067,-2.0169,0.0
143901,0.0,1.3178,0.0,False,False,3.5842,-0.4325,1.311,0.6696,-3.1297,2.5326,-0.0011,0.0008,-0.002,0.0027,-0.0025,-0.0015,0.6999,-0.5039,0.4572,0.8471,0.802,-0.26,0.01,0.0182,0.051,0.018,-0.0563,0.0405,0.0491,-0.4291,0.0
144001,0.0,1.3231,0.0,False,False,3.679,-0.3945,1.2159,0.7265,-3.1315,2.5643,-0.0034,0.0,-0.0,-0.0009,-0.0064,-0.0023,0.6375,-0.5156,0.3983,0.8434,0.802,-0.26,0.01,0.0231,0.0459,0.0255,-0.0013,0.0513,0.0508,0.0133,0.0
144101,0.0,1.3232,0.0,False,False,3.734,-0.3639,1.1411,0.7709,-3.1297,2.5328,0.0002,-0.0002,0.0003,-0.0002,0.002,-0.0273,0.6995,-0.5181,0.3604,0.8471,0.802,-0.26,0.01,0.0289,0.065,0.0531,0.0487,0.0574,0.0506,2.9328,0.0
144201,0.0,1.1574,-0.155,False,False,2.5242,-1.5729,2.4858,-2.2478,-2.0768,0.6139,0.3455,0.019,-0.0795,0.781,0.0534,1.956,-0.0003,-0.2525,0.7668,0.8044,0.802,-0.26,0.01,0.0771,-0.0172,-0.0771,-0.0673,-0.0766,0.0165,2.1414,0.0
144301,0.0,1.1564,-0.0875,False,False,2.2725,-1.6727,2.4944,-2.3797,-1.8623,0.1786,0.475,-0.2609,0.1362,0.1453,-0.3331,0.4509,0.0356,-0.2516,0.7663,0.8121,0.802,-0.26,0.01,0.0749,-0.0327,0.0527,0.0713,-0.0779,-0.0636,0.6284,0.0
144401,0.0,1.1601,-0.0892,False,False,2.3234,-1.6346,2.4848,-2.4561,-1.8906,0.175,0.4901,-0.2424,0.1895,-0.2755,-0.2429,-0.2121,0.209,-0.26,0.7564,0.8128,0.802,-0.26,0.01,0.0773,-0.0377,0.0517,-0.0314,-0.0691,-0.0351,-1.82,0.0
144501,0.0,0.0402,14.9779,True,False,5.4571,0.249,-0.2018,1.521,0.0122,2.6909,0.337,0.0003,-0.0004,0.0009,0.0003,-0.0345,0.1961,0.7841,0.3154,0.8155,0.802,-0.26,0.01,0.0741,-0.0771,-0.0739,0.0558,0.0719,0.0792,0.7203,0.0
144601,0.0,1.235,-0.0004,False,False,3.3364,-0.5913,1.7586,0.3806,-3.1317,2.5866,-0.003,-0.0006,0.0016,-0.0013,-0.0008,-0.0008,0.5741,-0.3896,0.6107,0.8407,0.802,-0.26,0.01,0.0362,0.0275,-0.012,-0.0136,-0.0044,0.065,0.7764,0.0
144701,0.0,1.2357,-0.0007,False,False,3.3452,-0.5871,1.7445,0.3904,-3.1313,2.5626,-0.0004,0.0002,0.0004,-0.007,0.003,0.0023,0.6407,-0.3916,0.6055,0.8436,0.802,-0.26,0.01,-0.0029,0.0015,-0.0393,0.0339,0.064,0.0507,1.9646,0.0
144801,0.0,1.2374,-0.001,False,False,3.3443,-0.5869,1.744,0.3906,-3.1319,2.5766,-0.0091,-0.0007,0.0025,-0.0032,-0.0009,-0.0043,0.6069,-0.3931,0.6063,0.8419,0.802,-0.26,0.01,0.0519,0.0337,-0.0036,0.0183,0.0461,0.0726,0.9281,0.0
144901,0.0,1.2365,0.0,False,False,3.353,-0.5834,1.7327,0.3988,-3.1297,2.5336,0.0012,-0.0017,0.0057,-0.0049,-0.0079,0.0251,0.698,-0.3935,0.6006,0.847,0.802,-0.26,0.01,-0.0147,0.0198,-0.0564,0.0142,0.0245,-0.0227,0.2141,0.0
145001,0.0,1.241,0.0,False,False,3.3753,-0.577,1.7124,0.4127,-3.1297,2.5327,-0.0039,-0.0024,0.0076,-0.0046,-0.0023,0.0116,0.6998,-0.4008,0.5903,0.8471,0.802,-0.26,0.01,0.0204,0.0399,-0.0261,0.0227,0.0559,0.0624,2.3561,0.0
145101,0.0,1.1714,-0.0021,False,False,3.3587,-0.647,1.9671,0.2277,-3.1318,2.5843,0.0046,0.0001,0.002,-0.0111,0.0085,-0.0154,0.5817,-0.3217,0.6171,0.841,0.802,-0.26,0.01,-0.0507,0.0312,-0.0471,-0.0777,0.0116,0.0642,1.4666,0.0
145201,0.0,1.1718,-0.0013,False,False,3.3581,-0.6469,1.9666,0.228,-3.1317,2.5858,0.0052,-0.0006,0.0043,-0.0089,0.0018,0.0053,0.5765,-0.322,0.6173,0.8408,0.802,-0.26,0.01,-0.0388,0.043,-0.0502,-0.0014,0.0398,0.0674,1.1996,0.0
145301,0.0,1.1723,0.0,False,False,3.3571,-0.6465,1.9652,0.2292,-3.1317,2.5855,0.0016,-0.0009,0.005,-0.0069,-0.0052,0.0183,0.5778,-0.3224,0.6175,0.8408,0.802,-0.26,0.01,-0.0081,0.0332,-0.042,-0.0482,-0.0004,0.0597,1.4884,0.0
145401,0.0,1.1738,0.0,False,False,3.353,-0.646,1.9628,0.231,-3.1317,2.5901,0.0009,0.0004,-0.0016,-0.0013,0.0036,-0.0233,0.5618,-0.3237,0.6188,0.8402,0.802,-0.26,0.01,-0.0515,0.0615,-0.032,-0.0547,-0.011,0.0412,0.6973,0.0
145501,0.0,1.1746,0.0,False,False,3.3505,-0.6456,1.9611,0.2323,-3.1317,2.5913,0.0038,-0.0002,0.0019,-0.0052,0.0044,-0.0074,0.5578,-0.3243,0.6195,0.84,0.802,-0.26,0.01,-0.0388,0.0259,-0.0333,-0.0613,0.0217,0.0679,1.5536,0.0
145601,0.0,1.2301,0.0,False,False,3.4664,-0.5874,1.7455,0.3896,-3.1318,2.5818,-0.0001,-0.0006,0.0023,-0.0033,-0.0038,0.0113,0.59,-0.3974,0.5583,0.8413,0.802,-0.26,0.01,0.0307,0.0526,-0.0126,0.0112,-0.0145,0.0719,1.7726,0.0
145701,0.0,1.2299,0.0,False,False,3.4673,-0.587,1.7442,0.3905,-3.1319,2.5782,-0.0001,0.0,-0.0004,0.0018,-0.0037,-0.0004,0.6018,-0.3973,0.5577,0.8417,0.802,-0.26,0.01,0.0214,0.0596,-0.0207,-0.0045,-0.0255,-0.0135,0.0221,0.0
145801,0.0,1.2286,0.0,False,False,3.4788,-0.583,1.7313,0.3998,-3.1298,2.5346,-0.003,-0.0005,0.0009,0.0022,-0.0067,0.0044,0.6961,-0.3972,0.5507,0.8469,0.802,-0.26,0.01,0.0403,0.0346,0.0058,-0.0354,0.0373,0.0766,0.7865,0.0
145901,0.0,1.23,0.0,False,False,3.4852,-0.5805,1.7235,0.4051,-3.1297,2.5329,0.0015,-0.0,0.0003,-0.0008,-0.0029,0.0047,0.6994,-0.3995,0.5473,0.8471,0.802,-0.26,0.01,0.0112,0.0336,-0.0233,-0.0392,0.0152,0.0733,2.1575,0.0
146001,0.0,1.2311,0.0,False,False,3.4905,-0.5787,1.7177,0.4091,-3.1297,2.5326,-0.0009,-0.001,0.003,-0.0007,-0.0041,0.0012,0.6999,-0.4011,0.5445,0.8471,0.802,-0.26,0.01,0.0079,0.055,0.0043,0.0038,0.0296,0.0571,2.6736,0.0
146101,0.0,1.2192,-0.0047,False,False,3.39,-0.6029,1.7975,0.3532,-3.132,2.5725,0.0003,0.0026,-0.0011,0.0052,-0.0205,0.0653,0.6197,-0.3779,0.5924,0.8425,0.802,-0.26,0.01,0.0219,0.0414,0.0099,0.0368,0.0303,0.0021,2.4223,0.0
146201,0.0,1.2192,-0.0015,False,False,3.39,-0.6029,1.7974,0.3533,-3.132,2.5728,0.0059,-0.0004,0.0017,-0.0033,0.0025,-0.0161,0.6188,-0.378,0.5924,0.8424,0.802,-0.26,0.01,-0.0409,0.0472,-0.0136,0.0267,0.0163,0.0782,-1.653,0.0
146301,0.0,1.2189,0.0,False,False,3.3974,-0.601,1.791,0.358,-3.1307,2.5525,0.0007,-0.0006,0.002,-0.0006,-0.0025,0.0033,0.6612,-0.3785,0.5885,0.8448,0.802,-0.26,0.01,-0.0179,0.026,-0.0027,0.0369,-0.0024,0.0443,2.9279,0.0
146401,0.0,1.2216,0.0,False,False,3.3954,-0.5999,1.7872,0.3606,-3.1318,2.57,0.0036,0.0003,-0.0013,0.0013,0.0019,-0.0246,0.6256,-0.3811,0.5895,0.8428,0.802,-0.26,0.01,0.007,0.0201,-0.002,-0.0361,-0.0178,-0.025,-0.6702,0.0
146501,0.0,1.2217,0.0,False,False,3.3993,-0.5989,1.7837,0.3631,-3.1313,2.5625,-0.001,-0.0018,0.0055,-0.0009,-0.0103,0.0393,0.6409,-0.3817,0.5875,0.8437,0.802,-0.26,0.01,-0.0081,0.0599,-0.0243,0.0388,0.0592,0.0679,0.5738,0.0
146601,0.0,1.1633,-0.1089,False,False,2.1853,-1.6033,2.3591,-2.1774,-1.7562,0.1685,0.381,-0.1962,0.1971,-0.2028,-0.1862,1.1112,-0.0003,-0.2566,0.7718,0.8117,0.802,-0.26,0.01,0.0765,-0.0578,-0.0012,0.0004,-0.0347,0.0397,1.0687,0.0
146701,0.0,1.2149,-0.001,False,False,3.4335,-0.6014,1.7922,0.3573,-3.1297,2.5328,-0.0026,-0.0011,0.0034,-0.0009,-0.0032,-0.0074,0.6997,-0.3778,0.5743,0.8471,0.802,-0.26,0.01,0.0365,0.0199,-0.0447,-0.0472,0.0559,0.0098,2.3973,0.0
146801,0.0,1.2157,0.0,False,False,3.4372,-0.6003,1.7886,0.3598,-3.1297,2.5331,-0.0058,0.0012,0.0023,0.0076,-0.0129,0.0178,0.699,-0.379,0.5726,0.8471,0.802,-0.26,0.01,0.0406,0.0503,-0.004,0.018,-0.0043,0.0338,-1.2288,0.0
146901,0.0,1.2159,0.0,False,False,3.4377,-0.6001,1.7877,0.3605,-3.1297,2.5328,0.001,-0.0015,0.0047,-0.002,-0.0025,0.0034,0.6997,-0.3793,0.5723,0.8471,0.802,-0.26,0.01,-0.0125,-0.0119,-0.0097,0.0311,0.0186,-0.0166,-0.0596,0.0
147001,0.0,1.216,0.0,False,False,3.4378,-0.6,1.7874,0.3607,-3.1297,2.5328,-0.0031,-0.0027,0.0092,-0.0071,-0.0012,-0.005,0.6995,-0.3794,0.5723,0.8471,0.802,-0.26,0.01,0.0075,0.0648,-0.0291,0.0139,0.0321,0.0647,2.5803,0.0
147101,0.0,1.1683,-0.0655,False,False,2.2116,-1.6229,2.3481,-2.1475,-1.7685,0.2555,0.3132,-0.2113,0.2602,-0.1884,-0.3054,-0.0958,-0.0003,-0.261,0.774,0.8142,0.802,-0.26,0.01,0.072,-0.0627,0.0361,0.0247,-0.0753,-0.0623,2.4934,0.0
147201,0.0,1.1727,-0.1048,False,False,2.1903,-1.5953,2.3522,-2.1719,-1.7714,0.1668,0.3979,-0.2845,0.3872,-0.4734,-0.1018,-0.52,-0.0005,-0.2609,0.7852,0.8118,0.802,-0.26,0.01,0.0774,-0.0649,0.0413,0.0387,-0.0714,0.0366,0.4012,0.0
147301,0.0,1.2749,0.0,False,False,3.2609,-0.5846,1.7365,0.3959,-3.1314,2.6516,-0.0044,0.0005,-0.0007,-0.0032,0.0015,0.0026,0.2806,-0.4208,0.6491,0.8234,0.802,-0.26,0.01,0.022,-0.0141,-0.0514,0.0157,-0.0205,0.0634,-0.6279,0.0
147401,0.0,1.2926,0.0,False,False,3.2134,-0.5666,1.6801,0.4344,-3.1314,2.6516,-0.0027,-0.0043,0.0134,-0.0104,0.0017,0.0073,0.2805,-0.4338,0.6677,0.8233,0.802,-0.26,0.01,-0.0019,0.0029,-0.059,0.0317,0.019,0.059,0.6967,0.0
147501,0.0,1.3173,0.0,False,False,3.204,-0.5314,1.576,0.5033,-3.1314,2.6476,0.0001,0.001,0.0022,0.0024,-0.0092,0.0329,0.3052,-0.4592,0.6684,0.8258,0.802,-0.26,0.01,-0.0069,-0.0361,-0.026,0.031,0.0334,-0.0522,-2.1356,0.0
147601,0.0,1.3394,0.0,False,False,3.1673,-0.4583,1.3773,0.6291,-3.1297,2.5326,0.0015,0.0002,-0.0006,-0.0006,-0.0001,-0.0351,0.6999,-0.4812,0.6697,0.8471,0.802,-0.26,0.01,-0.0159,-0.0032,-0.0251,0.0142,-0.0381,-0.0392,-3.0715,0.0
147701,0.0,1.1712,-0.1677,False,False,2.2118,-1.6563,2.375,-2.1323,-1.7599,0.2596,0.4712,-0.3195,0.3075,1.0591,0.1546,1.2015,0.0042,-0.2615,0.7802,0.8099,0.802,-0.26,0.01,0.0721,-0.0701,0.0423,0.0221,-0.0536,0.0087,-0.266,0.0
147801,0.0,1.1505,-0.1182,False,False,2.1996,-1.5924,2.3134,-2.0129,-1.7725,0.2513,0.4449,-0.2622,0.0256,0.7587,-0.1883,0.7279,0.0003,-0.2465,0.7629,0.8141,0.802,-0.26,0.01,0.0751,-0.0551,-0.016,0.0749,-0.076,0.0536,0.5481,0.0
147901,0.0,1.1565,-0.1095,False,False,2.3481,-1.6615,2.4748,-2.3126,-1.9013,0.3585,0.47,-0.2885,0.0822,0.6936,-0.1968,0.5448,0.0034,-0.256,0.7565,0.8119,0.802,-0.26,0.01,0.0796,-0.0499,0.0158,0.0149,-0.0462,0.0286,2.3329,0.0
148001,0.0,1.1395,-0.1191,False,False,2.5461,-1.6616,2.5341,-2.2295,-1.9993,0.6557,0.641,0.1459,0.0429,0.2366,0.035,1.3958,-0.0062,-0.2469,0.7351,0.8044,0.802,-0.26,0.01,0.0793,0.0022,-0.0672,0.0274,-0.0769,0.0564,0.3312,0.0
148101,0.0,1.1534,-0.2507,False,False,2.4308,-1.6176,2.4594,-2.2592,-1.9803,0.4833,0.4222,0.1414,-0.2646,1.1263,-0.3221,2.7543,0.0021,-0.2544,0.7525,0.8108,0.802,-0.26,0.01,0.0757,0.033,-0.0556,-0.0707,-0.0673,0.0696,-2.2001,0.0
148201,0.0,1.2741,0.0,False,False,3.4257,-0.5777,1.7147,0.4109,-3.1314,2.6517,0.0004,-0.0053,0.0185,-0.024,0.0073,-0.0147,0.2802,-0.439,0.5767,0.823,0.802,-0.26,0.01,0.0083,0.0245,-0.0601,0.0176,-0.0408,0.0531,-0.8722,0.0
148301,0.0,1.3046,0.0,False,False,3.3303,-0.5492,1.6277,0.4694,-3.1314,2.6517,0.0017,-0.0005,0.0023,-0.0082,-0.0004,0.0043,0.2803,-0.4614,0.6134,0.8228,0.802,-0.26,0.01,-0.0311,0.0064,-0.0196,0.0683,0.0128,0.0264,0.3972,0.0
148401,0.0,1.3845,0.0,False,False,3.1588,-0.451,1.3585,0.6404,-3.1314,2.6517,0.0035,-0.0099,0.0258,-0.0194,0.0043,-0.0167,0.2802,-0.5229,0.6907,0.8213,0.802,-0.26,0.01,-0.0504,0.0627,-0.0084,0.0732,-0.0159,-0.0409,-1.0905,0.0
148501,0.0,1.4177,0.0,False,False,3.1527,-0.3643,1.1421,0.7701,-3.1314,2.6413,-0.0531,0.1183,-0.2863,0.1677,0.0005,-0.0013,0.3418,-0.5584,0.687,0.8296,0.802,-0.26,0.01,-0.0373,0.0543,-0.0513,0.0789,0.0654,-0.0076,-2.3358,0.0
148601,0.0,1.1428,-0.1215,False,False,2.4696,-1.6622,2.4642,-2.1534,-1.9446,0.5288,0.4272,-0.1696,0.0252,0.6548,-0.3456,-0.9766,0.0,-0.2508,0.7341,0.8082,0.802,-0.26,0.01,0.0793,-0.0546,-0.0597,-0.0221,-0.0165,-0.0221,-1.2233,0.0
148701,0.0,1.1406,-0.0941,False,False,2.3066,-1.5314,2.3897,-2.3347,-1.8971,0.1598,0.4368,-0.2011,0.0648,0.0689,-0.2761,-0.8309,0.5811,-0.2454,0.7412,0.8094,0.802,-0.26,0.01,0.0758,-0.0357,0.0257,0.0776,-0.0775,0.064,1.6919,0.0
148801,0.0,1.281,0.0,False,False,3.1947,-0.5815,1.7268,0.4026,-3.1314,2.652,0.0041,-0.0005,0.0014,-0.0019,0.0014,-0.0016,0.2796,-0.4187,0.677,0.8223,0.802,-0.26,0.01,-0.0376,0.019,-0.0615,-0.0135,0.0183,0.0113,-2.8649,0.0
148901,0.0,1.3615,0.0,False,False,3.1446,-0.4402,1.3305,0.6575,-3.1314,2.6124,0.0027,0.001,-0.0023,-0.0029,0.0053,-0.0351,0.4778,-0.5001,0.6852,0.8368,0.802,-0.26,0.01,-0.0373,0.0491,-0.0108,0.0781,0.0681,0.0011,-2.0388,0.0
149001,0.0,1.4333,0.0,False,False,3.1577,-0.3552,1.1199,0.7831,-3.1314,2.6497,0.0102,0.0006,-0.0005,-0.0107,0.008,-0.0358,0.2925,-0.5743,0.6887,0.8242,0.802,-0.26,0.01,-0.0287,-0.0181,-0.0021,0.0574,0.0718,-0.0251,-3.0741,0.0
149101,0.0,1.4612,0.0,False,False,3.1431,-0.3047,1.0,0.8532,-3.1312,2.6681,-0.0073,-0.0217,0.0457,0.0338,-0.1207,0.1746,0.2504,-0.6009,0.6972,0.8224,0.802,-0.26,0.01,-0.0289,-0.0194,0.031,0.0588,0.0633,-0.0014,-2.3,0.0
149201,0.0,1.1669,-0.2403,False,False,2.2924,-1.6554,2.4738,-2.3627,-1.8546,0.1778,0.531,-0.3813,0.2002,0.1486,-0.4286,3.1668,0.0319,-0.2627,0.7671,0.8119,0.802,-0.26,0.01,0.0761,-0.0535,0.0623,-0.0357,-0.0788,-0.0696,1.8093,0.0
149301,0.0,1.2459,0.0,False,False,3.3797,-0.6114,1.8271,0.3322,-3.1314,2.6515,0.0021,-0.001,0.0034,-0.0022,-0.0004,0.0011,0.2811,-0.4029,0.6055,0.8225,0.802,-0.26,0.01,-0.0603,0.025,-0.04,0.0295,-0.0547,0.0578,0.4882,0.0
149401,0.0,1.27,0.0,False,False,3.2874,-0.5904,1.7556,0.3827,-3.1314,2.6517,0.0025,-0.0035,0.0116,-0.0091,-0.0003,-0.0022,0.2802,-0.4186,0.639,0.8227,0.802,-0.26,0.01,-0.025,0.0154,-0.0523,0.0722,-0.0105,0.039,-1.0826,0.0
149501,0.0,1.3003,0.0,False,False,3.1869,-0.5607,1.6619,0.4466,-3.1314,2.6517,-0.042,0.0411,-0.1244,0.0833,0.0,-0.0001,0.2801,-0.4382,0.6795,0.8222,0.802,-0.26,0.01,-0.0623,0.0625,-0.0608,0.0734,0.0209,0.0338,-2.7921,0.0
149601,0.0,1.317,0.0,False,False,3.1504,-0.4987,1.4849,0.5617,-3.1317,2.5875,-0.1601,0.1002,-0.2725,0.1723,-0.0003,0.0008,0.5711,-0.4546,0.681,0.8405,0.802,-0.26,0.01,-0.0598,0.0456,-0.0655,0.0483,-0.0227,-0.0216,-0.1375,0.0
149701,0.0,1.1523,-0.0778,False,False,2.3187,-1.7143,2.4949,-2.2394,-1.8373,0.3626,0.3924,-0.2421,0.0543,0.1823,0.229,0.6803,-0.0019,-0.253,0.7529,0.8082,0.802,-0.26,0.01,0.0758,-0.0659,-0.06,-0.0244,-0.0768,-0.0016,1.4822,0.0
149801,0.0,1.1801,-0.1324,False,False,2.0651,-1.5773,2.1703,-1.8601,-1.6327,0.0541,0.372,-0.1537,1.0633,2.3035,-0.1904,0.4387,0.1697,-0.263,0.7954,0.8439,0.802,-0.26,0.01,0.0698,-0.0732,0.0736,-0.0775,-0.0572,0.0793,2.3577,0.0
149901,0.0,1.1759,0.0,False,False,3.4395,-0.6438,1.9532,0.2384,-3.1315,2.6035,-0.003,-0.0007,0.0037,-0.0043,-0.0029,0.0077,0.513,-0.334,0.5897,0.8384,0.802,-0.26,0.01,0.0046,-0.0085,-0.0372,-0.0304,-0.0108,0.0386,-0.6196,0.0
150001,0.0,1.1798,0.0,False,False,3.4323,-0.643,1.9496,0.2412,-3.1314,2.6173,0.0001,-0.0,0.0003,-0.0017,0.0006,-0.006,0.4576,-0.3377,0.5917,0.8363,0.802,-0.26,0.01,-0.0492,0.039,-0.0309,0.0421,-0.0324,-0.0,0.1194,0.0
150101,0.0,1.1838,0.0,False,False,3.4233,-0.6421,1.946,0.2441,-3.1314,2.6289,0.0016,-0.0003,0.0012,-0.0024,0.0014,-0.0147,0.405,-0.3411,0.5943,0.8345,0.802,-0.26,0.01,-0.0178,0.0532,-0.0134,0.0127,-0.0776,0.0457,-0.5249,0.0
150201,0.0,1.1846,0.0,False,False,3.4217,-0.642,1.9453,0.2446,-3.1314,2.6314,0.0024,0.0008,0.0011,-0.0205,0.0025,0.0018,0.393,-0.3419,0.5947,0.8341,0.802,-0.26,0.01,-0.0386,0.0435,-0.0217,0.0595,-0.0721,0.0653,-0.9424,0.0
150301,0.0,1.1831,-0.1337,False,False,2.0637,-1.5661,2.1633,-1.854,-1.6373,0.0526,0.3285,-0.0424,1.0244,2.2556,-0.2277,0.4107,0.0701,-0.2638,0.8009,0.8418,0.802,-0.26,0.01,0.0643,-0.0537,0.0633,-0.0681,-0.0741,0.0767,0.7188,0.0
150401,0.0,0.1658,0.0118,False,False,5.234,0.249,-0.2018,1.521,0.0122,2.6909,0.3627,0.0,0.0,-0.0,-0.0,0.0,0.3449,0.7086,0.1547,0.8116,0.802,-0.26,0.01,0.079,-0.074,-0.0626,0.0775,0.0792,0.0785,2.2932,0.0
150501,0.0,1.2207,-0.0009,False,False,3.4426,-0.6062,1.8089,0.3452,-3.1314,2.6198,-0.0047,-0.0008,0.0025,-0.0013,-0.0005,0.0073,0.4466,-0.3843,0.5741,0.8359,0.802,-0.26,0.01,0.0395,0.0033,0.0035,0.0436,-0.0229,0.0413,0.8938,0.0
150601,0.0,1.2386,-0.0034,False,False,3.4286,-0.6039,1.7996,0.3589,-3.1408,2.7207,0.0029,-0.0004,0.0057,-0.0302,0.0048,-0.0235,0.2579,-0.4021,0.5783,0.8245,0.802,-0.26,0.01,-0.0353,0.0576,-0.0431,0.0214,-0.0307,0.0702,-2.3934,0.0
150701,0.0,1.2478,0.0,False,False,3.4321,-0.6005,1.7891,0.3592,-3.1314,2.6451,0.0028,0.0009,-0.0016,-0.0085,0.0071,-0.0294,0.3202,-0.4108,0.5813,0.8257,0.802,-0.26,0.01,-0.0276,0.0326,0.0061,0.0019,0.0647,0.0629,-0.2236,0.0
150801,0.0,1.2473,0.0,False,False,3.4228,-0.599,1.7841,0.3628,-3.1314,2.6466,0.0011,0.0,0.0003,-0.003,0.0034,-0.0101,0.3119,-0.4096,0.5837,0.8268,0.802,-0.26,0.01,-0.0248,0.0456,0.0017,0.0088,-0.0633,0.0453,-0.0688,0.0
150901,0.0,1.2419,0.0,False,False,3.4231,-0.5965,1.7757,0.3687,-3.1314,2.6444,0.0029,0.0001,0.0002,-0.003,-0.0008,-0.0067,0.3431,-0.4047,0.581,0.8303,0.802,-0.26,0.01,-0.0208,0.0428,-0.0211,-0.0194,-0.0499,0.0711,2.4159,0.0
151001,0.0,1.2018,-0.0059,False,False,3.5656,-0.6127,1.8298,0.3394,-3.1421,2.6214,-0.0014,0.0002,-0.0053,0.029,-0.0355,0.0166,0.5352,-0.3745,0.5305,0.8365,0.802,-0.26,0.01,-0.0041,0.0634,-0.0662,-0.015,-0.0247,0.0781,1.2508,0.0
151101,0.0,1.2065,0.0,False,False,3.6303,-0.5945,1.7691,0.3732,-3.1319,2.5734,-0.003,0.0007,-0.0013,-0.0004,0.0008,-0.0199,0.6167,-0.3855,0.4969,0.8423,0.802,-0.26,0.01,0.0341,0.0044,0.0214,-0.0553,-0.012,0.0707,-1.5523,0.0
151201,0.0,1.2076,0.0,False,False,3.6523,-0.5906,1.7563,0.3822,-3.1319,2.5778,-0.0009,0.0004,-0.0014,0.0022,-0.0015,-0.0018,0.603,-0.3884,0.4864,0.8418,0.802,-0.26,0.01,0.0517,0.0669,0.0089,-0.0164,-0.0487,0.0186,1.732,0.0
151301,0.0,1.2105,0.0,False,False,3.6849,-0.5831,1.7319,0.399,-3.1317,2.5849,-0.0015,0.0001,-0.0004,-0.0002,0.0006,-0.0027,0.5794,-0.394,0.4696,0.8409,0.802,-0.26,0.01,0.0274,0.0272,0.0159,-0.0393,-0.0278,0.0632,-0.4562,0.0
151401,0.0,1.2368,0.0,False,False,3.6766,-0.587,1.7443,0.3918,-3.1315,2.6776,0.0021,0.0007,-0.0006,-0.0101,0.0191,-0.0621,0.253,-0.4211,0.4706,0.8237,0.802,-0.26,0.01,-0.0342,0.0343,0.0061,0.0568,-0.0136,0.073,-2.3923,0.0
151501,0.0,1.148,0.0,False,False,3.8644,-0.6212,1.8624,0.3068,-3.1298,2.5352,-0.0017,-0.0009,0.0033,-0.0029,-0.0015,0.0127,0.6948,-0.3361,0.4298,0.8468,0.802,-0.26,0.01,0.0075,0.0757,-0.0136,-0.006,-0.0266,0.0573,1.703,0.0
151601,0.0,1.1482,0.0,False,False,3.8666,-0.6204,1.8596,0.3089,-3.1296,2.5324,0.0013,0.006,-0.0049,-0.0004,0.0049,-0.0354,0.6997,-0.3364,0.4284,0.8471,0.802,-0.26,0.01,-0.005,0.0697,0.0262,-0.0335,-0.049,0.0772,0.5844,0.0
151701,0.0,1.1483,0.0,False,False,3.8676,-0.62,1.8583,0.3098,-3.1297,2.5329,-0.0027,-0.0006,0.0015,0.0011,-0.0065,0.0157,0.6995,-0.3366,0.4278,0.8471,0.802,-0.26,0.01,0.0301,0.0518,-0.0133,0.0293,0.0467,0.0746,1.6081,0.0
151801,0.0,1.1483,0.0,False,False,3.8677,-0.62,1.8583,0.3099,-3.1297,2.5329,0.0012,-0.0003,0.0007,0.0002,-0.0012,-0.0139,0.6993,-0.3366,0.4277,0.8471,0.802,-0.26,0.01,-0.0009,0.0486,-0.0333,-0.0446,-0.0026,0.06,0.4629,0.0
151901,0.0,1.1483,0.0,False,False,3.8678,-0.62,1.8582,0.3099,-3.1297,2.5331,-0.0036,-0.0018,0.0059,-0.0019,-0.0058,0.0128,0.6989,-0.3366,0.4277,0.8471,0.802,-0.26,0.01,0.0205,0.067,-0.027,-0.0076,0.0186,0.0725,1.7706,0.0
152001,0.0,1.2084,0.0,False,False,3.3638,-0.6151,1.8403,0.3226,-3.1319,2.5761,0.0024,-0.0005,0.0026,-0.0078,0.0077,-0.0441,0.6083,-0.3633,0.6056,0.842,0.802,-0.26,0.01,-0.0421,0.0215,-0.0142,0.056,-0.05,-0.0318,-1.7765,0.0
152101,0.0,1.2088,0.0,False,False,3.3741,-0.6112,1.8263,0.3329,-3.13,2.5384,0.088,0.0481,-0.1687,0.1132,0.0053,-0.0154,0.6892,-0.3651,0.5995,0.8465,0.802,-0.26,0.01,0.0247,-0.0202,-0.0573,0.054,-0.0354,0.0479,2.8085,0.0
152201,0.0,1.2125,0.0,False,False,3.3883,-0.6065,1.8098,0.3448,-3.1297,2.5328,0.0006,0.0003,-0.0023,0.0091,-0.0184,0.0464,0.6997,-0.3707,0.5928,0.8471,0.802,-0.26,0.01,-0.0304,0.0635,-0.0057,0.0092,-0.0174,0.0052,1.6809,0.0
152301,0.0,1.2228,0.0,False,False,3.4114,-0.6001,1.7877,0.3602,-3.1317,2.5865,-0.0024,-0.0012,0.004,-0.0028,-0.0001,0.0043,0.5744,-0.3839,0.5838,0.8407,0.802,-0.26,0.01,0.0542,0.0384,-0.0194,0.0685,0.044,0.0131,-2.2551,0.0
152401,0.0,1.248,0.0,False,False,3.6367,-0.5343,1.5843,0.4981,-3.1297,2.5327,-0.0039,0.0001,-0.0002,0.0008,-0.0005,-0.022,0.6998,-0.4321,0.4667,0.8471,0.802,-0.26,0.01,0.0191,0.0298,0.0007,-0.0569,-0.0334,-0.0169,-0.2721,0.0
152501,0.0,1.2041,-0.0035,False,False,3.3937,-0.6144,1.8376,0.3249,-3.1297,2.5326,-0.0012,-0.0008,0.0041,-0.0098,-0.0169,0.0379,0.7,-0.362,0.5931,0.8471,0.802,-0.26,0.01,-0.0114,0.055,-0.0557,0.0439,-0.053,0.0464,1.818,0.0
152601,0.0,1.2134,0.0,False,False,3.4276,-0.6058,1.8074,0.3463,-3.1314,2.5641,-0.0055,-0.0013,0.0044,-0.0031,0.0001,-0.0051,0.6379,-0.3753,0.5789,0.8435,0.802,-0.26,0.01,0.0264,0.0037,-0.0255,-0.0188,0.0326,-0.0003,0.114,0.0
152701,0.0,1.23,0.0,False,False,3.5043,-0.5784,1.7169,0.4096,-3.1297,2.5329,-0.01,-0.0001,0.0002,-0.0003,-0.0004,-0.0296,0.7,-0.4012,0.5389,0.8471,0.802,-0.26,0.01,0.0503,0.0342,0.0118,-0.0119,-0.0297,0.0633,0.858,0.0
152801,0.0,1.2696,0.0,False,False,3.5386,-0.5748,1.7054,0.4175,-3.1293,2.6767,-0.0045,-0.0002,0.0017,-0.0073,-0.004,0.0026,0.2238,-0.4455,0.5238,0.8214,0.802,-0.26,0.01,0.0145,0.0321,0.0032,0.0749,-0.0441,0.0577,-2.1189,0.0
152901,0.0,1.2675,0.0,False,False,3.5592,-0.5718,1.6962,0.4236,-3.1306,2.6612,0.0016,-0.0001,0.0019,-0.0029,0.0019,-0.0212,0.2597,-0.4449,0.515,0.8226,0.802,-0.26,0.01,-0.0076,-0.0101,0.0082,0.0521,-0.0075,0.0699,-2.4773,0.0
153001,0.0,1.1951,-0.0117,False,False,3.3533,-0.6252,1.8777,0.2955,-3.1305,2.5481,0.0299,0.014,-0.0532,0.0387,0.0065,-0.0934,0.6703,-0.3478,0.6111,0.8454,0.802,-0.26,0.01,0.0502,0.0448,-0.0543,-0.0352,0.0368,-0.0109,2.5624,0.0
153101,0.0,1.211,0.0,False,False,3.4187,-0.6064,1.8093,0.3452,-3.1297,2.5329,-0.0089,-0.0027,0.0091,-0.0052,-0.0034,0.0085,0.6995,-0.372,0.5815,0.8471,0.802,-0.26,0.01,0.0512,0.0687,-0.0194,0.0074,0.034,0.0321,-1.3712,0.0
153201,0.0,1.2402,0.0,False,False,3.5925,-0.5536,1.6407,0.461,-3.1297,2.5327,0.1566,0.0381,-0.1095,0.0768,0.0032,-0.0057,0.6999,-0.4201,0.4933,0.8471,0.802,-0.26,0.01,0.0588,0.0268,-0.0008,0.0313,0.0273,0.0365,-0.7171,0.0
153301,0.0,1.2508,0.0,False,False,3.719,-0.5204,1.5448,0.5234,-3.1316,2.595,-0.0029,0.0001,-0.0005,0.0003,0.0001,-0.0068,0.5446,-0.4405,0.4248,0.8395,0.802,-0.26,0.01,0.0395,0.0533,0.0372,0.0717,-0.054,0.0388,0.9684,0.0
153401,0.0,1.2815,0.0,False,False,3.6976,-0.5214,1.5462,0.5338,-3.1456,2.8056,0.0038,-0.0023,0.0065,-0.0034,-0.0008,0.0609,0.2243,-0.4716,0.4287,0.8193,0.802,-0.26,0.01,-0.0126,0.0728,0.0063,0.0722,0.0194,0.0789,1.14,0.0
153501,0.0,1.1822,0.0,False,False,3.5456,-0.6307,1.8991,0.2794,-3.1317,2.5879,-0.0103,0.0002,0.0045,0.0,-0.0047,0.0296,0.5695,-0.3509,0.5469,0.8405,0.802,-0.26,0.01,0.0389,-0.0149,-0.0114,-0.0253,0.0245,0.0406,2.2961,0.0
153601,0.0,1.184,0.0,False,False,3.5631,-0.6259,1.8803,0.2933,-3.1319,2.5744,-0.0013,-0.0011,0.0046,-0.0046,0.0013,0.0077,0.6139,-0.3545,0.5381,0.8422,0.802,-0.26,0.01,0.0094,0.0612,-0.0149,0.006,0.0213,0.0332,1.9142,0.0
153701,0.0,1.1833,0.0,False,False,3.5779,-0.6224,1.8672,0.3033,-3.13,2.5397,0.0424,0.0162,-0.0599,0.0419,0.0136,-0.1266,0.6865,-0.3552,0.5304,0.8463,0.802,-0.26,0.01,0.0508,0.0294,-0.0434,0.0331,0.058,0.0402,-0.7953,0.0
153801,0.0,1.1951,0.0,False,False,3.5776,-0.6202,1.8588,0.3092,-3.1315,2.6154,-0.0116,-0.0016,0.0055,-0.0028,-0.0032,0.0148,0.4663,-0.368,0.5293,0.8366,0.802,-0.26,0.01,0.0565,0.0395,0.005,0.032,0.038,-0.0214,0.1909,0.0
153901,0.0,1.1974,0.0,False,False,3.5804,-0.616,1.8437,0.3202,-3.1315,2.6065,-0.0025,-0.0011,0.0038,-0.0035,-0.0052,0.0041,0.5015,-0.3708,0.5264,0.8379,0.802,-0.26,0.01,0.0303,0.0661,-0.0338,0.0587,-0.0579,0.0489,-1.7783,0.0
154001,0.0,1.2885,0.0,False,False,3.6302,-0.5348,1.5841,0.5089,-3.1453,2.7926,-0.0006,0.0025,-0.0069,0.0034,-0.0002,-0.0822,0.1649,-0.4745,0.4633,0.8173,0.802,-0.26,0.01,0.0134,0.0588,0.0342,-0.0027,-0.051,0.0717,0.6019,0.0
154101,0.0,1.3086,0.0,False,False,3.5598,-0.5191,1.5408,0.5299,-3.1324,2.7325,-0.0052,-0.0014,0.0024,0.0105,-0.0269,0.0033,0.1494,-0.4907,0.4908,0.8201,0.802,-0.26,0.01,0.038,0.0239,0.003,0.0658,-0.0363,0.072,0.0243,0.0
154201,0.0,1.3091,0.0,False,False,3.5554,-0.5153,1.5294,0.5421,-3.1432,2.7383,-0.0003,-0.001,0.002,-0.001,-0.002,0.0196,0.1959,-0.4909,0.4932,0.8191,0.802,-0.26,0.01,0.0055,0.0518,0.0198,0.0437,-0.0192,0.0758,0.353,0.0
154301,0.0,1.3164,0.0,False,False,3.5285,-0.5038,1.4974,0.5641,-3.1449,2.7726,0.0014,-0.0039,0.0104,-0.0028,-0.003,0.101,0.2395,-0.4964,0.5046,0.8204,0.802,-0.26,0.01,-0.0176,0.0724,-0.0257,0.0495,-0.0008,0.0636,1.7853,0.0
154401,0.0,1.3152,0.0,False,False,3.5241,-0.5037,1.4971,0.5657,-3.1463,2.8385,0.0011,0.001,-0.0027,-0.0011,0.003,0.0699,0.1877,-0.4952,0.5046,0.8196,0.802,-0.26,0.01,-0.0115,0.0542,0.0092,0.0145,-0.0228,0.0787,-0.5604,0.0
154501,0.0,1.1924,-0.0013,False,False,3.4382,-0.6333,1.9093,0.2719,-3.1314,2.6218,0.0021,0.0016,0.0007,0.0012,-0.0133,-0.0074,0.4381,-0.3523,0.5856,0.8356,0.802,-0.26,0.01,-0.0102,0.0385,0.0146,0.0655,-0.0231,0.0607,-0.9575,0.0
154601,0.0,1.1895,0.0,False,False,3.4676,-0.625,1.8768,0.2962,-3.1303,2.5448,-0.0025,-0.0011,0.0034,0.0001,-0.0063,0.009,0.6766,-0.3526,0.5708,0.8457,0.802,-0.26,0.01,0.0183,0.0252,-0.0188,0.0048,0.0715,0.0358,-0.3101,0.0
154701,0.0,1.1995,0.0,False,False,3.5193,-0.6133,1.8339,0.3273,-3.1315,2.5645,0.1838,0.0384,-0.1337,0.0997,0.0003,-0.0034,0.6371,-0.3682,0.5477,0.8434,0.802,-0.26,0.01,0.0625,0.0171,-0.0208,-0.0104,-0.0692,0.0686,-0.7931,0.0
154801,0.0,1.2176,0.0,False,False,3.5677,-0.6072,1.8122,0.3428,-3.1314,2.6489,-0.0017,-0.0003,0.0012,-0.0019,-0.0064,0.0027,0.3442,-0.3917,0.5265,0.831,0.802,-0.26,0.01,0.0383,0.0593,0.0366,0.0741,-0.0011,0.0285,-1.769,0.0
154901,0.0,1.219,0.0,False,False,3.6261,-0.6041,1.8015,0.3504,-3.1314,2.6484,0.0033,0.0011,-0.0028,0.001,0.0021,-0.0366,0.3406,-0.3976,0.5029,0.8291,0.802,-0.26,0.01,-0.0318,0.0359,0.0332,-0.0102,0.012,0.0597,2.7964,0.0
155001,0.0,1.2217,0.0,False,False,3.568,-0.5908,1.7569,0.3818,-3.1315,2.6064,-0.0041,0.0,0.0005,-0.0014,0.0006,-0.0108,0.5019,-0.3971,0.5192,0.8379,0.802,-0.26,0.01,-0.0133,0.0246,0.0216,0.0215,-0.006,0.0033,1.6753,0.0
155101,0.0,1.2411,0.0008,False,False,3.6042,-0.5829,1.7311,0.3996,-3.1314,2.637,0.0002,0.0007,-0.0022,0.0003,0.0012,-0.0114,0.3646,-0.4202,0.5023,0.829,0.802,-0.26,0.01,0.0152,0.0313,0.0373,0.0051,-0.0429,0.0741,1.3761,0.0
155201,0.0,1.2595,0.0,False,False,3.5996,-0.5805,1.7223,0.4133,-3.1414,2.7258,-0.1578,-0.006,0.0043,0.0948,-0.1413,1.008,0.1959,-0.44,0.4975,0.8178,0.802,-0.26,0.01,-0.0667,0.0338,0.0194,0.0265,-0.061,0.0299,-1.2118,0.0
155301,0.0,1.27,0.0,False,False,3.6074,-0.5666,1.6801,0.4347,-3.1291,2.6813,0.1309,0.0675,-0.2076,0.136,-0.0075,0.0091,0.2134,-0.452,0.4888,0.8203,0.802,-0.26,0.01,0.0617,0.0722,-0.0429,0.0409,-0.0599,0.0784,2.1891,0.0
155401,0.0,1.2705,0.0,False,False,3.6445,-0.5643,1.6715,0.4497,-3.1431,2.7686,-0.0243,-0.0333,0.0842,0.0689,-0.2566,0.6114,0.0973,-0.4561,0.4651,0.815,0.802,-0.26,0.01,-0.0158,0.0122,0.0545,0.0651,-0.0639,0.0559,-1.9981,0.0
155501,0.0,0.0916,0.0,False,False,5.3398,0.114,0.0772,1.3902,0.0312,2.8463,0.3252,-0.1319,0.2785,-0.1732,-0.0159,0.0735,0.3709,0.7308,0.2345,0.8054,0.802,-0.26,0.01,0.0747,-0.0722,-0.0797,0.0764,0.0684,0.0794,1.4385,0.0
155601,0.0,1.2557,0.0,False,False,3.4578,-0.5908,1.7555,0.3916,-3.1421,2.7599,0.0204,0.0109,-0.0094,-0.0936,0.2489,-0.013,0.1958,-0.4236,0.5619,0.821,0.802,-0.26,0.01,0.0474,0.0681,0.0394,-0.0295,-0.0459,0.0778,0.1132,0.0
155701,0.0,1.2585,0.0,False,False,3.5187,-0.5674,1.6823,0.4333,-3.1284,2.675,0.1397,-0.0542,0.1667,-0.102,0.1249,1.3252,0.289,-0.4331,0.5285,0.83,0.802,-0.26,0.01,0.0319,-0.05,0.0224,0.0323,0.0558,-0.0233,-1.6397,0.0
155801,0.0,1.2755,0.0,False,False,3.5788,-0.5577,1.653,0.4534,-3.1257,2.7305,0.01,0.006,-0.0174,0.0073,-0.0098,-0.2691,0.1973,-0.456,0.498,0.8231,0.802,-0.26,0.01,0.06,0.0602,0.0268,0.0337,0.002,0.0784,0.8126,0.0
155901,0.0,1.2849,0.0,False,False,3.5915,-0.5537,1.6404,0.4649,-3.13,2.781,0.0512,0.0181,-0.0031,-0.3626,0.812,-0.2869,0.0999,-0.4675,0.4861,0.8186,0.802,-0.26,0.01,0.0452,0.0285,0.0322,0.0719,-0.0135,0.0779,-0.7378,0.0
156001,0.0,1.2798,0.0,False,False,3.6499,-0.5467,1.6201,0.4751,-3.1269,2.7093,0.0714,0.0316,-0.0914,0.0493,-0.0711,-1.1475,0.1594,-0.4663,0.4586,0.82,0.802,-0.26,0.01,0.0454,0.0137,0.0012,0.063,-0.0624,0.0147,-0.3845,0.0
156101,0.0,1.1826,-0.1077,False,False,2.2338,-1.6018,2.4112,-2.3336,-1.8207,0.2103,0.3667,-0.3105,0.1368,0.4419,-0.1938,-0.794,0.0029,-0.2686,0.792,0.8119,0.802,-0.26,0.01,0.0757,-0.0585,0.0472,0.0603,-0.0775,0.0139,-0.2267,0.0
156201,0.0,1.1333,-0.1099,False,False,2.6865,-1.4675,2.4951,-2.1965,-2.1467,1.0409,0.2193,0.0235,-0.1339,1.1472,0.1288,-0.6656,-0.0007,-0.2379,0.7404,0.7997,0.802,-0.26,0.01,0.0782,-0.0159,-0.0759,-0.0709,-0.0352,-0.0645,-2.2587,0.0
156301,0.0,1.1966,-0.0017,False,False,3.4163,-0.6206,1.8604,0.3083,-3.1298,2.5361,-0.0054,-0.0018,0.0069,-0.0053,-0.0008,0.014,0.6931,-0.3557,0.5871,0.8467,0.802,-0.26,0.01,0.0203,0.0275,-0.0407,0.0728,0.013,0.0284,-0.3914,0.0
156401,0.0,1.232,0.0,False,False,3.5692,-0.5859,1.7408,0.3929,-3.1314,2.6349,0.0026,0.0003,-0.0006,-0.0009,0.0015,-0.0162,0.3769,-0.4084,0.5157,0.8334,0.802,-0.26,0.01,-0.0294,0.028,0.0174,0.0543,-0.0165,0.0418,-1.6524,0.0
156501,0.0,1.261,0.0,False,False,3.7013,-0.5655,1.6764,0.4399,-3.1309,2.7277,0.0029,0.0044,-0.0106,-0.0128,0.0387,-0.0952,0.2196,-0.4491,0.4454,0.8186,0.802,-0.26,0.01,0.0219,0.0226,0.0288,0.0674,-0.022,-0.0295,3.0528,0.0
156601,0.0,1.2607,0.0,False,False,3.7258,-0.5474,1.621,0.4837,-3.1446,2.7585,-0.0015,0.0001,-0.0004,0.0004,0.0001,-0.003,0.1992,-0.4509,0.4261,0.8191,0.802,-0.26,0.01,0.0025,0.0538,0.0278,0.0545,-0.0092,0.0785,1.1417,0.0
156701,0.0,1.0942,-0.1592,False,False,2.7042,-1.6929,2.555,-2.0719,-2.0822,0.7016,0.4589,0.2487,-0.1318,0.5806,0.088,2.0052,-0.0006,-0.2173,0.6873,0.8063,0.802,-0.26,0.01,0.0796,0.0291,-0.0709,-0.0312,-0.0374,0.0544,0.2146,0.0
156801,0.0,1.0918,-0.04,False,False,3.258,-1.1035,2.4315,-1.7189,-2.4688,1.4158,0.2196,0.1202,0.0417,0.0227,-0.1922,0.1586,0.0901,-0.2306,0.6446,0.7944,0.802,-0.26,0.01,0.0535,-0.0015,-0.0232,0.0306,0.0511,-0.0625,1.1616,0.0
156901,0.0,1.2096,-0.0094,False,False,3.5917,-0.5921,1.761,0.3792,-3.1297,2.5325,0.0459,0.0166,-0.0548,0.038,-0.0005,-0.0291,0.7002,-0.386,0.5101,0.8471,0.802,-0.26,0.01,0.0504,0.0278,-0.0274,-0.0191,0.0763,0.0584,0.7004,0.0
157001,0.0,1.2218,0.0,False,False,3.7221,-0.5602,1.6605,0.4475,-3.1318,2.5829,0.0003,0.0006,-0.0011,0.0015,-0.0024,0.0011,0.5861,-0.4091,0.4428,0.8411,0.802,-0.26,0.01,0.0056,0.0013,0.0005,0.0463,0.003,0.0215,0.8688,0.0
157101,0.0,1.2304,0.0,False,False,3.8664,-0.5442,1.612,0.4874,-3.1413,2.7312,0.0121,0.0055,0.0003,-0.1209,0.2423,-0.3517,0.2729,-0.4256,0.367,0.8229,0.802,-0.26,0.01,0.0402,0.0579,0.0489,0.0631,0.0489,0.0782,1.2791,0.0
157201,0.0,1.2234,0.0,False,False,3.9252,-0.5414,1.6044,0.4877,-3.1349,2.6572,-0.1702,0.0696,-0.1816,-0.0406,0.1884,-0.3157,0.2878,-0.4199,0.3406,0.8237,0.802,-0.26,0.01,-0.0504,-0.0029,-0.0544,0.0506,-0.0568,0.0382,0.9518,0.0
157301,0.0,1.0808,-0.0657,False,False,3.202,-1.1209,2.4064,-1.6941,-2.4012,1.4513,0.2393,-0.017,-0.1086,0.2562,0.4935,0.2135,0.0702,-0.218,0.6472,0.7959,0.802,-0.26,0.01,0.0619,-0.0273,-0.0681,0.0065,0.0431,-0.0611,1.9652,0.0
157401,0.0,1.2711,0.0,False,False,3.5808,-0.5414,1.6048,0.4845,-3.1312,2.654,0.0138,0.0115,-0.0323,0.0209,-0.0118,0.0074,0.3385,-0.4522,0.493,0.8301,0.802,-0.26,0.01,0.0198,-0.0306,-0.0407,0.0165,-0.0317,0.0206,-1.8723,0.0
157501,0.0,1.3224,0.0,False,False,3.6257,-0.4749,1.4199,0.6111,-3.143,2.7381,-0.0033,-0.0026,0.0064,0.0036,-0.0116,0.0886,0.2125,-0.5108,0.446,0.8202,0.802,-0.26,0.01,0.0229,-0.0105,-0.011,0.054,-0.0164,0.0742,0.0705,0.0
157601,0.0,1.329,0.0004,False,False,3.7374,-0.4177,1.2737,0.6919,-3.1314,2.6486,-0.003,0.0006,0.0003,0.001,-0.0001,-0.0054,0.299,-0.524,0.3723,0.8256,0.802,-0.26,0.01,0.0217,0.0089,0.019,0.0128,-0.0404,-0.0489,-1.5735,0.0
157701,0.0,1.3474,-0.0009,False,False,3.7298,-0.385,1.1925,0.7408,-3.1288,2.6786,0.1104,0.0638,-0.1553,0.0895,-0.0066,0.0133,0.2346,-0.543,0.3629,0.8246,0.802,-0.26,0.01,0.0487,0.0433,0.0147,0.0609,0.0019,0.0734,-0.564,0.0
157801,0.0,1.1161,-0.0402,False,False,3.2007,-1.0829,2.3541,-1.6746,-2.4635,1.4206,0.1547,0.0298,-0.0471,0.1978,0.2931,0.1021,0.1071,-0.2528,0.6548,0.7949,0.802,-0.26,0.01,0.05,-0.0247,-0.0575,0.014,0.0648,-0.0244,2.4498,0.0
157901,0.0,1.2169,-0.0262,False,False,3.593,-0.5833,1.7325,0.399,-3.1297,2.5326,0.1613,0.0523,-0.163,0.1139,-0.0049,-0.0159,0.7,-0.3943,0.5056,0.8471,0.802,-0.26,0.01,0.0502,0.005,-0.0326,0.0474,0.0616,-0.0399,-1.4088,0.0
158001,0.0,1.2552,0.0001,False,False,3.8088,-0.5313,1.5758,0.5034,-3.1314,2.6484,-0.0006,-0.0006,0.002,-0.0029,-0.0037,0.0086,0.3006,-0.4491,0.3854,0.8239,0.802,-0.26,0.01,0.0082,0.0523,-0.0118,0.0093,0.0335,-0.0251,-0.4301,0.0
158101,0.0,1.2304,0.0019,False,False,3.9818,-0.5018,1.4933,0.5564,-3.1314,2.6467,-0.0038,-0.0016,0.0044,-0.0021,-0.0025,0.0165,0.3108,-0.4279,0.2938,0.8251,0.802,-0.26,0.01,0.0555,0.0588,0.0249,0.039,0.0178,-0.0111,-0.2852,0.0
158201,0.0,1.2195,0.0,False,False,4.0341,-0.4901,1.4603,0.5865,-3.1442,2.745,-0.1792,-0.0004,0.003,-0.0089,0.0026,-0.2088,0.2266,-0.4167,0.2621,0.8214,0.802,-0.26,0.01,-0.0527,0.0039,0.0139,0.0624,-0.0648,0.0578,-0.5241,0.0
158301,0.0,1.0835,-0.0361,False,False,3.1624,-1.1322,2.3541,-1.6663,-2.3387,1.4866,-0.0414,0.2257,-0.0487,0.2462,-0.0901,0.0556,0.0069,-0.2227,0.642,0.7981,0.802,-0.26,0.01,0.0031,0.0252,-0.0251,-0.0546,0.0306,-0.0001,0.5116,0.0
158401,0.0,1.1141,-0.1172,False,False,2.8687,-1.3643,2.4532,-2.0325,-2.2581,1.2591,0.3039,-0.1451,-0.0787,0.8892,0.6476,-0.48,0.0376,-0.2321,0.7043,0.8024,0.802,-0.26,0.01,0.0771,-0.0474,-0.0779,-0.0723,-0.0725,-0.0519,0.2044,0.0
158501,0.0,1.1471,-0.2663,False,False,2.5477,-1.6204,2.4676,-2.1758,-1.9946,0.7055,0.2928,-0.0806,0.0735,1.6458,0.6133,-2.7063,0.0007,-0.255,0.7353,0.8068,0.802,-0.26,0.01,0.0791,-0.0289,-0.0256,0.0379,-0.0253,0.0769,2.1494,0.0
158601,0.0,1.243,0.0,False,False,3.6116,-0.5526,1.6379,0.4626,-3.1318,2.5817,-0.0006,-0.0003,0.001,-0.0014,-0.0014,-0.0161,0.5905,-0.4245,0.4854,0.8413,0.802,-0.26,0.01,-0.0162,0.0097,-0.0111,0.0237,-0.0562,-0.0106,-2.149,0.0
158701,0.0,1.2957,-0.0008,False,False,3.7816,-0.4781,1.4293,0.597,-3.1291,2.6793,0.1022,-0.0658,0.1742,-0.0939,0.1091,1.2908,0.2283,-0.491,0.3687,0.8215,0.802,-0.26,0.01,0.0284,-0.0562,0.0146,0.0396,-0.022,0.0567,-2.8417,0.0
158801,0.0,1.292,0.0,False,False,3.8614,-0.4483,1.3514,0.6448,-3.1313,2.6535,-0.0011,-0.0003,0.0005,0.0,-0.0019,-0.0058,0.2766,-0.4893,0.3192,0.8224,0.802,-0.26,0.01,-0.0065,0.0617,0.0171,0.0425,0.0027,0.0104,-2.5124,0.0
158901,0.0,1.3148,0.0,False,False,3.8312,-0.4104,1.2547,0.7092,-3.1391,2.7081,-0.1734,0.0215,-0.0448,-0.0657,0.1357,-0.9726,0.2241,-0.5121,0.3175,0.8212,0.802,-0.26,0.01,-0.0688,0.0584,0.0421,-0.0174,0.0632,0.0729,1.8487,0.0
159001,0.0,1.1395,-0.1602,False,False,2.5638,-1.542,2.494,-2.2256,-2.0627,0.9101,0.4157,0.2714,-0.0366,0.4825,-0.1016,2.2314,-0.0003,-0.2379,0.7557,0.8009,0.802,-0.26,0.01,0.0775,0.0237,-0.0621,-0.0355,-0.0274,0.0571,0.4146,0.0
159101,0.0,1.1429,-0.091,False,False,2.3796,-1.6295,2.4428,-2.2175,-1.9433,0.4239,0.4176,-0.1668,-0.0398,0.7775,-0.1056,-0.3742,-0.0001,-0.2457,0.7462,0.8121,0.802,-0.26,0.01,0.0795,-0.0336,-0.0136,0.05,-0.054,-0.0158,0.6345,0.0
159201,0.0,1.2028,-0.0012,False,False,3.5271,-0.6066,1.8102,0.3445,-3.1297,2.5326,0.0041,-0.0008,0.0026,-0.001,-0.0003,-0.0157,0.7,-0.3729,0.5412,0.8471,0.802,-0.26,0.01,-0.0221,0.0002,-0.0184,-0.0433,0.0384,0.0166,-2.3483,0.0
159301,0.0,1.2143,0.0,False,False,3.57,-0.5931,1.7643,0.3766,-3.132,2.5727,0.0879,0.0193,-0.0621,0.0427,-0.0148,0.0456,0.6189,-0.3893,0.5196,0.8424,0.802,-0.26,0.01,0.0464,-0.0063,-0.0096,0.0391,-0.042,-0.0055,-2.4013,0.0
159401,0.0,1.2229,0.0,False,False,3.6177,-0.5768,1.7116,0.4129,-3.1319,2.5753,0.0017,-0.0015,0.0048,-0.0047,-0.0023,-0.0021,0.6109,-0.4027,0.4933,0.8421,0.802,-0.26,0.01,-0.0029,0.0149,-0.0548,-0.0508,0.016,0.025,0.2553,0.0
159501,0.0,1.2342,0.0,False,False,3.8043,-0.5508,1.6322,0.4674,-3.1247,2.7478,0.2411,-0.0732,0.2152,-0.1278,0.1025,1.9742,0.2292,-0.4272,0.3957,0.8271,0.802,-0.26,0.01,0.0503,-0.0364,0.0415,-0.0067,0.0043,-0.0474,-1.335,0.0
159601,0.0,1.1709,-0.0869,False,False,2.3678,-1.5951,2.4012,-2.2081,-1.9119,0.455,0.3765,-0.0201,-0.2045,0.7219,-0.083,-0.4157,0.0025,-0.2652,0.7714,0.8087,0.802,-0.26,0.01,0.0784,-0.0144,-0.0759,-0.0464,-0.0568,0.0405,2.5703,0.0
159701,0.0,1.2567,0.0,False,False,3.5841,-0.5556,1.6466,0.4568,-3.1314,2.6389,0.0005,-0.0005,0.0018,-0.0044,0.0038,-0.0231,0.3696,-0.4368,0.497,0.8322,0.802,-0.26,0.01,0.0017,0.0235,-0.0682,-0.0516,-0.0412,-0.0589,-2.4097,0.0
159801,0.0,1.2836,0.0,False,False,3.7503,-0.5157,1.5316,0.5326,-3.1268,2.7109,-0.0001,0.0008,-0.0022,-0.0,0.002,-0.0113,0.1356,-0.4769,0.3962,0.8195,0.802,-0.26,0.01,0.019,-0.0201,0.0084,0.0628,-0.0188,-0.0682,0.765,0.0
159901,0.0,1.2556,0.0,False,False,3.929,-0.4941,1.4717,0.5733,-3.1321,2.7198,0.002,0.0013,-0.003,-0.0033,0.0101,-0.027,0.1486,-0.4532,0.3027,0.8189,0.802,-0.26,0.01,-0.0122,0.0093,0.0187,0.0324,0.0009,0.0167,0.6944,0.0
160001,0.0,1.2213,0.0,False,False,4.0613,-0.4876,1.4546,0.5812,-3.1291,2.6796,-0.0017,0.0045,-0.0122,0.0078,0.0027,0.0579,0.2167,-0.4181,0.2454,0.8213,0.802,-0.26,0.01,0.0286,0.0018,0.0592,0.0523,0.0134,-0.0002,-1.3843,0.0
160101,0.0,1.1787,-0.2776,False,False,2.3682,-1.6202,2.468,-2.3637,-1.9604,0.2316,0.4112,-0.1748,-0.0087,1.4538,-0.4605,-3.1451,0.0009,-0.2682,0.7837,0.8098,0.802,-0.26,0.01,0.0711,-0.0471,-0.0236,0.0537,-0.0761,-0.0444,-1.0927,0.0
160201,0.0,1.1538,-0.0526,False,False,2.2947,-1.6144,2.4076,-2.2386,-1.8856,0.2794,0.3147,-0.2782,0.0645,0.4485,0.0115,0.0705,-0.0001,-0.2501,0.7629,0.8125,0.802,-0.26,0.01,0.0653,-0.0709,-0.0205,0.0765,-0.0536,0.0514,0.0223,0.0
160301,0.0,1.1105,-0.0866,False,False,2.2355,-1.5891,2.3254,-1.9461,-1.8116,0.1412,0.4448,-0.2115,0.0964,-0.182,-0.4903,-0.4036,0.2312,-0.2211,0.7207,0.8205,0.802,-0.26,0.01,0.0792,-0.0532,0.0162,0.0524,-0.0723,0.0053,-0.3201,0.0
160401,0.0,1.1562,-0.1184,False,False,2.3725,-1.644,2.4552,-2.2718,-1.9135,0.3951,0.4018,-0.0781,-0.0534,0.4132,-0.0339,1.4268,-0.0003,-0.2575,0.7522,0.8119,0.802,-0.26,0.01,0.0794,-0.0305,-0.0548,0.0702,-0.0753,0.0618,2.4057,0.0
160501,0.0,1.1355,-0.116,False,False,2.4455,-1.6016,2.419,-2.1521,-1.9739,0.5048,0.2722,-0.0637,-0.2191,1.0012,0.1698,0.6296,0.0013,-0.2455,0.7278,0.8122,0.802,-0.26,0.01,0.0714,-0.0211,-0.0477,0.0534,-0.028,0.065,0.0886,0.0
160601,0.0,1.1538,-0.1408,False,False,2.572,-1.5671,2.4609,-2.2337,-2.0804,0.702,0.4678,-0.0116,-0.0025,0.5363,0.2858,1.556,-0.0,-0.2578,0.7458,0.808,0.802,-0.26,0.01,0.078,-0.0148,-0.037,0.0581,-0.0492,0.0692,0.9908,0.0
160701,0.0,1.0671,-0.1129,False,False,2.7859,-1.4908,2.4911,-1.9667,-2.1861,1.1913,0.3893,-0.0188,-0.0383,0.8879,0.3583,0.9628,-0.0,-0.1922,0.6774,0.8052,0.802,-0.26,0.01,0.0794,-0.0301,-0.0716,-0.0392,-0.0433,-0.0097,-0.6114,0.0
160801,0.0,1.0511,-0.0727,False,False,2.8617,-1.4509,2.4597,-1.8793,-2.0249,1.4528,0.3199,0.0017,0.0583,0.0754,-0.1012,-1.1453,-0.0,-0.1846,0.6526,0.8008,0.802,-0.26,0.01,0.0791,-0.0257,-0.0661,-0.0766,-0.0682,-0.0548,-1.844,0.0
160901,0.0,1.0601,-0.0916,False,False,3.005,-1.2769,2.4505,-1.8186,-2.2782,1.4673,0.2771,0.1707,-0.0426,0.1929,-0.3194,0.7032,-0.0,-0.1911,0.6609,0.8025,0.802,-0.26,0.01,0.0741,0.0066,-0.07,-0.0376,-0.0492,-0.0332,-2.6312,0.0
161001,0.0,1.2618,0.0007,False,False,3.4751,-0.5766,1.7111,0.4134,-3.1314,2.6401,0.0021,-0.0001,0.0002,-0.0006,0.0007,-0.0129,0.3482,-0.431,0.5552,0.828,0.802,-0.26,0.01,-0.01,-0.0427,-0.0336,0.0526,0.0606,0.0031,-1.801,0.0
161101,0.0,1.2822,0.0,False,False,3.7054,-0.5129,1.5238,0.537,-3.1314,2.6482,0.0004,-0.0025,0.0069,-0.004,-0.0005,0.0213,0.3034,-0.4726,0.4249,0.8257,0.802,-0.26,0.01,0.0133,0.0253,-0.0297,-0.0056,0.0373,-0.0496,-1.1312,0.0
161201,0.0,1.2811,0.0,False,False,3.8053,-0.4896,1.4601,0.5775,-3.1317,2.6543,0.0018,-0.002,0.0055,-0.004,-0.0002,0.0042,0.278,-0.4765,0.3658,0.8233,0.802,-0.26,0.01,0.0054,0.0217,-0.0085,0.0542,-0.0607,-0.0541,-1.5478,0.0
161301,0.0,1.2981,0.0,False,False,3.8411,-0.4495,1.3544,0.6434,-3.1282,2.6913,0.1569,-0.0271,0.0699,-0.0401,0.0155,0.2099,0.1903,-0.4952,0.3257,0.8212,0.802,-0.26,0.01,0.0341,-0.0481,0.0025,0.0642,0.0296,-0.0211,0.1321,0.0
161401,0.0,1.0537,-0.1448,False,False,2.9708,-1.3604,2.4702,-1.8748,-2.2057,1.523,0.231,-0.1375,-0.0861,0.7371,0.8942,1.0454,-0.0,-0.187,0.653,0.8061,0.802,-0.26,0.01,0.0639,-0.0502,-0.0751,0.0009,-0.0575,0.0275,-1.9545,0.0
161501,0.0,1.1019,-0.1209,False,False,3.0466,-1.2263,2.376,-1.8082,-2.3186,1.428,0.3469,-0.2163,-0.0662,0.488,0.9044,0.6946,0.0143,-0.2343,0.6642,0.802,0.802,-0.26,0.01,0.0785,-0.0714,-0.0726,-0.0708,0.0176,-0.0417,0.4036,0.0
161601,0.0,1.2336,-0.0009,False,False,3.485,-0.5782,1.7163,0.4099,-3.1308,2.5536,-0.0043,-0.0012,0.0037,-0.0026,-0.0002,-0.0065,0.6594,-0.4032,0.5472,0.8447,0.802,-0.26,0.01,0.0422,0.0578,0.0078,0.0377,-0.0221,0.0744,-2.2041,0.0
161701,0.0,1.2735,0.0,False,False,3.7076,-0.5336,1.5823,0.4992,-3.1314,2.6522,-0.0031,-0.0016,0.0048,-0.0045,0.0014,-0.0112,0.2793,-0.4631,0.4318,0.8231,0.802,-0.26,0.01,0.0363,0.0133,-0.0118,0.0592,0.0154,-0.0626,-3.0518,0.0
161801,0.0,1.2555,0.0,False,False,3.8568,-0.5181,1.5379,0.5315,-3.136,2.6855,-0.012,-0.0732,0.1801,0.0781,-0.25,1.8327,0.2454,-0.4515,0.354,0.821,0.802,-0.26,0.01,-0.0134,-0.0281,0.0409,0.0473,0.0233,0.0143,-0.9099,0.0
161901,0.0,1.2489,0.0,False,False,3.8954,-0.5143,1.5267,0.5434,-3.1423,2.7311,-0.1747,-0.0469,0.1069,0.1203,-0.267,1.8971,0.2394,-0.4458,0.3343,0.8195,0.802,-0.26,0.01,-0.0453,-0.0142,0.0271,0.0583,-0.0152,-0.0359,1.1472,0.0
162001,0.0,0.9114,-0.0967,False,False,2.916,-1.5143,2.5095,-1.5897,-1.8147,1.4127,0.2561,0.2839,-0.006,0.2335,0.7304,0.7081,0.0037,-0.0832,0.5065,0.8041,0.802,-0.26,0.01,0.0666,0.0222,-0.0709,0.0678,0.0475,0.0441,1.6702,0.0
162101,0.0,1.081,-0.0445,False,False,2.916,-1.355,2.4292,-1.9203,-2.2092,1.5219,0.2783,-0.1533,0.1861,0.0433,0.1493,-0.1558,0.0975,-0.2088,0.6727,0.8054,0.802,-0.26,0.01,0.0748,-0.0538,-0.0202,-0.0504,-0.0687,-0.0002,2.0994,0.0
162201,0.0,1.0874,-0.0983,False,False,3.1288,-1.2474,2.3717,-1.7851,-2.2565,1.4966,0.3165,-0.0489,-0.0956,0.4341,0.6938,0.5446,0.0654,-0.2291,0.6352,0.8025,0.802,-0.26,0.01,0.0798,-0.0428,-0.0787,-0.0567,-0.0103,-0.0209,2.0531,0.0
162301,0.0,1.1647,-0.0728,False,False,2.2087,-1.5836,2.3294,-2.1242,-1.7835,0.2214,0.3463,-0.2413,0.0998,0.1591,-0.1985,-0.5507,-0.0002,-0.2569,0.7743,0.8119,0.802,-0.26,0.01,0.0745,-0.0681,-0.024,0.0265,-0.0763,-0.0479,-0.592,0.0
162401,0.0,1.1722,-0.0867,False,False,2.3362,-1.6094,2.4282,-2.3108,-1.9095,0.3711,0.4319,-0.2176,-0.0178,0.7506,-0.0952,0.3273,-0.0002,-0.2649,0.7751,0.8119,0.802,-0.26,0.01,0.0752,-0.0572,-0.0432,0.06,-0.0596,0.0625,0.3149,0.0
162501,0.0,1.1722,-0.2176,False,False,2.4387,-1.5748,2.3745,-2.1617,-1.9196,0.5731,0.3906,-0.231,-0.0955,1.1885,0.6029,-1.8947,0.0057,-0.2746,0.7532,0.8092,0.802,-0.26,0.01,0.0788,-0.0583,-0.0564,0.0655,-0.0374,-0.0167,1.399,0.0
162601,0.0,1.153,-0.142,False,False,2.5954,-1.5149,2.4649,-2.2219,-2.0575,0.9296,0.3978,0.1534,-0.0948,0.7144,-0.1005,1.6362,-0.0004,-0.2537,0.7534,0.8007,0.802,-0.26,0.01,0.078,0.0043,-0.0767,-0.0085,-0.0512,-0.0091,1.4677,0.0
162701,0.0,1.0021,-0.1014,False,False,2.6483,-1.6198,2.475,-1.7513,-1.9866,1.0685,0.4385,-0.1338,0.0111,1.2321,0.485,0.447,0.0009,-0.1461,0.6142,0.8077,0.802,-0.26,0.01,0.0775,-0.0612,-0.0787,0.0002,-0.0638,0.0234,-0.2402,0.0
162801,0.0,1.1113,-0.0913,False,False,2.4557,-1.651,2.4686,-2.1985,-1.9881,0.5064,0.2896,-0.1217,-0.0891,0.606,0.1717,0.5932,-0.0,-0.2289,0.7043,0.8121,0.802,-0.26,0.01,0.052,-0.0381,-0.0572,0.0735,-0.0635,0.0103,2.8744,0.0
162901,0.0,1.1246,-0.1643,False,False,2.6384,-1.5761,2.4903,-2.1225,-2.0584,0.8971,0.486,0.395,-0.0235,0.2459,-0.0102,2.3208,-0.0002,-0.2353,0.7245,0.8029,0.802,-0.26,0.01,0.0742,0.0577,-0.0775,-0.0573,-0.0444,0.0563,0.6925,0.0
163001,0.0,1.284,0.0,False,False,3.6279,-0.5497,1.6277,0.4805,-3.1455,2.802,-0.2289,0.0595,-0.1701,0.0791,0.0482,-2.1436,0.0503,-0.4698,0.4654,0.8145,0.802,-0.26,0.01,-0.0472,-0.0296,-0.0392,-0.0558,-0.0239,0.0778,-2.6361,0.0
163101,0.0,1.2728,0.0,False,False,3.8116,-0.5065,1.5062,0.5482,-3.1314,2.6518,-0.2158,0.0308,-0.0848,0.0533,-0.0042,0.0123,0.2802,-0.4679,0.3698,0.822,0.802,-0.26,0.01,-0.0538,-0.0083,-0.0213,0.0457,-0.0277,0.037,2.8227,0.0
163201,0.0,1.2838,0.0,False,False,3.8861,-0.4647,1.3938,0.6201,-3.1283,2.714,-0.0027,0.004,0.0026,-0.013,0.0205,-0.0321,0.1385,-0.4814,0.3062,0.8185,0.802,-0.26,0.01,0.0245,-0.0034,-0.0189,0.0691,-0.0134,-0.0584,-1.4571,0.0
163301,0.0,1.291,0.0,False,False,3.8477,-0.4609,1.3827,0.6379,-3.1467,2.8344,-0.1288,-0.091,0.2342,-0.115,-0.0389,1.5543,0.1232,-0.4882,0.3245,0.8166,0.802,-0.26,0.01,-0.0392,-0.0076,0.067,0.0564,0.0008,0.0756,-1.6845,0.0
163401,0.0,1.1427,-0.2158,False,False,2.5999,-1.5362,2.4151,-2.0677,-2.0482,0.8386,0.4473,0.339,-0.1684,0.8208,0.0782,2.6515,-0.0001,-0.2492,0.738,0.8047,0.802,-0.26,0.01,0.0744,0.0564,-0.0764,-0.0398,-0.0291,0.0478,-0.7093,0.0
163501,0.0,1.1057,-0.175,False,False,2.7902,-1.4635,2.4826,-2.0794,-2.1273,1.2421,0.1913,0.1823,0.0424,0.0417,-0.2105,-2.752,0.0,-0.2241,0.7017,0.8016,0.802,-0.26,0.01,0.0712,-0.0008,-0.0744,-0.0665,-0.0622,-0.0604,-1.0432,0.0
163601,0.0,1.1267,-0.1445,False,False,2.8246,-1.3497,2.4238,-2.0229,-2.2487,1.213,0.31,-0.1944,-0.018,1.5327,0.9267,-0.4217,-0.0,-0.24,0.7183,0.8015,0.802,-0.26,0.01,0.077,-0.0596,-0.0766,0.0693,-0.0614,-0.0463,-2.3263,0.0
163701,0.0,1.0888,-0.0696,False,False,2.9951,-1.2022,2.3497,-1.7401,-2.2877,1.4886,0.3197,-0.0123,-0.0796,0.2488,0.4117,0.2875,0.0706,-0.2178,0.6714,0.801,0.802,-0.26,0.01,0.0792,-0.0319,-0.0762,-0.0516,-0.0742,0.0431,2.4419,0.0
163801,0.0,1.0441,-0.0574,False,False,3.0787,-1.1567,2.3519,-1.6179,-2.1748,1.5202,0.3033,0.027,-0.0306,0.1485,0.2725,0.3082,0.0548,-0.1826,0.6375,0.7965,0.802,-0.26,0.01,0.0764,-0.0193,-0.0609,-0.0716,-0.0036,0.0237,-0.045,0.0
163901,0.0,1.0914,-0.0774,False,False,3.1942,-1.0518,2.2989,-1.5625,-2.3603,1.5217,0.1412,0.0865,-0.0845,0.2963,-0.1884,0.7155,0.084,-0.2308,0.6426,0.7958,0.802,-0.26,0.01,0.0523,0.0017,-0.0697,0.0584,0.0031,0.0718,-0.9774,0.0
164001,0.0,1.2741,0.0,False,False,3.4858,-0.5812,1.7242,0.414,-3.144,2.755,-0.0018,0.0003,-0.001,0.0016,-0.0029,-0.0067,0.144,-0.4459,0.5459,0.8158,0.802,-0.26,0.01,0.0107,0.0102,-0.0013,-0.0554,-0.062,0.075,-0.5265,0.0
164101,0.0,1.2456,0.0,False,False,3.8377,-0.5358,1.5885,0.4953,-3.1303,2.6646,0.0355,0.0327,-0.0938,0.0593,-0.0145,-0.1111,0.2521,-0.4403,0.3739,0.8241,0.802,-0.26,0.01,0.0373,0.0387,-0.0323,0.0394,0.0292,-0.0105,2.562,0.0
164201,0.0,1.2511,0.0,False,False,3.9276,-0.5032,1.497,0.5555,-3.1217,2.8409,0.0813,-0.0989,0.2722,-0.1765,-0.0042,1.5386,0.1221,-0.4486,0.3069,0.8215,0.802,-0.26,0.01,0.0254,-0.0567,0.0279,0.0436,-0.0176,0.0203,-0.2476,0.0
164301,0.0,1.2721,0.0,False,False,3.8735,-0.475,1.4197,0.6149,-3.1476,2.8886,-0.3403,-0.056,0.1679,-0.0627,-0.0312,0.1837,0.2533,-0.4693,0.3256,0.8185,0.802,-0.26,0.01,-0.0762,-0.022,0.0356,0.0529,-0.0263,0.0697,1.5618,0.0
164401,0.0,1.0037,-0.0884,False,False,3.1502,-1.0732,2.2659,-1.4811,-1.96,1.6179,0.3347,0.3028,-0.1747,0.3092,-0.3494,0.2047,0.0892,-0.1584,0.5814,0.7946,0.802,-0.26,0.01,0.0775,0.0456,-0.0552,-0.0668,-0.0444,0.0703,2.8068,0.0
164501,0.0,1.0122,-0.1243,False,False,3.2805,-0.9533,2.1886,-1.2511,-2.2093,1.9892,0.112,0.2142,-0.2141,0.7039,0.0654,1.4359,0.2169,-0.1678,0.578,0.8246,0.802,-0.26,0.01,0.0795,0.0778,-0.0798,-0.0379,0.07,0.0635,2.6318,0.0
164601,0.0,1.0038,-0.0404,False,False,3.3608,-0.9647,2.2219,-1.2382,-2.2806,1.9751,-0.0148,0.0503,-0.1873,0.6438,0.0943,0.101,0.284,-0.1603,0.5732,0.8264,0.802,-0.26,0.01,0.0783,0.0747,-0.0786,-0.0359,0.0587,0.0723,3.0155,0.0
164701,0.0,1.0372,-0.0704,False,False,3.3622,-0.9345,2.1375,-0.983,-2.4429,2.0447,-0.0169,0.0654,-0.2192,0.804,0.0601,0.3347,0.3678,-0.1933,0.5746,0.8538,0.802,-0.26,0.01,0.0791,0.0782,-0.0712,0.0287,0.0792,0.0762,3.0387,0.0
164801,0.0,1.096,-0.1622,False,False,3.3738,-0.7445,1.7705,-0.0283,-1.9843,2.4077,0.1505,0.2089,-0.3241,0.7984,1.2337,0.1912,0.4388,-0.2533,0.443,1.043,0.802,-0.26,0.01,0.0796,0.0766,-0.0499,0.0755,0.0751,0.0778,2.8598,0.0
164901,0.0,1.1546,-0.1268,False,False,3.4723,-0.6173,1.6653,0.4332,-1.4252,2.6349,0.2775,0.1279,-0.2119,0.5582,0.896,0.1765,0.4043,-0.3088,0.245,1.1018,0.802,-0.26,0.01,0.0797,0.025,-0.0534,0.0783,0.0791,0.0777,2.5983,0.0
165001,0.0,0.212,-0.0016,False,False,6.0077,0.249,-0.2018,1.5206,0.0142,2.7847,-0.0046,-0.0002,0.0007,-0.0004,-0.0001,-0.0189,0.4166,0.7707,0.7611,0.8076,0.8448,0.0132,0.01,0.0177,-0.0788,-0.0718,0.0779,-0.0205,0.0791,2.8944,0.0
165101,0.0,0.1798,0.0,False,False,5.9624,0.249,-0.2018,1.5203,0.0155,3.056,-0.1913,0.0,0.0,-0.0,0.0,0.0009,0.4316,0.7631,0.7219,0.8117,0.8448,0.0132,0.01,-0.0398,-0.0789,-0.0777,0.0796,-0.0217,0.0799,2.7037,0.0
165201,0.05,0.1894,0.0,False,False,5.9797,0.249,-0.2026,1.5335,0.0289,2.8628,0.1146,-0.0,-0.0001,0.0019,0.0036,-0.0539,0.4016,0.7652,0.7345,0.8047,0.8448,0.0132,0.01,0.0297,-0.0797,-0.073,0.0792,0.0263,0.0792,1.3408,0.0
165301,0.05,0.1138,0.0,False,False,5.8707,0.249,-0.2018,1.5206,0.0143,3.0871,-0.2597,0.0,0.0002,-0.0026,-0.015,0.3032,0.4188,0.7764,0.6512,0.8132,0.8448,0.0132,0.01,-0.0604,-0.0746,-0.0795,0.0793,-0.0086,0.0797,2.0344,0.0
165401,0.05,1.1028,0.0,False,False,3.4603,-0.6223,1.5622,0.275,-0.8199,2.6248,0.3449,0.077,-0.1938,0.0058,1.5103,0.4625,0.4211,-0.2676,0.114,1.0035,0.7997,-0.2591,0.01,0.0772,-0.0252,-0.0685,-0.0078,0.0609,0.0727,2.3548,0.0025
165501,0.05,1.1142,-0.0837,False,False,3.6068,-0.5546,1.517,0.5826,-0.9034,2.6885,0.3615,0.036,-0.1547,-0.1396,1.0746,0.4026,0.4388,-0.2615,0.069,1.0442,0.8009,-0.2615,0.01,0.0776,-0.0267,-0.0705,0.0352,0.0707,0.0781,2.9641,0.0025
165601,0.05,1.0118,0.0,False,False,3.7178,-0.5105,1.5121,0.5875,0.041,2.9478,0.3052,0.1302,-0.3664,0.3291,0.1367,2.3669,0.4291,-0.1566,-0.0328,0.8046,0.8025,-0.2611,0.01,0.0606,-0.0328,-0.0734,-0.0607,0.0621,0.0776,1.2243,0.0025
165701,0.05,0.9835,0.0,False,False,3.8097,-0.4814,1.4358,0.6138,0.0122,3.3245,0.2968,0.1686,-0.4457,0.2569,0.0097,2.3429,0.4343,-0.1188,-0.0583,0.8218,0.8004,-0.2599,0.01,0.0798,0.0491,-0.0768,-0.0317,0.0496,0.0799,3.0954,0.0025
165801,0.05,1.0464,0.0,False,False,3.8724,-0.3459,1.0959,0.8178,0.014,3.5926,0.2853,0.2312,-0.5528,0.3217,-0.0003,0.0109,0.3352,-0.1497,-0.1408,0.822,0.8035,-0.2601,0.01,0.0791,0.0755,-0.0796,0.0624,-0.0374,0.0771,-0.4889,0.0025
165901,0.05,1.0293,0.0,False,False,3.9875,-0.2254,0.8155,0.9777,0.0141,3.5903,0.3017,0.2579,-0.5854,0.3275,0.0002,-0.0006,0.3321,-0.1056,-0.1952,0.821,0.8022,-0.2611,0.01,0.0798,0.0777,-0.0778,0.067,-0.0545,0.0795,0.7144,0.0025
166001,0.05,1.0745,0.0,False,False,3.9771,-0.0837,0.5006,1.1503,0.0168,3.5222,0.3061,0.2609,-0.568,0.3097,0.0041,0.1067,0.3078,-0.1421,-0.2243,0.8193,0.8014,-0.2609,0.01,0.0795,0.0757,-0.0788,0.0698,-0.0621,0.0759,1.5933,0.0025
166101,0.05,0.9516,0.0,False,False,4.1643,-0.0994,0.5348,1.1318,0.0169,3.5221,0.3007,0.2689,-0.5887,0.32,-0.0008,0.0159,0.3032,0.0063,-0.2334,0.8195,0.8019,-0.2621,0.01,0.0791,0.0789,-0.0799,0.064,-0.0322,0.0784,1.8155,0.0025
166201,0.05,0.8758,0.0,False,False,4.3127,0.249,-0.2018,1.5209,0.0127,2.8572,0.3451,0.0003,0.001,0.0028,0.0001,-0.071,0.1648,0.1053,-0.24,0.8105,0.8032,-0.2613,0.01,0.0756,-0.0768,-0.0768,0.0497,0.0082,0.0796,-2.7544,0.0025
166301,0.1,0.8181,0.0066,False,False,4.4053,0.249,-0.2018,1.5209,0.0129,2.8478,0.3531,-0.0,0.0,-0.0004,0.002,-0.0033,0.0783,0.1759,-0.2341,0.8125,0.8009,-0.2566,0.01,0.078,-0.0701,-0.07,0.0254,0.0525,0.0789,-2.9918,0.005
166401,0.1,0.8624,-0.0039,False,False,4.3372,0.249,-0.202,1.523,0.0154,2.8578,0.3618,0.0077,-0.0243,0.2451,0.2863,0.1382,0.1378,0.1239,-0.2389,0.8106,0.805,-0.2604,0.01,0.0794,-0.0722,-0.0765,0.0374,0.067,0.0789,-1.7137,0.005
166501,0.1,0.8809,0.0,False,False,4.3132,0.249,-0.202,1.5244,0.0172,2.8599,0.3661,0.0003,-0.0051,0.0751,0.1004,-0.163,0.0636,0.1031,-0.2463,0.8118,0.8003,-0.2584,0.01,0.0773,-0.0779,-0.0785,0.0286,0.0791,0.0783,-2.9114,0.005
166601,0.1,0.8629,0.0,False,False,4.3364,0.249,-0.202,1.5245,0.0172,2.8599,0.3303,0.0007,-0.0077,0.1146,0.1497,-0.0813,0.0695,0.1216,-0.2433,0.8117,0.8017,-0.2626,0.01,0.0739,-0.0708,-0.0752,0.0512,0.0616,0.0746,-2.7671,0.005
166701,0.1,0.8869,0.0,False,False,4.3046,0.249,-0.2027,1.5356,0.0317,2.8563,0.3381,0.0008,-0.0159,0.3078,0.3804,0.1918,0.0662,0.0957,-0.2497,0.8099,0.7982,-0.2587,0.01,0.0754,-0.0702,-0.0764,0.0733,0.0788,0.0799,-3.03,0.005
166801,0.1,0.8511,0.0,False,False,4.3673,0.249,-0.2021,1.526,0.0192,2.8594,0.3584,0.0003,-0.0061,0.0891,0.1153,-0.035,0.0132,0.1455,-0.2483,0.8138,0.8048,-0.2606,0.01,0.0777,-0.0745,-0.0761,0.0647,0.0776,0.0795,-2.7477,0.005
166901,0.1,0.7978,0.0067,False,False,4.4461,0.249,-0.2018,1.521,0.0122,2.6909,0.3603,0.0004,-0.0005,0.001,-0.0,-0.0051,-0.0,0.2133,-0.2493,0.821,0.8042,-0.2641,0.01,0.0785,-0.0732,-0.071,0.0592,0.078,0.0795,-3.0053,0.005
167001,0.1,0.7774,0.0,False,False,4.4705,0.249,-0.2025,1.5317,0.0271,2.8371,0.3209,0.0035,-0.0103,0.1271,0.1472,0.0077,0.0243,0.227,-0.2293,0.8123,0.804,-0.2588,0.01,0.0761,-0.0381,-0.0798,0.0599,0.0336,0.0787,-2.8624,0.005
167101,0.1,0.7261,0.0066,False,False,4.5255,0.249,-0.2018,1.5209,0.0128,2.8516,0.3542,0.0003,-0.0002,-0.0,0.0001,-0.0196,0.082,0.2686,-0.2061,0.8122,0.7983,-0.26,0.01,0.0772,-0.0744,-0.0779,0.0246,0.0309,0.0792,-2.7079,0.005
167201,0.15,0.6188,0.0124,False,False,4.6666,0.249,-0.2018,1.5209,0.0127,2.8572,0.3586,-0.0,-0.0,0.0001,-0.0004,0.0218,0.1729,0.3734,-0.1548,0.8105,0.802,-0.259,0.01,0.0791,-0.0672,-0.0782,0.0448,0.0011,0.0778,-0.0354,0.005
167301,0.15,0.5843,0.0099,False,False,4.7215,0.249,-0.2018,1.521,0.0122,2.6909,0.3417,0.0004,-0.0005,0.0002,-0.0005,0.0008,-0.0,0.4222,-0.1607,0.8207,0.7984,-0.2647,0.01,0.0792,-0.0406,-0.0788,-0.0129,-0.0211,0.0777,-2.926,0.0075
167401,0.15,0.5906,0.0105,False,False,4.7175,0.249,-0.2018,1.521,0.0122,2.6909,0.3325,-0.0,0.0,0.0,0.0,0.0001,0.0121,0.4195,-0.1617,0.8204,0.8057,-0.2659,0.01,0.0778,-0.0393,-0.0783,-0.0166,-0.0694,0.0798,-1.8168,0.0075
167501,0.15,0.5096,0.0059,False,False,4.8118,0.249,-0.2018,1.5209,0.0127,2.8559,0.3352,0.0,0.0023,0.0061,-0.0005,-0.0067,0.1215,0.4707,-0.0961,0.8113,0.8007,-0.2584,0.01,0.0737,-0.0492,-0.0797,-0.0073,-0.0075,0.0783,-2.189,0.0075
167601,0.15,0.52,0.0098,False,False,4.8071,0.249,-0.2018,1.521,0.0122,2.6909,0.3622,0.0073,-0.015,0.0079,-0.0,-0.0021,0.0,0.4814,-0.122,0.8207,0.8022,-0.2639,0.01,0.0797,-0.0692,-0.0771,-0.0165,-0.0025,0.0782,-2.8427,0.0075
167701,0.15,0.5174,0.0106,False,False,4.8105,0.249,-0.2018,1.5209,0.0129,2.8478,0.3579,0.0,0.0,-0.0006,-0.0008,0.0003,0.0585,0.4707,-0.1024,0.8129,0.8013,-0.255,0.01,0.0779,-0.0768,-0.0762,-0.0252,0.0168,0.0754,-2.8501,0.0075
167801,0.15,0.5364,0.0098,False,False,4.7971,0.249,-0.2018,1.521,0.0122,2.6909,0.3478,0.0045,-0.0089,0.0049,-0.0001,-0.0023,-0.0,0.4746,-0.1268,0.8207,0.8067,-0.2566,0.01,0.0798,-0.0463,-0.0779,0.0389,-0.0008,0.0789,-2.9764,0.0075
167901,0.15,0.5683,0.0097,False,False,4.744,0.249,-0.2018,1.5209,0.0127,2.8565,0.3566,0.0001,-0.0002,0.0003,-0.0001,0.0136,0.0781,0.4255,-0.1289,0.812,0.801,-0.253,0.01,0.0792,-0.0594,-0.0685,-0.0198,0.0089,0.0793,-2.4583,0.0075
168001,0.15,0.5187,0.01,False,False,4.804,0.249,-0.2018,1.5209,0.0127,2.8572,0.3476,0.0002,-0.0004,0.0003,-0.0,-0.0001,0.1033,0.4655,-0.1005,0.8115,0.803,-0.2572,0.01,0.0767,-0.0736,-0.075,0.0184,0.0463,0.0782,-2.5919,0.0075
168101,0.15,0.4591,0.0083,False,False,4.8877,0.249,-0.2018,1.5209,0.0127,2.8572,0.348,0.0045,-0.0023,-0.0031,-0.0033,0.0255,0.0611,0.5182,-0.0618,0.8123,0.8085,-0.2568,0.01,0.0779,-0.0535,-0.0764,-0.0119,0.021,0.0779,-2.8006,0.0075
168201,0.15,0.5904,0.0087,False,False,4.7004,0.249,-0.2018,1.5209,0.0127,2.8572,0.3675,0.0002,0.0002,-0.0084,-0.0109,-0.0068,0.1008,0.3956,-0.1453,0.8116,0.798,-0.2638,0.01,0.0793,-0.0756,-0.076,-0.0093,-0.0058,0.0797,-2.4375,0.0075
168301,0.2,0.5268,0.0102,False,False,4.8007,0.249,-0.2018,1.521,0.0122,2.6909,0.2838,0.0002,0.0002,-0.0064,-0.006,-0.0017,0.0616,0.478,-0.122,0.8192,0.8084,-0.2627,0.01,0.066,-0.0561,-0.0749,-0.0235,0.0115,0.0795,-0.2008,0.0075
168401,0.2,1.2744,-0.0042,False,False,3.1786,-0.5815,1.7266,0.4033,-3.1288,2.9801,0.0042,0.0004,0.0035,-0.0318,0.0393,-0.0022,0.1294,-0.4148,0.6768,0.8211,0.7995,-0.2584,0.01,-0.0468,0.0719,0.017,0.0143,-0.0718,-0.0406,-1.7734,0.01
168501,0.2,1.2578,0.0,False,False,3.2165,-0.5856,1.7399,0.3939,-3.1292,3.0769,0.0008,-0.0005,0.0015,-0.0007,-0.0008,0.0091,0.1832,-0.4033,0.6581,0.8207,0.7995,-0.2584,0.01,0.0219,0.0765,0.0279,0.054,-0.0777,-0.0708,-1.4299,0.01
168601,0.2,1.2586,0.0008,False,False,3.2649,-0.5846,1.7366,0.3961,-3.1299,3.1044,0.0031,-0.0025,0.0087,-0.0087,0.0012,0.04,0.2043,-0.4096,0.6395,0.8199,0.7995,-0.2584,0.01,0.0045,0.0762,-0.0169,0.045,-0.0696,0.027,-0.2759,0.01
168701,0.2,1.2498,0.0,False,False,3.3506,-0.5862,1.7414,0.3947,-3.1328,3.1162,0.0003,0.0094,0.0039,-0.2062,0.2412,0.1807,0.2654,-0.4099,0.6054,0.8192,0.7995,-0.2584,0.01,-0.058,0.0688,0.0413,0.0578,-0.0535,-0.0566,0.9953,0.01
168801,0.2,1.2598,-0.0026,False,False,3.3449,-0.5793,1.7196,0.408,-3.1286,3.0467,-0.0054,0.0009,-0.0031,0.0024,0.0002,-0.0163,0.2021,-0.4203,0.6048,0.8214,0.7995,-0.2584,0.01,0.0596,0.0666,0.066,0.0539,0.031,-0.064,-1.7905,0.01
168901,0.2,0.3939,0.0,False,False,4.971,0.168,-0.0346,1.4348,0.0122,2.6909,0.3179,-0.1481,0.308,-0.1599,-0.0,-0.0,0.124,0.5853,-0.0316,0.8174,0.7978,-0.251,0.01,0.0749,-0.0756,-0.0691,0.0544,0.0555,0.0775,-0.8695,0.01
169001,0.2,0.3811,0.0061,False,False,4.9795,0.249,-0.2018,1.5209,0.0127,2.8572,0.341,0.0025,-0.0036,-0.0215,-0.0273,-0.0129,0.0994,0.5718,-0.0095,0.8116,0.8064,-0.26,0.01,0.0796,-0.0289,-0.0703,0.0142,0.0101,0.0787,-2.6766,0.01
169101,0.2,0.9685,-0.0001,False,False,4.2023,0.249,-0.2018,1.5205,0.0145,-0.4438,-0.0016,0.0002,0.0001,-0.0058,-0.006,0.1133,0.3493,0.0136,-0.2765,0.82,0.7999,-0.2619,0.01,0.0244,0.0799,-0.08,-0.0643,-0.0362,0.0799,3.0673,0.01
169201,0.2,0.3323,-0.0023,False,False,5.0297,0.249,-0.2018,1.5205,0.0145,-0.4438,0.1642,0.0,0.0052,-0.0427,-0.0291,0.0081,0.3362,0.6162,0.0123,0.8144,0.7999,-0.2619,0.01,0.0588,0.08,-0.08,-0.0628,0.0784,0.0795,2.9163,0.01
169301,0.2,0.9714,0.0,False,False,3.8882,-0.4877,1.415,0.5963,-0.1675,2.072,0.3311,-0.1709,0.0459,-0.8321,-0.0166,0.9538,0.2521,-0.0866,-0.0941,0.8542,0.8039,-0.2615,0.01,0.0717,-0.0709,-0.0253,0.0777,0.0398,0.0481,2.1072,0.01
169401,0.2,1.0964,0.0,False,False,3.8143,-0.3497,1.101,0.8615,-0.1925,1.5971,0.1072,0.106,-0.2529,0.1406,-0.0049,0.202,0.2192,-0.2021,-0.1391,0.8623,0.8076,-0.2679,0.01,0.0484,0.0596,-0.0011,0.0793,-0.0684,0.0772,1.9472,0.01
169501,0.2,1.1195,0.0,False,False,3.8904,-0.1844,0.7229,1.0294,0.0136,0.4521,0.3008,0.2613,-0.5854,0.3241,-0.0,-0.001,0.1837,-0.1948,-0.201,0.8155,0.8089,-0.2558,0.01,0.0792,0.0777,-0.0751,0.0799,-0.0257,0.0787,-0.1896,0.01
169601,0.2,1.0502,-0.0079,False,False,4.0956,0.249,-0.2018,1.5206,0.0142,-0.2305,-0.0001,0.0,0.0001,-0.0016,0.0028,0.1355,0.2126,-0.0768,-0.2694,0.8171,0.8089,-0.2558,0.01,-0.026,-0.0373,-0.0713,0.0756,0.0714,0.0649,2.641,0.01
169701,0.2,0.7651,0.0022,False,False,4.491,0.249,-0.2018,1.5205,0.0145,-0.4438,0.1619,0.0,0.0,0.0,0.0,0.0002,0.3362,0.2523,-0.2302,0.8157,0.8089,-0.2558,0.01,0.0451,-0.0339,-0.0714,0.0715,0.0716,0.0772,3.0775,0.01
169801,0.2,1.1491,-0.1286,False,False,2.3905,-1.6081,2.3973,-2.1756,-1.9049,0.5435,0.1421,-0.2142,-0.3209,1.3523,-0.1496,0.8894,-0.0473,-0.2543,0.7258,0.8133,0.8083,-0.2611,0.01,0.0792,-0.0421,-0.0682,0.0183,-0.0243,0.0065,1.8088,0.01
169901,0.2,0.9868,-0.2267,False,False,2.6514,-1.3575,2.3303,-1.5455,-1.9566,0.6987,0.2784,-0.0115,-0.0702,0.5093,0.8636,-2.9098,0.299,-0.1428,0.5783,0.8228,0.7981,-0.267,0.01,0.0775,-0.0316,-0.0778,0.0759,-0.0386,0.0662,2.7198,0.01
170001,0.2,0.9614,-0.0883,False,False,2.7492,-1.3669,2.3322,-1.4267,-1.5948,0.8815,0.3421,0.1073,-0.1532,0.4633,0.3911,0.4122,0.3944,-0.1495,0.4502,0.8417,0.7965,-0.2631,0.01,0.0742,-0.0113,-0.0796,0.0796,0.0271,0.0707,3.0816,0.01
170101,0.2,0.9353,-0.0796,False,False,2.8571,-1.4334,2.3629,-1.3912,-1.6786,0.9683,0.3462,0.0574,-0.1455,0.4296,0.2947,0.4114,0.3808,-0.1173,0.4506,0.8531,0.8024,-0.257,0.01,0.0754,-0.0248,-0.0742,0.0725,-0.0098,0.0706,1.6551,0.01
170201,0.2,1.1328,-0.1195,False,False,2.4453,-1.5977,2.3743,-2.0496,-1.9585,0.5372,0.3944,-0.29,-0.0364,1.0837,0.1936,0.7245,0.0008,-0.2394,0.7188,0.8133,0.8105,-0.2561,0.01,0.0757,-0.0787,-0.0745,0.0659,-0.0158,0.058,0.7851,0.01
170301,0.25,1.2023,-0.0731,False,False,2.1698,-1.5753,2.2744,-2.1067,-1.7357,0.1891,0.3942,-0.3157,0.3035,0.0738,-0.2743,0.2327,-0.0005,-0.2756,0.8063,0.8178,0.8064,-0.2671,0.01,0.0634,-0.0679,0.0452,0.0611,-0.0171,0.0418,-0.3799,0.0125
170401,0.25,1.1561,-0.1087,False,False,2.3121,-1.4934,2.2576,-2.0726,-1.8935,0.4055,0.3076,-0.0954,-0.1357,0.989,-0.0483,0.8722,0.0005,-0.2632,0.768,0.8142,0.7923,-0.2532,0.01,0.0783,-0.0492,-0.0661,0.058,-0.065,0.0287,-0.8133,0.0125
170501,0.25,0.0413,14.9912,True,False,5.4047,0.249,-0.2018,1.5205,0.0145,-0.4438,0.2631,0.0008,0.0057,0.0108,0.0275,0.0656,0.3362,0.7727,0.2718,0.8165,0.7923,-0.2532,0.01,0.0586,-0.012,-0.0722,0.0286,0.0778,0.0768,3.1068,0.0125
170601,0.25,1.1535,-0.1194,False,False,2.202,-1.4947,2.2264,-1.9613,-1.7913,0.2029,0.4035,-0.2335,0.0116,0.4391,-0.3106,1.0165,0.2387,-0.248,0.7628,0.8187,0.7996,-0.269,0.01,0.0788,-0.061,-0.0343,0.0438,-0.0785,0.0622,0.9148,0.0125
170701,0.25,1.0872,-0.1041,False,False,2.2086,-1.4521,2.2456,-1.7087,-1.7478,0.2162,0.3593,0.2715,0.2916,1.4983,0.4156,0.2606,0.3552,-0.2052,0.6776,0.8204,0.8118,-0.2554,0.01,0.0759,0.0026,-0.0536,0.051,-0.0732,0.0665,3.0624,0.0125
170801,0.25,1.136,-0.0946,False,False,2.3617,-1.5714,2.3534,-2.0776,-1.9133,0.5176,0.3023,-0.244,-0.0039,1.1875,0.1687,0.3878,0.0028,-0.2433,0.7332,0.8128,0.8032,-0.2582,0.01,0.0781,-0.0756,-0.0335,0.0423,-0.0718,0.0462,0.4084,0.0125
170901,0.25,1.2101,-0.1799,False,False,2.1182,-1.5362,2.2023,-2.0256,-1.7017,0.0899,0.3565,0.222,0.2111,-1.2167,-0.4605,-1.0964,-0.0006,-0.2777,0.8236,0.825,0.8073,-0.2612,0.01,0.0651,0.0288,0.0709,0.0532,-0.0593,-0.0449,0.5729,0.0125
171001,0.25,0.0452,14.9989,True,False,5.4131,0.249,-0.2018,1.521,0.0122,2.6909,0.3648,0.0,0.0,-0.0,-0.0,0.0,0.3513,0.7674,0.2876,0.8114,0.8073,-0.2612,0.01,0.0794,-0.0771,-0.078,0.0676,0.0775,0.0787,2.7889,0.0125
171101,0.25,1.1888,-0.0922,False,False,2.1646,-1.4932,2.2083,-2.012,-1.75,0.1456,0.4292,-0.0837,0.0383,-0.1526,-0.457,0.6253,0.0992,-0.2647,0.7932,0.8164,0.8114,-0.2613,0.01,0.0787,-0.0148,0.0196,0.0779,-0.0791,0.0466,1.3912,0.0125
171201,0.25,1.1549,-0.1098,False,False,2.4088,-1.6227,2.4226,-2.2035,-1.9373,0.5146,0.4254,-0.2099,-0.0091,0.6641,0.1824,0.768,-0.0,-0.2545,0.7427,0.8122,0.8038,-0.2691,0.01,0.0743,-0.0552,-0.0424,0.0727,0.0164,-0.0556,1.1057,0.0125
171301,0.3,0.9977,-0.1117,False,False,2.5449,-1.6091,2.3611,-1.6013,-1.8119,0.6621,0.4621,-0.1279,0.0505,1.4457,0.6242,0.3675,0.296,-0.1671,0.5582,0.8442,0.7957,-0.2479,0.01,0.0793,-0.0661,-0.0787,0.066,-0.0103,0.0714,3.0205,0.015
171401,0.3,0.9718,-0.0695,False,False,2.7583,-1.4465,2.3337,-1.4124,-1.6474,0.8328,0.3247,0.1391,-0.0947,0.471,0.1972,0.3406,0.3804,-0.1463,0.4649,0.8534,0.8074,-0.2611,0.01,0.0723,-0.0163,-0.074,0.0641,-0.0313,0.0531,2.0919,0.015
171501,0.3,0.9915,-0.0592,False,False,3.0643,-1.1621,2.379,-1.578,-2.0065,1.5886,0.3115,0.1582,-0.0994,0.1089,-0.0386,-0.4255,-0.0,-0.1332,0.6045,0.796,0.8043,-0.268,0.01,0.079,0.0008,-0.0764,0.0713,-0.0502,-0.076,-1.9617,0.015
171601,0.3,0.9453,-0.0709,False,False,2.8672,-1.296,2.3013,-1.4153,-1.7141,0.8801,0.3262,0.2883,-0.0898,0.1679,0.2909,0.3087,0.4166,-0.1362,0.4637,0.8401,0.7921,-0.2574,0.01,0.0774,0.009,-0.0659,0.0766,-0.0309,0.0496,2.777,0.015
171701,0.3,0.9567,-0.1044,False,False,2.969,-1.3118,2.2999,-1.4536,-1.6449,0.9103,0.3846,-0.1641,-0.1814,0.4486,0.6906,0.2693,0.4114,-0.1387,0.4334,0.832,0.8043,-0.2726,0.01,0.0777,-0.0638,-0.0796,0.0777,0.0714,0.0396,2.8123,0.015
171801,0.3,0.9869,-0.085,False,False,3.1971,-0.9922,2.127,-1.349,-1.9859,1.2707,0.29,0.4316,-0.189,0.3331,0.0262,0.4632,0.5431,-0.1572,0.4808,0.8015,0.8129,-0.2505,0.01,0.0799,0.056,-0.0796,0.0649,0.076,0.0673,2.4271,0.015
171901,0.3,0.905,-0.1385,False,False,3.3335,-1.2015,2.2303,-1.422,-1.4786,1.3974,0.3044,-0.124,-0.0976,-0.0239,0.42,1.8366,0.2904,-0.107,0.3426,0.8121,0.7961,-0.2614,0.01,0.0784,-0.0543,-0.072,0.0166,0.0786,-0.0471,-0.011,0.015
172001,0.3,1.125,-0.2491,False,False,3.3774,-0.702,1.6106,-0.2772,-0.501,1.9653,0.243,0.2666,-0.3904,0.3939,2.3813,0.2929,0.1729,-0.3095,0.084,0.8886,0.793,-0.265,0.01,0.0794,0.0762,-0.0685,-0.0471,-0.0243,0.0149,-2.9281,0.015
172101,0.3,0.9474,-0.1115,False,False,2.8942,-1.3847,2.5364,-1.7158,-1.9951,1.4994,0.3838,-0.1359,-0.1142,0.8487,0.272,-0.7671,0.0006,-0.0971,0.6189,0.7974,0.7912,-0.2604,0.01,0.0798,-0.0451,-0.0668,0.0703,-0.0681,-0.0401,1.435,0.015
172201,0.3,0.9861,-0.0801,False,False,2.9046,-1.0834,2.1632,-1.3957,-1.8544,1.187,0.3573,-0.1297,-0.1176,0.1467,0.3825,-0.4487,0.4834,-0.1721,0.4981,0.8071,0.7913,-0.2618,0.01,0.0792,-0.0609,-0.0771,0.0793,0.0112,0.0457,2.9879,0.015
172301,0.35,0.9936,-0.1516,False,False,3.1227,-0.9122,2.0533,-1.1964,-2.0334,1.5189,0.2598,0.0948,-0.0891,0.3036,-0.2076,1.9041,0.3709,-0.1739,0.5149,0.8099,0.7926,-0.2648,0.01,0.0774,0.0104,-0.0756,0.0233,-0.0084,0.0628,-0.1838,0.0175
172401,0.35,1.0071,-0.1363,False,False,3.1337,-0.874,1.9729,-1.0105,-2.0257,1.6388,0.2133,0.1305,-0.3263,0.6452,-0.8585,0.3301,0.4663,-0.1848,0.5045,0.8402,0.7988,-0.2558,0.01,0.0794,0.0401,-0.0734,0.0731,0.0116,0.0723,2.8813,0.0175
172501,0.35,1.0323,-0.0758,False,False,3.129,-0.8425,1.8859,-0.7521,-1.954,1.8009,0.2131,0.1174,-0.2896,0.3078,0.4388,0.1569,0.3739,-0.1989,0.4929,0.894,0.8044,-0.2768,0.01,0.0769,0.0349,-0.0587,0.0602,0.0469,0.0386,1.8508,0.0175
172601,0.35,1.0125,-0.0953,False,False,3.3178,-0.8681,1.9598,-1.0643,-2.0607,1.7075,0.2781,0.1372,-0.3529,0.4008,-0.2519,0.4239,0.3825,-0.1902,0.4826,0.8218,0.803,-0.2619,0.01,0.0721,0.011,-0.0797,0.0716,0.0772,0.0705,2.1577,0.0175
172701,0.35,1.107,-0.1453,False,False,3.2246,-0.7167,1.6245,-0.2222,-1.0976,2.1045,0.1967,0.1571,-0.2949,0.3894,1.3607,-0.0062,0.2274,-0.2875,0.2514,0.9744,0.8036,-0.2662,0.01,0.077,0.0641,-0.0523,-0.0053,-0.0705,-0.0119,-1.7271,0.0175
172801,0.35,1.0561,-0.0791,False,False,3.3015,-0.7346,1.654,-0.3014,-1.3201,2.1036,0.3574,0.1234,-0.3117,0.0304,0.4565,-0.1431,0.3149,-0.2388,0.2854,0.972,0.8014,-0.2621,0.01,0.0798,-0.0032,-0.0774,0.0743,-0.0084,-0.0087,-0.747,0.0175
172901,0.35,1.023,-0.1818,False,False,3.5404,-0.7066,1.6014,-0.2715,-0.7848,2.1789,0.2334,0.2165,-0.3928,0.3318,1.5027,0.4304,0.2145,-0.1981,0.0995,0.9263,0.7985,-0.2642,0.01,0.0761,0.0625,-0.0791,-0.0059,-0.0632,0.0635,-1.6577,0.0175
173001,0.35,1.1089,-0.0896,False,False,3.7729,-0.3464,1.0932,0.8661,-0.1925,1.6064,0.2847,0.239,-0.5616,0.3437,-0.0006,0.3595,0.0131,-0.2349,-0.1283,0.8741,0.7941,-0.2737,0.01,0.0775,0.0721,-0.0779,0.076,0.0004,0.0788,-2.9573,0.0175
173101,0.35,1.0978,0.0,False,False,3.9902,0.1408,0.022,1.4053,0.0127,0.1628,0.2649,0.2516,-0.5249,0.2676,0.0259,-2.3954,0.0334,-0.1579,-0.2517,0.8158,0.7969,-0.2606,0.01,0.0712,0.08,-0.0724,0.0775,-0.0791,0.0765,-3.0792,0.0175
173201,0.35,0.9064,-0.0797,False,False,3.5048,-1.0901,2.1392,-1.3612,-1.588,1.4323,0.3058,0.2211,-0.1856,0.219,0.1314,0.6729,0.4048,-0.0952,0.3418,0.8054,0.8091,-0.2671,0.01,0.0793,0.0192,-0.0785,0.0566,0.0779,0.0601,-2.4617,0.0175
173301,0.35,1.0832,-0.2017,False,False,3.4876,-0.6487,1.5099,-0.0398,-0.7634,2.1413,0.2461,0.2128,-0.333,0.2826,1.9972,0.4279,0.3034,-0.2536,0.0921,0.9497,0.7976,-0.2508,0.01,0.0719,0.0545,-0.0771,-0.0243,-0.0547,0.0488,-0.1048,0.0175
173401,0.3999999999999999,1.1291,-0.1449,False,False,3.6824,-0.4301,1.2668,0.6887,-0.1862,1.8952,0.2758,0.3336,-0.3616,1.2899,0.1241,-0.3915,0.0331,-0.2569,-0.0821,0.8708,0.8029,-0.251,0.01,0.0766,0.0757,-0.0787,0.0796,-0.0756,0.0795,-2.4591,0.0175
173501,0.3999999999999999,1.036,0.0,False,False,3.9779,-0.2027,0.764,1.0062,0.0155,3.0559,0.325,0.2815,-0.5919,-0.2275,-0.549,1.0697,0.2952,-0.1178,-0.1853,0.8126,0.8092,-0.2733,0.01,0.0794,0.0749,-0.0777,0.0577,0.0082,0.0794,1.7254,0.02
173601,0.3999999999999999,0.9028,0.0,False,False,4.2754,0.249,-0.202,1.5245,0.0172,2.86,0.3593,0.0002,-0.0067,0.1019,0.134,-0.1062,0.1213,0.0749,-0.2469,0.8108,0.8043,-0.2653,0.01,0.0779,-0.0748,-0.0742,0.0796,0.044,0.0789,-3.0034,0.02
173701,0.3999999999999999,0.75,0.0063,False,False,4.5025,0.249,-0.2018,1.5209,0.013,2.8418,0.3598,0.0,0.0,-0.0001,0.0006,-0.0271,0.0672,0.2518,-0.2152,0.8129,0.8042,-0.2585,0.01,0.0795,-0.0686,-0.0766,0.0545,0.0142,0.0795,-3.0166,0.02
173801,0.3999999999999999,0.4256,-0.0057,False,False,4.9184,0.249,-0.2018,1.5211,0.013,2.8569,0.3558,0.001,-0.0069,0.107,0.1307,0.0667,0.1083,0.5367,-0.0429,0.8114,0.7957,-0.2559,0.01,0.078,-0.0639,-0.0738,0.0387,0.0585,0.0742,-2.1385,0.02
173901,0.3999999999999999,0.0778,0.0068,False,False,5.3569,0.249,-0.2018,1.521,0.0122,2.6909,0.3688,0.0001,-0.0002,0.0001,-0.0,-0.0007,0.2936,0.7535,0.2425,0.8129,0.8175,-0.2697,0.01,0.0793,-0.0765,-0.0787,0.0715,0.0765,0.0793,1.802,0.02
174001,0.3999999999999999,0.2974,0.0004,False,False,5.8295,0.249,-0.2018,1.5207,0.0136,3.006,0.0012,0.0,0.0004,-0.0058,-0.0078,0.0017,0.467,0.7773,0.6198,0.8103,0.8663,-0.2132,0.01,0.0026,-0.0725,-0.0761,0.0517,0.0485,0.0797,2.7315,0.02
174101,0.3999999999999999,0.2883,0.0,False,False,5.817,0.249,-0.2018,1.5208,0.0134,3.1178,-0.0027,-0.0001,0.0001,-0.0014,-0.0005,-0.0156,0.462,0.7781,0.6102,0.8144,0.8663,-0.2132,0.01,-0.0134,-0.077,-0.0796,0.0722,0.0244,0.0798,2.9136,0.02
174201,0.3999999999999999,0.3271,0.0,False,False,5.8679,0.249,-0.2018,1.5203,0.0152,3.0626,0.0062,-0.0001,0.0,-0.002,-0.0,-0.0327,0.4727,0.7735,0.6497,0.8118,0.8663,-0.2132,0.01,-0.0111,-0.0794,-0.0792,0.0777,-0.0277,0.0782,2.9255,0.02
174301,0.3999999999999999,0.3076,0.0,False,False,5.8433,0.249,-0.2018,1.5204,0.0149,3.069,0.0027,-0.0,0.0001,-0.0019,0.0055,0.0062,0.4486,0.7771,0.6304,0.8122,0.8663,-0.2132,0.01,-0.0112,-0.0776,-0.0791,0.0744,0.0326,0.0785,3.0207,0.02
174401,0.3999999999999999,0.5909,0.0,False,False,4.7207,0.249,-0.2018,1.5211,0.0152,-0.4419,0.041,0.0,0.0021,-0.0348,-0.0312,0.0587,0.3352,0.4232,-0.1519,0.8154,0.8,-0.2474,0.01,0.0406,0.0791,-0.068,0.0566,0.0781,0.0796,-2.6906,0.02
174501,0.3999999999999999,0.4298,0.0,False,False,4.9316,0.249,-0.2018,1.5206,0.0143,-0.4444,0.2072,0.0001,0.0,0.0001,0.0008,-0.001,0.3357,0.5613,-0.0537,0.8185,0.8,-0.2474,0.01,0.0596,0.0777,-0.0663,0.0222,0.0754,0.0787,-2.6039,0.02
174601,0.3999999999999999,0.3922,0.0,False,False,4.9862,0.249,-0.2018,1.5205,0.0145,-0.4437,-0.0047,-0.0,-0.0012,0.0191,0.0228,0.0331,0.3362,0.5934,-0.0293,0.8217,0.8,-0.2474,0.01,0.0249,0.0766,-0.0582,-0.0036,0.0726,0.0791,-2.6364,0.02
174701,0.3999999999999999,0.3722,0.0,False,False,5.0121,0.249,-0.2018,1.5205,0.0145,-0.4432,-0.0032,-0.0,0.0009,-0.0009,-0.0039,-0.0087,0.3354,0.6081,-0.0147,0.8221,0.8,-0.2474,0.01,0.019,0.0754,-0.0753,0.0364,0.0786,0.0788,-2.6995,0.02
174801,0.3999999999999999,0.3587,0.0,False,False,5.0264,0.249,-0.2018,1.5208,0.0148,-0.4423,0.0004,0.0003,-0.0009,0.0102,0.0099,-0.0171,0.3348,0.6162,-0.0039,0.8211,0.8,-0.2474,0.01,0.0229,0.0781,-0.0613,-0.0116,0.0682,0.079,-3.006,0.02
174901,0.3999999999999999,0.6125,-0.002,False,False,4.6934,0.249,-0.2018,1.5205,0.0145,-0.4437,-0.0006,0.0006,-0.0006,-0.0018,-0.0019,0.0141,0.3362,0.404,-0.1636,0.8157,0.7966,-0.2442,0.01,0.0116,0.0722,-0.0564,0.0189,0.0787,0.0796,-2.9665,0.02
175001,0.3999999999999999,0.5013,0.0,False,False,4.8482,0.249,-0.2018,1.5211,0.0151,-0.4437,-0.0008,0.0074,-0.0073,-0.008,-0.0032,0.0225,0.3377,0.5085,-0.1033,0.8206,0.7966,-0.2442,0.01,0.0169,0.0787,-0.0737,0.006,0.0733,0.0786,-3.0052,0.02
175101,0.3999999999999999,0.3975,0.0,False,False,4.9772,0.249,-0.2018,1.5205,0.0145,-0.438,-0.0003,-0.0,0.0001,0.0007,0.0003,-0.0076,0.3273,0.5881,-0.0313,0.82,0.7966,-0.2442,0.01,0.0053,0.0789,-0.0233,-0.0026,0.0652,0.0769,-3.0816,0.02
175201,0.3999999999999999,0.3,0.0,False,False,5.1039,0.249,-0.2018,1.5205,0.0145,-0.4371,0.0011,0.0063,-0.0071,0.0101,-0.0088,-0.0472,0.3258,0.657,0.0422,0.8225,0.7966,-0.2442,0.01,0.0159,0.0769,-0.0656,-0.0104,0.0728,0.078,-2.7722,0.02
175301,0.3999999999999999,0.2845,0.0,False,False,5.1209,0.249,-0.2018,1.5205,0.0144,-0.4335,0.0046,0.0,0.0,-0.0001,-0.0,-0.0148,0.3194,0.6653,0.0554,0.8215,0.7966,-0.2442,0.01,0.0273,0.0757,-0.0696,-0.0191,0.0763,0.0775,-2.6598,0.02
175401,0.3999999999999999,0.6692,0.0,False,False,4.6208,0.249,-0.2018,1.5205,0.0145,-0.4375,0.0751,-0.0,0.0004,-0.0065,-0.0007,-0.1918,0.3266,0.3503,-0.1938,0.8171,0.7929,-0.2427,0.01,0.0455,0.0792,-0.0383,-0.0018,0.0788,0.0787,-3.0339,0.02
175501,0.3999999999999999,0.4776,0.0,False,False,4.8731,0.249,-0.2018,1.5205,0.0145,-0.4378,-0.012,-0.0002,0.0009,-0.0006,0.0057,0.0134,0.3269,0.5247,-0.0868,0.8189,0.7929,-0.2427,0.01,0.0279,0.0772,-0.0488,-0.0353,0.0775,0.0794,-2.6253,0.02
175601,0.3999999999999999,0.4307,0.0,False,False,4.9367,0.249,-0.2018,1.5205,0.0145,-0.4437,0.0026,-0.0001,0.0002,-0.0039,0.0043,-0.0049,0.3362,0.5642,-0.0564,0.821,0.7929,-0.2427,0.01,0.0203,0.0787,-0.0727,-0.0079,0.0786,0.0784,-3.0492,0.02
175701,0.3999999999999999,0.3708,0.0,False,False,5.0134,0.249,-0.2018,1.5206,0.0141,-0.4216,0.0009,-0.0005,0.0008,-0.0053,-0.0037,-0.0307,0.2969,0.6077,-0.0124,0.821,0.7929,-0.2427,0.01,-0.0184,0.0758,-0.0775,-0.025,0.078,0.0784,-3.0374,0.02
175801,0.3999999999999999,0.4243,-0.003,False,False,4.9528,0.249,-0.2018,1.5203,0.0153,-0.1933,-0.1469,0.0,0.0,-0.0,0.0,0.0,0.1704,0.5661,-0.0502,0.8175,0.7929,-0.2427,0.01,-0.0506,0.0611,-0.0684,-0.0631,0.0793,0.0794,-1.3366,0.02
175901,0.3999999999999999,0.709,-0.0006,False,False,4.5731,0.249,-0.2018,1.5205,0.0145,-0.4437,-0.0033,0.002,-0.0004,-0.0567,-0.0569,-0.0444,0.3361,0.3151,-0.2083,0.8164,0.8026,-0.2442,0.01,0.0345,0.0786,-0.0486,-0.0039,0.0636,0.0793,-3.0251,0.02
176001,0.3999999999999999,0.6577,0.0,False,False,4.6508,0.249,-0.2018,1.5205,0.0145,-0.4399,-0.0298,0.0,0.0,-0.0005,0.0004,0.0522,0.3303,0.3707,-0.1893,0.8201,0.8026,-0.2442,0.01,-0.0391,0.0623,0.006,-0.04,0.0677,0.0797,-3.0002,0.02
176101,0.3999999999999999,0.7306,0.0,False,False,4.5409,0.249,-0.2018,1.5205,0.0147,-0.1704,-0.0011,-0.0,0.0,0.0003,-0.0002,0.0257,0.0155,0.2846,-0.2089,0.8141,0.8026,-0.2442,0.01,0.0109,0.0748,-0.0687,-0.0599,0.0795,0.0777,-3.0396,0.02
176201,0.3999999999999999,0.7138,0.0,False,False,4.5675,0.249,-0.2018,1.5208,0.0135,-0.2745,-0.0362,0.0001,-0.0002,-0.0003,0.0018,0.081,0.0858,0.3038,-0.2043,0.8149,0.8026,-0.2442,0.01,-0.0444,0.0774,-0.0542,-0.0478,0.0789,0.0797,-1.1704,0.02
176301,0.3999999999999999,0.7616,0.0,False,False,4.5062,0.249,-0.2018,1.5205,0.0144,-0.0253,0.0027,0.0024,0.0001,0.0155,-0.0015,-0.0723,0.0264,0.2563,-0.2243,0.815,0.8026,-0.2442,0.01,-0.0191,0.0749,-0.0606,-0.0635,0.0797,0.0794,-2.9322,0.02
176401,0.3999999999999999,0.9676,0.0,False,False,4.2034,0.249,-0.2018,1.5205,0.0147,-0.1712,-0.0025,-0.0002,0.0003,-0.0028,-0.0024,-0.0354,0.0,0.0189,-0.2587,0.8136,0.8183,-0.2641,0.01,-0.0196,0.0409,-0.0101,0.0013,0.0797,0.0787,-2.9879,0.02
176501,0.3999999999999999,1.0454,-0.0077,False,False,4.0867,0.249,-0.2018,1.5203,0.0152,-0.1937,0.0985,0.0064,-0.0124,0.0039,0.0108,-0.0679,-0.0,-0.0745,-0.2575,0.8135,0.8183,-0.2641,0.01,0.0461,0.0782,0.0472,-0.002,0.0785,0.0777,-3.1212,0.02
176601,0.3999999999999999,1.1929,0.0,False,False,3.8832,0.249,-0.2018,1.5209,0.0127,0.1697,0.001,0.0,0.0,0.0004,0.0004,-0.0185,0.0521,-0.2551,-0.2338,0.8132,0.8183,-0.2641,0.01,0.0169,-0.0549,-0.0109,0.0369,0.0793,0.0686,-3.0477,0.02
176701,0.3999999999999999,1.2753,0.0,False,False,3.7295,0.249,-0.2019,1.5227,0.0139,0.3075,0.0003,0.0032,-0.0013,-0.0049,-0.0155,-0.0272,0.0674,-0.3667,-0.185,0.8126,0.8183,-0.2641,0.01,0.009,0.0478,-0.0395,0.0631,-0.0257,0.07,-2.5035,0.02
176801,0.3999999999999999,1.3139,0.0,False,False,3.6529,0.249,-0.2018,1.5203,0.0152,0.0857,-0.1836,0.0003,0.0028,0.0079,0.0098,-0.2171,0.015,-0.4197,-0.1533,0.8142,0.8183,-0.2641,0.01,-0.0471,-0.0207,0.0322,0.0595,0.0593,0.0786,-3.017,0.02
176901,0.3999999999999999,0.9929,0.0,False,False,4.1696,0.249,-0.2018,1.5208,0.0134,0.141,0.006,0.0001,-0.0003,-0.0004,0.0017,-0.0631,0.0568,-0.0212,-0.2731,0.8137,0.7887,-0.2491,0.01,0.0291,-0.0181,-0.0604,0.0547,0.0786,0.0796,-2.9714,0.02
177001,0.3999999999999999,1.1125,0.0,False,False,3.9906,0.249,-0.2018,1.5211,0.012,0.2317,0.0101,-0.0001,0.0001,-0.0005,0.0005,-0.1371,0.1099,-0.1719,-0.2598,0.8117,0.7887,-0.2491,0.01,-0.0261,-0.0207,-0.0592,0.072,0.0695,0.0793,-2.8765,0.02
177101,0.3999999999999999,1.2459,0.0,False,False,3.7376,0.249,-0.2018,1.5212,0.0117,0.3229,0.0004,0.0001,-0.0003,0.0046,0.005,0.0028,0.0474,-0.3577,-0.1864,0.814,0.7887,-0.2491,0.01,0.0201,0.0673,-0.0552,0.0687,0.072,0.0788,-2.9597,0.02
177201,0.3999999999999999,1.351,0.0,False,False,3.4785,0.249,-0.2018,1.5206,0.0143,0.4707,0.0008,0.0007,-0.0013,0.0005,-0.0014,0.0089,0.0,-0.5101,-0.0693,0.8239,0.7887,-0.2491,0.01,-0.0155,-0.0412,0.038,0.0743,0.0775,0.0785,-2.9002,0.02
177301,0.3999999999999999,1.4928,0.0,False,False,3.1851,0.249,-0.2018,1.5212,0.0117,0.3195,-0.004,-0.0001,0.0008,-0.0009,-0.0034,0.0061,0.0354,-0.6917,0.1103,0.8138,0.7887,-0.2491,0.01,-0.0253,0.0575,0.0662,0.0791,0.0614,0.075,-3.0628,0.02
177401,0.3999999999999999,1.0206,0.0,False,False,4.1192,0.249,-0.2018,1.5211,0.012,0.2918,-0.2201,0.0043,-0.0047,0.0167,-0.0066,0.3766,0.0495,-0.0593,-0.2695,0.8131,0.7925,-0.2577,0.01,-0.0618,0.0576,-0.0581,0.0658,0.0795,0.0798,-2.9351,0.02
177501,0.3999999999999999,1.1035,0.0,False,False,3.9998,0.249,-0.2018,1.5211,0.0119,0.258,0.0001,-0.0001,-0.0,-0.0023,-0.0019,0.0276,0.0722,-0.1633,-0.2588,0.8119,0.7925,-0.2577,0.01,-0.0045,0.0174,-0.05,0.0753,0.0759,0.079,-3.018,0.02
177601,0.3999999999999999,1.1857,0.0,False,False,3.8497,0.249,-0.2018,1.5211,0.0118,0.3141,-0.0025,0.0004,0.001,-0.0002,-0.0054,0.0024,0.0651,-0.2755,-0.2223,0.8134,0.7925,-0.2577,0.01,-0.0003,0.0669,-0.0014,0.0797,0.0772,0.0793,-2.6158,0.02
177701,0.3999999999999999,1.2402,0.0,False,False,3.7482,0.249,-0.2018,1.5212,0.0117,0.3173,-0.0459,0.0011,-0.0006,0.0044,0.0052,0.0244,0.0334,-0.3503,-0.1889,0.8142,0.7925,-0.2577,0.01,-0.0393,0.0497,0.0423,0.0781,0.0776,0.0751,-3.0832,0.02
177801,0.3999999999999999,1.2938,0.0,False,False,3.6377,0.249,-0.2018,1.5212,0.0116,0.3446,-0.0937,0.0005,-0.0004,0.0016,-0.0029,-0.426,0.0263,-0.4245,-0.1459,0.8156,0.7925,-0.2577,0.01,-0.0462,0.0704,0.0261,0.0779,0.0728,0.0775,-3.046,0.02
177901,0.3999999999999999,0.9144,0.0,False,False,4.2569,0.249,-0.2022,1.5268,0.0192,0.3657,-0.0013,0.0075,-0.007,-0.0097,-0.0041,-0.0602,0.0264,0.0628,-0.26,0.816,0.805,-0.2765,0.01,-0.0034,0.0007,-0.0577,0.0089,0.077,0.0791,-2.8385,0.02
178001,0.3999999999999999,0.9835,0.0001,False,False,4.1621,0.249,-0.2018,1.5212,0.0117,0.3599,-0.0004,0.0006,-0.0009,0.0014,0.0014,-0.0075,0.0465,-0.0174,-0.2653,0.8158,0.805,-0.2765,0.01,-0.0248,-0.0074,-0.0411,0.0295,0.0754,0.0792,-2.8273,0.02
178101,0.3999999999999999,1.1107,0.0,False,False,3.9565,0.249,-0.2018,1.5211,0.0119,0.385,-0.2275,0.0002,0.0002,0.0009,0.0013,0.0316,0.0,-0.1786,-0.2415,0.8179,0.805,-0.2765,0.01,-0.0581,0.0231,-0.0071,0.0683,0.0688,0.0764,-2.8188,0.02
178201,0.3999999999999999,1.1395,0.0,False,False,3.9193,0.249,-0.202,1.5245,0.016,0.3302,0.0935,0.0071,-0.006,-0.0213,-0.0266,0.0297,0.0227,-0.2139,-0.2361,0.815,0.805,-0.2765,0.01,0.0408,0.0418,-0.0378,0.0646,0.0695,0.0796,-3.021,0.02
178301,0.3999999999999999,1.2613,0.0,False,False,3.7284,0.249,-0.2024,1.5308,0.026,0.0002,0.2842,-0.0001,-0.0195,0.3178,0.3415,-2.14,0.0677,-0.3698,-0.1851,0.813,0.805,-0.2765,0.01,0.0774,0.073,0.0727,0.0709,0.079,0.0772,-3.1096,0.02
178401,0.3999999999999999,0.9699,-0.0003,False,False,4.2164,0.249,-0.2018,1.5209,0.0127,0.173,0.0038,-0.0,0.0,-0.0003,0.0013,-0.068,0.0557,0.0174,-0.2723,0.8136,0.8014,-0.2518,0.01,-0.0244,-0.0084,-0.0267,-0.0045,0.0744,0.0562,-2.9789,0.02
178501,0.3999999999999999,1.16,0.0,False,False,3.8892,0.249,-0.2017,1.5205,0.0142,-0.1398,0.0008,-0.0418,0.0869,-0.0572,-0.0029,0.1146,-0.0,-0.2331,-0.226,0.8142,0.8014,-0.2518,0.01,-0.0022,-0.0704,0.0533,0.05,0.0752,0.0735,-2.9813,0.02
178601,0.3999999999999999,1.33,0.0,False,False,3.5828,0.249,-0.2018,1.5206,0.0142,0.0196,-0.2606,0.0,0.0004,-0.0028,0.0146,1.516,0.0124,-0.4605,-0.1212,0.8151,0.8014,-0.2518,0.01,-0.0643,0.0238,0.0391,0.0655,0.0799,0.0759,-2.5271,0.02
178701,0.3999999999999999,1.4819,0.0,False,False,3.2101,0.2182,-0.139,1.4965,0.0233,0.4127,0.1266,-0.2831,0.5872,-0.3237,-0.0264,-0.0102,0.0031,-0.6653,0.0883,0.8182,0.8014,-0.2518,0.01,0.0327,-0.0795,0.0675,0.0514,0.079,0.0763,-2.9344,0.02
178801,0.3999999999999999,1.5198,0.0,False,False,3.1291,0.2444,-0.1924,1.5157,0.0146,0.0658,-0.2407,-0.2755,0.5667,-0.3036,0.0003,2.1498,0.0837,-0.7107,0.1479,0.8148,0.8014,-0.2518,0.01,-0.064,-0.079,0.0673,0.0117,0.0769,0.0733,-1.3901,0.02
178901,0.3999999999999999,0.964,0.0,False,False,4.2189,0.249,-0.2023,1.5287,0.0249,-0.1543,0.3003,0.0072,0.0036,-0.1543,-0.2025,-0.7476,0.1426,0.0178,-0.2753,0.8153,0.8093,-0.2756,0.01,0.077,0.0317,0.0665,0.0773,0.0792,0.0424,-1.6707,0.02
179001,0.3999999999999999,0.9455,-0.0535,False,False,2.9557,-1.4552,2.2601,-1.1918,-1.3045,0.6079,0.3905,-0.0906,-0.0811,0.4331,0.1338,0.1174,0.0,-0.1452,0.3865,0.8572,0.7923,-0.2662,0.01,0.0796,-0.0556,-0.0666,0.0791,0.0242,0.0584,-2.744,0.02
179101,0.3999999999999999,0.9305,-0.0731,False,False,3.0873,-1.5934,2.253,-1.0988,-1.4968,0.7272,0.394,0.0397,-0.1285,0.46,0.3967,-0.2449,0.0342,-0.1021,0.4194,0.8977,0.8135,-0.257,0.01,0.0797,-0.0347,-0.0761,0.08,0.0316,-0.017,-0.3987,0.02
179201,0.3999999999999999,0.8403,0.0,False,False,4.4363,0.1389,0.0261,1.4026,0.015,-0.1914,-0.1405,-0.191,0.3998,-0.2188,0.0462,1.616,0.3826,0.1905,-0.2701,0.8205,0.8135,-0.257,0.01,-0.0403,-0.0799,-0.0341,-0.0755,0.0782,-0.0788,2.4437,0.02
179301,0.3999999999999999,0.8514,0.0,False,False,4.4138,0.249,-0.2018,1.5208,0.0133,-0.2934,0.001,0.0,0.0001,0.0004,-0.0,0.0186,0.3062,0.1723,-0.2661,0.8231,0.8135,-0.257,0.01,-0.0033,-0.0797,-0.047,-0.0167,0.0795,-0.0755,0.8726,0.02
179401,0.3999999999999999,1.0402,0.0,False,False,4.1248,0.2418,-0.1871,1.513,0.0144,-0.4471,-0.0591,-0.1737,0.357,-0.1851,-0.0042,-0.1051,0.3573,-0.0546,-0.2792,0.8226,0.8135,-0.257,0.01,-0.0262,-0.0775,0.0086,-0.0753,0.0799,-0.077,3.0529,0.02
179501,0.3999999999999999,1.1644,0.0,False,False,3.9371,0.249,-0.2018,1.5205,0.0145,-0.4379,-0.0018,0.0003,0.001,0.0029,-0.0012,0.01,0.3446,-0.2131,-0.2555,0.8246,0.8135,-0.257,0.01,0.0069,-0.0799,-0.0407,-0.0788,0.0627,-0.0764,0.3353,0.02
179601,0.3999999999999999,0.8854,-0.049,False,False,3.1238,-1.6346,2.2921,-1.0619,-1.2053,0.7301,0.3979,-0.0257,-0.1441,0.4516,0.1213,-0.0899,0.0022,-0.0864,0.3379,0.9057,0.7905,-0.251,0.01,0.0797,-0.0421,-0.0796,0.0673,0.0384,0.0284,-0.6302,0.02
179701,0.3999999999999999,0.2201,0.0089,False,False,5.1788,0.249,-0.2018,1.5205,0.0145,-0.4438,0.3119,0.0034,-0.0064,-0.0068,-0.0122,-0.0018,0.3362,0.6912,0.1045,0.8171,0.7905,-0.251,0.01,0.0742,0.0018,0.0375,-0.0674,0.0797,-0.0542,3.106,0.02
179801,0.3999999999999999,0.4463,0.0,False,False,4.9,0.1847,-0.0692,1.4523,0.0145,-0.4438,0.2866,-0.1618,0.3411,-0.1774,-0.0187,-0.0656,0.3362,0.5425,-0.0704,0.8163,0.8008,-0.2575,0.01,0.0717,-0.0326,0.0742,-0.0348,0.0742,-0.0666,3.0864,0.02
179901,0.3999999999999999,0.5838,0.0,False,False,4.7376,0.2168,-0.1356,1.4865,0.0145,-0.4438,0.1754,-0.0903,0.1864,-0.096,0.0,0.0004,0.3362,0.4349,-0.1506,0.8173,0.8094,-0.2536,0.01,0.0515,-0.0083,0.0684,-0.0309,0.0743,-0.0772,2.9244,0.02
180001,0.3999999999999999,0.9916,0.0,False,False,4.0901,-0.2745,0.928,0.9148,0.012,0.2914,0.2959,0.2514,-0.5702,0.3535,0.0022,0.0351,0.37,-0.0504,-0.2138,0.8071,0.8002,-0.2543,0.01,0.0793,0.0772,-0.0755,0.0797,-0.0735,0.0751,0.3629,0.02
180101,0.3999999999999999,0.939,0.0,False,False,3.9738,-0.4582,1.3747,0.6513,0.0136,0.4521,0.2571,0.1778,-0.4611,0.2829,0.001,0.0319,0.2371,-0.0428,-0.1173,0.8141,0.8098,-0.2746,0.01,0.0781,0.0794,-0.0731,0.077,-0.0795,0.0786,1.0251,0.02
180201,0.3999999999999999,1.0404,-0.1435,False,False,3.7917,-0.5054,1.4833,0.5529,0.0113,0.3822,0.2748,0.2717,-0.2462,1.0705,0.029,-1.1486,0.2312,-0.1521,-0.0825,0.8114,0.82,-0.2625,0.01,0.0742,0.054,-0.0744,0.0769,-0.0763,0.0742,-1.4073,0.02
180301,0.3999999999999999,0.5719,0.0,False,False,6.1965,0.249,-0.2018,1.5205,0.0145,-0.4378,0.0325,-0.0,0.0,-0.0005,0.0009,-0.0195,0.3858,0.7561,0.8955,0.8241,0.8825,-0.2112,0.01,0.0799,0.08,0.0758,0.0792,0.013,-0.0651,3.1369,0.02
180401,0.3999999999999999,0.5673,0.0,False,False,6.2001,0.249,-0.2018,1.5206,0.0143,-0.4603,0.0009,0.0,0.0001,-0.0023,-0.0013,-0.0008,0.4309,0.7652,0.8924,0.8301,0.8825,-0.2112,0.01,0.0792,0.08,0.0782,0.079,0.0782,0.0645,3.1411,0.02
180501,0.3999999999999999,0.5707,0.0,False,False,6.2024,0.249,-0.2018,1.5206,0.0143,-0.4584,0.0009,-0.0003,0.0008,-0.0006,-0.0015,-0.0016,0.4211,0.7634,0.8956,0.8295,0.8825,-0.2112,0.01,0.0799,0.0799,0.0737,0.0633,0.0753,0.0355,3.137,0.02
180601,0.3999999999999999,0.5719,0.0,False,False,6.2035,0.249,-0.2018,1.5213,0.0152,-0.4579,0.0041,-0.0,0.0029,-0.0466,-0.0518,-0.0359,0.4208,0.7629,0.8967,0.8292,0.8825,-0.2112,0.01,0.0797,0.08,0.069,0.0778,0.0788,0.0496,3.1132,0.02
180701,0.3999999999999999,0.9818,-0.2523,False,False,3.845,-0.5869,1.4871,0.1214,0.011,1.0017,0.2375,0.2787,-0.346,0.9452,0.2319,3.1663,0.0781,-0.1145,-0.0967,0.8201,0.785,-0.2545,0.01,0.0778,0.0707,-0.0797,0.0343,-0.0786,0.0252,-0.8484,0.02
180801,0.3999999999999999,0.9826,-0.1651,False,False,3.8874,-0.5817,1.5034,0.1756,0.0022,0.7596,0.2637,0.329,-0.3341,1.2168,-0.1028,-1.2397,0.1787,-0.1088,-0.1017,0.8122,0.7982,-0.2744,0.01,0.0773,0.0781,-0.0797,0.0788,-0.0718,0.0535,-1.39,0.02
180901,0.3999999999999999,0.9729,0.0,False,False,3.8219,-0.6138,1.5605,0.0972,-0.0207,1.051,0.2776,0.1652,-0.2087,0.4607,0.6226,-1.9335,0.0826,-0.1146,-0.079,0.8255,0.7875,-0.2664,0.01,0.075,0.0349,-0.0735,-0.0566,-0.078,0.0156,-2.0664,0.02
181001,0.4499999999999999,1.0149,-0.0185,False,False,3.832,-0.4831,1.4246,0.5908,0.0116,0.4228,0.1634,0.0504,-0.1557,0.0467,-0.0041,0.0778,0.2137,-0.1325,-0.0972,0.813,0.8095,-0.2701,0.01,0.0458,-0.0087,-0.0762,0.078,-0.0779,0.0767,-0.9565,0.02
181101,0.4499999999999999,1.1314,0.0,False,False,3.7606,-0.3661,1.1446,0.7895,0.0136,0.452,0.274,0.1902,-0.4547,0.2065,-0.0589,0.1128,0.3626,-0.2346,-0.1295,0.8108,0.8202,-0.2709,0.01,0.0723,0.0427,-0.0773,0.0776,-0.0797,0.0788,2.5089,0.0225
181201,0.4499999999999999,0.5472,0.0,False,False,6.1968,0.249,-0.2018,1.5205,0.0145,-0.4374,0.0013,-0.0,-0.0,0.0002,-0.0009,0.0353,0.3995,0.7625,0.8917,0.8274,0.8553,-0.1963,0.01,0.077,0.0797,-0.0618,-0.0356,-0.0718,0.08,3.132,0.0225
181301,0.4499999999999999,0.548,0.0,False,False,6.2002,0.249,-0.2018,1.5206,0.0143,-0.46,-0.0073,0.0,0.0013,0.0023,-0.0017,-0.0097,0.4298,0.765,0.8927,0.8301,0.8553,-0.1963,0.01,0.076,0.0798,-0.0423,-0.0372,-0.0758,0.0799,2.852,0.0225
181401,0.4499999999999999,0.5516,0.0,False,False,6.2028,0.249,-0.2018,1.5206,0.0143,-0.4581,0.0109,0.0001,0.0012,-0.0207,-0.0224,-0.0355,0.4199,0.7631,0.8961,0.8294,0.8553,-0.1963,0.01,0.034,0.0789,-0.0497,-0.0208,-0.0708,0.0799,2.126,0.0225
181501,0.4499999999999999,0.553,0.0,False,False,6.2042,0.249,-0.2018,1.5205,0.0143,-0.4577,-0.0012,-0.0001,-0.0012,0.0221,0.0255,0.0161,0.4175,0.7624,0.8974,0.8292,0.8553,-0.1963,0.01,0.0749,0.0776,0.0263,-0.0014,0.0135,0.0793,3.1215,0.0225
181601,0.4499999999999999,1.1069,0.0,False,False,3.8007,-0.3276,1.0522,0.8433,0.0136,0.4521,0.2501,0.2333,-0.5524,0.3192,-0.0,-0.0003,0.2388,-0.2168,-0.1469,0.8142,0.7921,-0.2422,0.01,0.0711,0.0766,-0.0764,0.0742,-0.0763,0.078,0.7326,0.0225
181701,0.4499999999999999,1.1125,-0.0759,False,False,3.6974,-0.444,1.3072,0.6518,-0.0876,0.8152,0.2775,0.3679,-0.3356,1.4663,0.2752,-2.343,0.2155,-0.2446,-0.0916,0.8382,0.8026,-0.2694,0.01,0.0789,0.0771,-0.0776,0.0614,-0.0793,0.0794,1.1719,0.0225
181801,0.4499999999999999,1.0479,-0.1523,False,False,3.656,-0.6871,1.649,-0.1912,0.0193,1.3416,0.2125,0.2389,-0.3355,0.9686,0.0159,-1.3637,0.0433,-0.1914,-0.0467,0.8313,0.8029,-0.2685,0.01,0.0796,0.0764,-0.0506,-0.0749,-0.0765,0.0631,-0.462,0.0225
181901,0.4499999999999999,1.1049,-0.1189,False,False,3.6285,-0.5929,1.498,0.1323,-0.1303,1.3608,0.3427,-0.1304,0.0869,-0.8699,0.3777,-0.8204,0.0457,-0.2422,-0.045,0.8499,0.8117,-0.2687,0.01,0.0722,-0.0598,-0.0351,0.0786,-0.0798,0.0632,-2.452,0.0225
182001,0.4499999999999999,0.9441,-0.1701,False,False,3.5293,-0.8502,1.9182,-0.8053,-0.775,1.9778,0.1161,0.1182,-0.2688,0.529,1.5406,-0.3941,0.1317,-0.1209,0.1337,0.8612,0.8097,-0.2736,0.01,0.0694,0.0727,-0.0619,-0.0528,-0.0665,-0.0738,-3.0998,0.0225
182101,0.4499999999999999,0.8802,-0.1006,False,False,3.4077,-0.9196,2.0904,-0.975,-1.5668,1.8324,0.0753,0.0726,-0.2414,0.6626,0.5628,0.3974,0.21,-0.0787,0.3692,0.8693,0.794,-0.2628,0.01,0.074,0.0768,-0.069,-0.0215,-0.0113,0.0682,-1.1711,0.0225
182201,0.4499999999999999,0.8887,-0.0568,False,False,3.363,-1.0831,2.2173,-1.3896,-1.5169,1.3017,0.3053,0.3355,-0.1911,0.2561,0.121,0.1181,0.4382,-0.0854,0.3452,0.8072,0.8014,-0.2616,0.01,0.0792,0.0382,-0.0794,0.0678,0.0752,0.063,-0.3253,0.0225
182301,0.4499999999999999,0.9871,-0.2029,False,False,3.0748,-1.2676,2.1875,-1.462,-1.5765,1.5011,0.3351,-0.1376,-0.0375,-0.0821,0.415,-3.0933,0.0001,-0.1873,0.431,0.8079,0.7877,-0.2719,0.01,0.079,-0.0668,-0.0753,-0.0163,0.0334,0.0482,-1.6182,0.0225
182401,0.4499999999999999,1.0172,-0.0272,False,False,2.9444,-1.3059,2.2246,-1.4403,-1.5323,1.0781,0.302,-0.1089,-0.0184,0.0072,0.0208,0.1752,0.2001,-0.1848,0.441,0.8166,0.8208,-0.26,0.01,0.0706,-0.062,-0.0581,-0.0178,-0.0402,0.071,1.0532,0.0225
182501,0.4499999999999999,0.3322,0.0,False,False,5.8274,0.249,-0.2018,1.5205,0.0145,-0.4438,0.2834,0.0016,-0.0018,0.0057,-0.0,-0.0051,0.3362,0.8145,0.6159,0.8141,0.9351,-0.2434,0.0217,0.0799,0.0774,0.0054,0.0702,0.0689,0.0798,3.1275,0.0225
182601,0.4499999999999999,0.2174,0.0109,False,False,5.1841,0.249,-0.2018,1.521,0.0122,2.6909,0.3481,0.0015,-0.0032,0.0016,-0.0001,-0.0066,0.2358,0.6909,0.1147,0.8145,0.8059,-0.2524,0.01,0.0765,-0.0709,-0.0768,0.0729,0.0189,0.0762,1.4093,0.0225
182701,0.4499999999999999,0.2193,0.0111,False,False,5.1786,0.249,-0.2018,1.5205,0.0145,-0.4438,0.3369,-0.0,0.0,0.0,0.0,0.0,0.3362,0.6899,0.1077,0.8154,0.8084,-0.2594,0.01,0.0789,-0.0201,0.0713,0.0347,0.036,0.0716,3.0955,0.0225
182801,0.4499999999999999,0.3049,0.0046,False,False,5.0563,0.249,-0.2018,1.5205,0.0145,-0.4438,0.2822,0.0096,-0.0106,0.0145,0.0083,0.0197,0.3362,0.6308,0.0268,0.8154,0.7828,-0.2601,0.01,0.0705,0.008,0.0701,0.0352,-0.032,0.0769,3.0247,0.0225
182901,0.4499999999999999,0.5313,0.009,False,False,4.7987,0.249,-0.2018,1.5209,0.0127,2.8572,0.3596,-0.0,0.0,0.0,-0.0,-0.0,0.1549,0.4621,-0.1,0.8106,0.8084,-0.2476,0.01,0.0783,-0.0582,-0.0348,0.0285,-0.0353,0.0732,-1.7496,0.0225
183001,0.4499999999999999,0.2092,0.0,False,False,5.6988,0.249,-0.2018,1.5209,0.0127,2.857,-0.1322,0.0,0.0001,0.0002,-0.0,0.0003,0.4799,0.78,0.5174,0.8051,0.8139,-0.2384,0.01,-0.034,-0.0791,-0.0766,0.0786,0.0591,0.0774,2.9088,0.0225
183101,0.4499999999999999,0.1623,0.0,False,False,5.6345,0.249,-0.2018,1.5203,0.0152,3.0572,-0.2192,0.0057,-0.011,-0.0068,-0.0062,0.0373,0.4655,0.776,0.4679,0.8117,0.8139,-0.2384,0.01,-0.0442,-0.0793,-0.0761,0.0792,0.0793,0.0798,3.0997,0.0225
183201,0.4499999999999999,0.1846,-0.0011,False,False,5.6644,0.249,-0.2018,1.5203,0.0153,3.06,0.0007,-0.0,0.0,-0.0002,0.001,-0.017,0.4708,0.7778,0.4913,0.8117,0.8139,-0.2384,0.01,-0.0019,-0.078,-0.0776,0.0672,0.0647,0.0798,3.0088,0.0225
183301,0.4499999999999999,0.1498,0.0,False,False,5.6242,0.249,-0.2018,1.5208,0.0131,3.3322,-0.3323,0.0008,-0.0012,-0.0065,0.0313,1.7828,0.4369,0.7771,0.459,0.8219,0.8164,-0.232,0.01,-0.0739,-0.0777,-0.0782,0.0796,0.0131,0.0745,2.8597,0.0225
183401,0.4499999999999999,0.8698,0.0,False,False,4.0941,-0.4298,1.3019,0.6965,0.0168,3.0501,0.3247,0.0386,-0.1045,0.1309,0.0662,-0.4795,0.2741,0.0314,-0.1051,0.8123,0.8073,-0.2627,0.01,0.0792,0.0012,-0.0094,-0.0509,-0.0521,0.0372,1.358,0.0225
183501,0.4499999999999999,0.9532,0.0,False,False,4.0428,-0.3187,1.0312,0.8553,0.0143,2.7866,0.3744,0.0403,-0.0918,0.0502,-0.009,-0.0068,0.148,-0.0461,-0.1738,0.8132,0.7845,-0.2568,0.01,0.0798,-0.0339,-0.0652,-0.0651,-0.0727,0.0719,-0.1183,0.0225
183601,0.4499999999999999,1.0649,0.0,False,False,3.755,-0.4676,1.3992,0.6365,0.0122,2.6909,0.3028,-0.0493,0.1293,-0.0799,-0.0,-0.0037,0.0623,-0.1861,-0.0904,0.8191,0.8106,-0.2666,0.01,0.0725,-0.0287,0.0352,0.0464,-0.0726,0.0166,-2.802,0.0225
183701,0.4499999999999999,1.1148,-0.0016,False,False,3.6654,-0.4896,1.3203,0.3758,-0.0017,3.0691,0.2725,0.2645,-0.2827,0.9917,-0.061,-0.2049,0.0261,-0.2704,-0.0856,0.8204,0.7808,-0.2657,0.01,0.0751,0.0521,-0.0789,0.0771,-0.0798,0.0469,-3.127,0.0225
183801,0.4499999999999999,1.0263,-0.2051,False,False,3.5973,-0.6979,1.5599,-0.5434,-0.6956,2.5632,0.1489,0.1526,-0.2787,0.2574,2.303,0.4767,0.0905,-0.1868,0.0663,0.8694,0.812,-0.2616,0.01,0.0724,0.0708,-0.0392,-0.032,-0.0102,0.0239,-2.5889,0.0225
183901,0.4499999999999999,1.1143,-0.0299,False,False,3.6382,-0.5219,1.3592,0.3301,-0.1967,2.3136,0.28,0.0512,-0.0196,0.2507,0.0595,0.0476,0.0297,-0.259,-0.0554,0.8697,0.7981,-0.2621,0.01,0.0764,0.0231,-0.0045,-0.0784,-0.078,0.0683,-0.9324,0.0225
184001,0.4499999999999999,1.1723,0.0,False,False,3.6375,-0.4992,1.27,0.2273,0.0111,3.2279,0.2681,0.2011,-0.2603,0.7255,-0.0294,-0.5564,0.0193,-0.3203,-0.0976,0.8253,0.7829,-0.2526,0.01,0.073,0.0448,-0.0796,0.0689,-0.0785,0.0723,-2.6622,0.0225
184101,0.4499999999999999,1.1165,0.0,False,False,3.7671,-0.3877,1.1432,0.6568,0.0088,2.861,0.3294,-0.1,0.1069,-0.4087,-0.0211,0.1779,0.1519,-0.2277,-0.1302,0.817,0.7972,-0.2382,0.01,0.0783,-0.0281,-0.012,-0.0754,-0.0313,0.0778,1.9408,0.0225
184201,0.4499999999999999,1.0805,0.0,False,False,3.7868,-0.3855,1.1886,0.7987,-0.1618,2.0221,0.3459,0.1194,-0.286,0.102,0.1251,0.9758,0.2086,-0.1994,-0.1179,0.8554,0.8039,-0.2721,0.01,0.0793,0.0036,-0.0688,0.045,-0.0684,0.0773,2.1203,0.0225
184301,0.4499999999999999,1.0174,-0.0339,False,False,3.9559,-0.3427,1.0883,0.8222,0.0143,2.7867,0.3288,0.1207,-0.284,0.1757,0.0003,-0.0036,0.1662,-0.1006,-0.1598,0.8136,0.8114,-0.2595,0.01,0.0795,0.0054,-0.0659,0.0174,-0.0671,0.0653,-1.2552,0.0225
184401,0.4499999999999999,0.9876,-0.0248,False,False,3.9611,-0.3478,1.1005,0.8152,0.014,2.7807,0.2706,0.0847,-0.201,0.1209,0.0036,-0.0839,0.1726,-0.0941,-0.1566,0.813,0.7822,-0.2517,0.01,0.075,0.0279,-0.0081,0.045,-0.0744,0.0566,0.0761,0.0225
184501,0.4499999999999999,1.0356,0.0,False,False,3.926,-0.3354,1.0707,0.8324,0.0142,2.7851,0.3402,0.02,-0.0434,0.0323,0.007,0.1568,0.1891,-0.1225,-0.1563,0.8124,0.8182,-0.2738,0.01,0.0758,-0.023,-0.0247,0.0657,-0.0311,0.076,2.0394,0.0225
184601,0.4499999999999999,0.1796,0.0,False,False,5.6094,0.249,-0.2018,1.5203,0.0153,3.06,-0.3758,-0.0,-0.0,0.0008,-0.0053,0.1212,0.474,0.7732,0.4487,0.8117,0.8182,-0.2738,0.01,-0.0772,-0.0725,-0.0791,0.075,0.0269,0.0798,2.9215,0.0225
184701,0.4499999999999999,0.2379,0.0,False,False,5.6925,0.249,-0.2023,1.5293,0.0238,2.8476,-0.0159,0.0001,0.0079,-0.1301,-0.1621,0.3733,0.4755,0.7845,0.5113,0.8044,0.8182,-0.2738,0.01,-0.009,-0.0761,-0.0796,0.0675,0.0511,0.0799,2.836,0.0225
184801,0.4499999999999999,0.1712,0.0,False,False,5.5994,0.249,-0.2018,1.5209,0.0127,2.9758,-0.2792,0.0,0.0012,-0.0196,0.003,1.6832,0.4555,0.7735,0.4402,0.8096,0.8182,-0.2738,0.01,-0.0553,-0.0773,-0.0794,0.0691,0.0108,0.0799,2.4711,0.0225
184901,0.4499999999999999,0.1886,0.0,False,False,5.6244,0.249,-0.2018,1.5206,0.014,3.097,-0.202,0.0009,0.0014,-0.0018,-0.0156,0.1992,0.4183,0.7776,0.4589,0.8136,0.8182,-0.2738,0.01,-0.0494,-0.0727,-0.0771,0.0731,0.0059,0.0798,1.9844,0.0225
185001,0.4499999999999999,1.0389,0.0,False,False,3.9762,-0.1959,0.7489,1.0145,0.0155,3.056,0.3094,0.1491,-0.3349,0.1858,-0.0013,0.0043,0.3092,-0.1184,-0.184,0.8123,0.8133,-0.2748,0.01,0.0793,0.0545,-0.0209,-0.0042,-0.0372,0.0779,1.1775,0.0225
185101,0.4499999999999999,0.1647,0.0,False,False,5.5923,0.249,-0.2033,1.5453,0.0445,2.9349,0.0512,0.0005,-0.0017,0.0189,0.0409,-0.3242,0.4489,0.7726,0.4342,0.8033,0.8133,-0.2748,0.01,0.0258,-0.0783,-0.0747,0.0742,0.0767,0.0799,3.0021,0.0225
185201,0.4499999999999999,0.1958,0.0,False,False,5.6336,0.249,-0.2034,1.5472,0.0468,2.9185,0.0025,0.0,0.0003,-0.0056,-0.0075,0.0042,0.4823,0.7751,0.4669,0.8021,0.8133,-0.2748,0.01,0.0022,-0.0796,-0.0783,0.0721,0.0634,0.0797,3.0098,0.0225
185301,0.4499999999999999,0.2161,0.0,False,False,5.6634,0.249,-0.2025,1.5319,0.0269,2.8578,0.3357,-0.0,-0.0043,0.0707,0.0923,-0.0332,0.4447,0.783,0.4887,0.8042,0.8133,-0.2748,0.01,0.0708,-0.0744,-0.0796,0.077,0.0603,0.0798,2.6736,0.0225
185401,0.4499999999999999,0.2032,0.0,False,False,5.6458,0.249,-0.2033,1.5444,0.0429,2.8959,0.2385,0.0002,-0.003,0.0474,0.0649,0.1284,0.4583,0.7797,0.4752,0.8026,0.8133,-0.2748,0.01,0.0527,-0.0789,-0.0797,0.0708,0.0507,0.0797,2.3372,0.0225
185501,0.4499999999999999,1.0266,0.0,False,False,3.896,-0.3116,1.0146,0.8653,0.0123,2.886,0.3091,0.1208,-0.2821,0.1404,-0.0188,-0.4205,0.3626,-0.142,-0.1385,0.808,0.7857,-0.2491,0.01,0.0788,0.036,-0.0301,-0.0742,-0.0707,0.0732,2.0207,0.0225
185601,0.4499999999999999,1.0822,-0.0197,False,False,3.8315,-0.2765,0.9327,0.9119,0.0131,2.8405,0.3329,0.0635,-0.1459,0.0699,-0.0167,-0.014,0.2234,-0.2061,-0.1478,0.8101,0.7891,-0.2733,0.01,0.079,-0.0047,-0.0407,0.0442,-0.0735,0.0368,-0.9694,0.0225
185701,0.4499999999999999,1.1476,0.0,False,False,3.7837,-0.2281,0.8213,0.9785,0.0188,2.8183,0.3103,0.1601,-0.3514,0.0349,-0.2082,-0.1111,0.17,-0.2591,-0.1561,0.8112,0.7945,-0.2516,0.01,0.0788,0.0361,-0.0548,0.0609,-0.0654,0.0614,-1.7237,0.0225
185801,0.4499999999999999,1.0469,0.0,False,False,3.9043,-0.3334,1.066,0.8353,0.0133,2.8301,0.3458,0.0621,-0.1453,0.0886,0.0048,-0.0643,0.1572,-0.1388,-0.1475,0.8117,0.8071,-0.2493,0.01,0.0797,-0.0039,-0.0345,0.0339,-0.0696,0.0569,-2.1174,0.0225
185901,0.4499999999999999,1.0793,0.0,False,False,3.9355,-0.1582,0.6646,1.0611,0.0155,3.056,0.2927,0.2164,-0.4806,0.2634,-0.0009,0.0066,0.2744,-0.1581,-0.1888,0.8125,0.8164,-0.2755,0.01,0.0777,0.0739,-0.0356,-0.0078,-0.0327,0.0777,-0.5083,0.0225
186001,0.4499999999999999,0.2387,0.0,False,False,5.6931,0.249,-0.2028,1.5371,0.0336,2.858,0.2383,0.0033,-0.0008,-0.0617,-0.0843,-0.2323,0.4267,0.7864,0.5108,0.8038,0.8164,-0.2755,0.01,0.0537,-0.0786,-0.0798,0.0739,0.0538,0.0798,2.0423,0.0225
186101,0.4499999999999999,0.1543,0.0,False,False,5.588,0.249,-0.2018,1.5203,0.0155,3.056,-0.193,0.0004,-0.0009,0.0007,-0.0005,0.0005,0.4204,0.7737,0.4306,0.8118,0.8256,-0.2631,0.01,-0.0401,-0.0748,-0.0703,0.0795,0.0496,0.0789,2.3577,0.0225
186201,0.4499999999999999,0.1642,0.0,False,False,5.6052,0.249,-0.2018,1.5208,0.0134,3.1171,0.0026,0.002,-0.0014,0.0082,0.0032,-0.1481,0.3644,0.7785,0.4423,0.8145,0.8256,-0.2631,0.01,0.0212,-0.0786,-0.0651,0.0768,-0.0248,0.0788,1.8355,0.0225
186301,0.4499999999999999,0.1106,-0.0008,False,False,5.5242,0.249,-0.2018,1.5209,0.0129,3.1372,-0.2903,-0.0,-0.0003,0.0051,-0.0221,0.8775,0.3305,0.7689,0.3784,0.8153,0.8256,-0.2631,0.01,-0.0582,-0.0742,-0.0782,0.0729,0.0464,0.0785,1.112,0.0225
186401,0.4499999999999999,1.0516,0.0,False,False,3.9059,-0.2421,0.8528,0.9656,0.0259,3.012,0.3089,0.1531,-0.3403,0.0701,-0.1446,0.6007,0.164,-0.1639,-0.1704,0.8108,0.7894,-0.277,0.01,0.077,0.0275,-0.068,0.0523,-0.0586,0.0577,-2.6491,0.0225
186501,0.4499999999999999,1.0598,-0.0251,False,False,3.8578,-0.2981,0.9828,0.8834,0.0127,2.8572,0.3401,0.0884,-0.1971,0.1225,0.0045,0.0108,0.2384,-0.1785,-0.1419,0.8092,0.7934,-0.2697,0.01,0.0786,-0.0071,-0.0559,0.0185,-0.0596,0.0698,-0.3999,0.0225
186601,0.4499999999999999,1.078,0.0,False,False,3.8453,-0.2937,0.9725,0.8891,0.0135,2.8226,0.284,0.0514,-0.1197,0.0666,-0.0057,0.0843,0.2305,-0.1909,-0.1494,0.8105,0.7948,-0.2635,0.01,0.0791,0.0411,0.039,-0.0305,-0.0556,0.0201,1.1898,0.0225
186701,0.4499999999999999,1.0587,0.0,False,False,3.9285,-0.2671,0.9108,0.9237,0.0155,3.056,0.3134,0.1877,-0.4329,0.2451,0.0001,-0.0025,0.247,-0.1359,-0.1616,0.8126,0.8236,-0.2646,0.01,0.079,0.0425,-0.0724,0.0733,0.0026,0.0581,-1.4421,0.0225
186801,0.4499999999999999,0.2472,0.0,False,False,5.7178,0.249,-0.2018,1.5207,0.0139,3.0236,-0.3749,0.0,0.0015,-0.0246,0.0253,2.0623,0.3215,0.7882,0.5291,0.8119,0.8236,-0.2646,0.01,-0.0727,-0.0713,-0.0797,0.0783,0.0628,0.0798,0.4546,0.0225
186901,0.4499999999999999,0.0968,0.0,False,False,5.4999,0.249,-0.2021,1.5256,0.0213,3.0314,0.0367,0.0042,-0.0023,-0.0165,-0.0321,0.0883,0.321,0.7649,0.3595,0.8108,0.8236,-0.2646,0.01,0.0219,-0.0787,-0.079,0.0677,0.0637,0.0788,0.9793,0.0225
187001,0.4499999999999999,0.1897,0.0,False,False,5.6404,0.249,-0.2019,1.5209,0.0119,2.9299,-0.0225,0.0006,0.0001,0.003,0.0014,0.1843,0.3729,0.7821,0.4695,0.8093,0.8236,-0.2646,0.01,-0.0241,-0.0731,-0.079,0.0767,0.0487,0.0749,1.8971,0.0225
187101,0.4499999999999999,0.2711,0.0,False,False,5.7476,0.249,-0.2019,1.522,0.016,2.8009,0.2713,0.0029,-0.0071,0.0319,0.0471,-0.0138,0.3823,0.7989,0.5548,0.8078,0.8236,-0.2646,0.01,0.0627,-0.0747,-0.0792,0.0766,0.0389,0.0748,2.5956,0.0225
187201,0.4499999999999999,1.0891,0.0,False,False,3.7917,-0.347,1.0984,0.8165,0.0136,2.7644,0.303,-0.0197,0.0499,-0.0206,-0.0066,-0.2304,0.1467,-0.2141,-0.1335,0.8142,0.7888,-0.2598,0.01,0.0766,-0.0005,0.0405,0.0429,-0.0227,0.0554,-0.1144,0.0225
187301,0.4499999999999999,1.1383,-0.0221,False,False,3.7013,-0.3564,1.1211,0.8035,0.0122,2.693,0.3172,0.0706,-0.1692,0.099,0.0054,-0.0166,0.1887,-0.2714,-0.1127,0.8157,0.7943,-0.2636,0.01,0.0778,0.0062,-0.0225,0.0757,-0.0577,0.0308,1.4545,0.0225
187401,0.4499999999999999,1.1675,-0.0892,False,False,3.6504,-0.3255,1.0469,0.8517,0.0191,2.9322,0.2514,0.1439,-0.3205,-0.051,-0.3191,1.4303,0.2511,-0.3077,-0.0895,0.8108,0.8012,-0.2751,0.01,0.0665,0.0281,-0.0483,-0.0063,-0.07,0.0667,0.6324,0.0225
187501,0.4499999999999999,1.1748,-0.0057,False,False,3.6316,-0.3626,1.136,0.7948,0.0122,2.6909,0.3517,0.0101,-0.0231,0.0146,0.0003,0.0022,0.1489,-0.316,-0.0916,0.8168,0.7995,-0.2742,0.01,0.0764,-0.0375,-0.0353,-0.0086,-0.0718,-0.0158,0.4213,0.0225
187601,0.4499999999999999,1.1416,-0.0203,False,False,3.6801,-0.3774,1.1719,0.7736,0.0128,2.7324,0.3056,0.064,-0.1544,0.0942,0.0004,0.0268,0.1513,-0.2759,-0.0993,0.8152,0.7904,-0.2422,0.01,0.0697,-0.0275,-0.0527,0.0247,-0.0715,0.0252,0.7167,0.0225
187701,0.4499999999999999,1.1649,-0.0399,False,False,3.6011,-0.4109,1.2544,0.7247,0.0123,2.7067,0.2991,-0.0218,0.055,-0.03,-0.0049,-0.5395,0.2283,-0.3061,-0.0673,0.8143,0.8085,-0.2796,0.01,0.0743,-0.0107,0.0281,-0.0269,-0.0179,0.0541,1.2835,0.0225
187801,0.4499999999999999,0.1343,0.0,False,False,5.5609,0.249,-0.2018,1.5203,0.0154,3.056,-0.1984,0.0012,0.0002,0.0082,0.0019,-0.0786,0.1696,0.782,0.4001,0.8131,0.8085,-0.2796,0.01,-0.0412,-0.077,-0.0799,0.0626,0.0561,0.0795,-1.9571,0.0225
187901,0.4499999999999999,0.1446,0.0,False,False,5.576,0.249,-0.2032,1.544,0.0426,2.9432,0.2622,-0.0002,-0.0246,0.4076,0.4907,-2.0142,0.1592,0.7841,0.4119,0.8069,0.8085,-0.2796,0.01,0.048,-0.0763,-0.0789,0.0773,0.0273,0.0787,-1.7769,0.0225
188001,0.4499999999999999,0.1672,0.0053,False,False,5.6012,0.249,-0.2018,1.5205,0.0148,3.0741,-0.2636,0.0,0.0011,-0.0176,-0.0202,0.1082,0.2413,0.7852,0.4343,0.8134,0.8085,-0.2796,0.01,-0.0627,-0.0787,-0.0794,0.0679,-0.0045,0.0795,-2.2491,0.0225
188101,0.4499999999999999,0.1679,-0.0024,False,False,5.605,0.249,-0.2018,1.5206,0.014,3.0949,0.0003,-0.0001,-0.0,-0.0002,-0.0001,0.0098,0.1799,0.7876,0.4352,0.8142,0.8085,-0.2796,0.01,-0.0005,-0.078,-0.079,0.0706,0.0746,0.0796,-0.9754,0.0225
188201,0.4499999999999999,1.0943,0.0,False,False,3.5876,-0.5035,1.4954,0.5762,0.0129,2.8491,0.3219,0.0581,-0.1588,0.1007,-0.0004,-0.0162,0.1694,-0.2508,-0.0192,0.8108,0.7927,-0.2402,0.01,0.079,0.0004,-0.0193,0.0126,-0.06,-0.0741,-2.6556,0.0225
188301,0.4499999999999999,1.1401,-0.0473,False,False,3.6382,-0.3909,1.205,0.7539,0.0134,2.763,0.2664,0.0943,-0.2196,0.1539,0.0136,0.5442,0.2058,-0.2919,-0.0799,0.8129,0.7834,-0.2516,0.01,0.0771,0.036,-0.0056,0.0479,-0.0136,0.0585,2.1816,0.0225
188401,0.4499999999999999,1.256,-0.0432,False,False,3.4994,-0.3228,1.037,0.8984,-0.192,1.6495,0.239,0.1229,-0.2888,0.1601,0.0205,-0.0711,0.1585,-0.4181,-0.0463,0.8658,0.7863,-0.2482,0.01,0.0731,0.0663,0.0207,0.0634,-0.0787,0.0788,1.2175,0.0225
188501,0.4499999999999999,1.1581,-0.0273,False,False,3.5665,-0.419,1.2748,0.7124,0.0122,2.6909,0.347,-0.081,0.2034,-0.1225,0.0003,0.0012,0.2645,-0.3215,-0.0539,0.8137,0.7848,-0.2625,0.01,0.0759,-0.0394,0.0352,-0.0211,-0.069,-0.0271,-0.5844,0.0225
188601,0.4499999999999999,1.1427,-0.0253,False,False,3.6431,-0.3773,1.1716,0.7739,0.0123,2.7012,0.3456,0.0854,-0.2081,0.1227,0.0003,0.0202,0.2673,-0.2954,-0.0879,0.8133,0.7826,-0.2595,0.01,0.0788,-0.0146,-0.0596,0.0117,-0.0634,-0.0192,2.7269,0.0225
188701,0.4499999999999999,1.1662,-0.0076,False,False,3.6866,-0.3418,1.0861,0.824,0.0122,2.6909,0.3251,0.0174,-0.0412,0.0247,0.0,-0.0008,0.2159,-0.2864,-0.112,0.815,0.811,-0.2681,0.01,0.0752,-0.021,-0.0195,0.0123,-0.0227,0.0571,1.1156,0.0225
188801,0.4499999999999999,1.274,0.0,False,False,3.4787,-0.2637,0.9031,0.9285,0.0136,0.452,0.2234,0.2047,-0.4713,0.2664,0.001,0.026,0.0124,-0.4431,-0.046,0.82,0.7833,-0.2521,0.01,0.0636,0.0636,-0.0501,0.0661,-0.0212,0.0533,-2.8437,0.0225
188901,0.4499999999999999,1.0744,-0.1864,False,False,3.2829,-0.7494,1.7603,-0.0819,-1.3167,2.1554,0.2125,0.2493,-0.3571,0.8222,1.4014,0.12,0.4643,-0.2365,0.2837,1.0315,0.8104,-0.2755,0.01,0.0799,0.0753,-0.0783,0.0728,-0.0348,0.043,2.8256,0.0225
189001,0.4499999999999999,0.2052,0.0,False,False,5.6627,0.249,-0.2018,1.5203,0.0155,3.056,0.0014,0.0009,-0.002,-0.001,-0.0031,-0.0169,0.0848,0.7998,0.478,0.8137,0.8104,-0.2755,0.01,-0.0075,-0.0748,-0.078,0.0263,0.0741,0.0797,-2.8214,0.0225
189101,0.4499999999999999,0.2569,0.0002,False,False,5.7195,0.249,-0.2018,1.521,0.0122,2.9002,-0.0032,0.0,0.0002,-0.0028,-0.0032,0.0031,0.2655,0.7916,0.5284,0.8099,0.8458,-0.2719,0.01,-0.0174,-0.0788,-0.0796,0.0315,0.0551,0.0799,-0.8741,0.0225
189201,0.4499999999999999,0.2288,0.0,False,False,5.6936,0.249,-0.2018,1.5206,0.014,3.0883,0.3439,0.0,0.0009,-0.0143,0.0618,-2.8241,0.0895,0.8032,0.5015,0.8146,0.8458,-0.2719,0.01,0.0796,0.0792,-0.0795,0.044,-0.079,0.0799,-2.0468,0.0225
189301,0.4499999999999999,0.1797,0.0011,False,False,5.6244,0.249,-0.2018,1.5203,0.0155,3.056,-0.118,0.0,0.0006,-0.0095,-0.0086,0.0076,0.1215,0.7921,0.448,0.8134,0.8458,-0.2719,0.01,-0.0327,-0.0752,-0.0732,0.0766,0.0464,0.0794,-2.5497,0.0225
189401,0.4499999999999999,1.2971,-0.0449,False,False,3.2997,-0.4802,1.3012,0.395,-0.0023,3.0375,0.2636,-0.0887,0.0726,-0.3737,0.0111,0.3942,0.2944,-0.4715,0.0503,0.8147,0.8048,-0.2692,0.01,0.0686,-0.0364,-0.014,-0.0708,-0.0224,-0.0415,2.5862,0.0225
189501,0.4499999999999999,1.2363,-0.0324,False,False,3.3275,-0.475,1.388,0.5813,0.0113,2.7645,0.3314,-0.1123,0.2519,-0.2578,-0.0197,0.1035,0.366,-0.4232,0.0458,0.8111,0.7885,-0.2597,0.01,0.0792,-0.037,0.0373,-0.0236,0.0186,0.0584,2.8571,0.0225
189601,0.4499999999999999,1.223,-0.0042,False,False,3.4493,-0.4489,1.3507,0.6664,0.0122,2.6909,0.2598,-0.0052,0.0133,-0.0081,0.0001,0.0011,0.3059,-0.3695,-0.0056,0.8126,0.8138,-0.2474,0.01,0.0762,0.0089,0.0352,-0.041,-0.0245,0.0275,0.5168,0.0225
189701,0.4499999999999999,1.2421,-0.0241,False,False,3.4268,-0.4572,1.3238,0.5787,0.0099,2.8129,0.3337,-0.0854,0.1946,-0.1603,-0.0018,0.0502,0.3481,-0.3892,0.0009,0.8117,0.8165,-0.2515,0.01,0.0792,-0.0322,0.0215,-0.0126,-0.0429,0.0272,1.8186,0.0225
189801,0.4499999999999999,1.2062,-0.0156,False,False,3.4493,-0.4375,1.3215,0.6842,0.0122,2.6909,0.2575,0.0304,-0.0772,0.0474,0.0001,0.0005,0.2663,-0.3787,-0.0086,0.8137,0.7946,-0.2796,0.01,0.0769,0.033,0.0405,0.0363,-0.022,-0.0039,0.7942,0.0225
189901,0.4499999999999999,1.213,-0.0312,False,False,3.5439,-0.3723,1.1596,0.7809,0.0124,2.7056,0.3229,0.083,-0.2016,0.1186,0.0001,0.0014,0.2884,-0.3583,-0.0559,0.8127,0.7999,-0.2462,0.01,0.0748,-0.0117,-0.0499,0.0449,-0.0632,0.0657,0.6081,0.0225
190001,0.4499999999999999,1.1657,-0.0171,False,False,3.6053,-0.3687,1.1508,0.7861,0.0122,2.6909,0.3458,-0.0495,0.1201,-0.0709,0.001,0.0031,0.2527,-0.3246,-0.0793,0.814,0.7836,-0.2685,0.01,0.0788,-0.0334,0.0164,0.007,0.0,0.073,1.4205,0.0225
190101,0.4499999999999999,1.1347,-0.0229,False,False,3.7059,-0.3217,1.0383,0.8516,0.0122,2.6909,0.3256,0.0683,-0.1611,0.0929,0.0033,0.0032,0.3004,-0.2781,-0.1203,0.8127,0.7846,-0.273,0.01,0.0749,-0.0142,-0.0482,0.029,0.0429,0.0739,1.862,0.0225
190201,0.4499999999999999,1.174,-0.131,False,False,3.627,-0.3173,1.0279,0.8578,0.0158,3.0433,0.3025,0.164,-0.3629,-0.0533,-0.2757,1.6364,0.4188,-0.3151,-0.0736,0.8116,0.7999,-0.2566,0.01,0.0777,0.0395,-0.0527,-0.0331,-0.054,0.0251,2.3799,0.0225
190301,0.4499999999999999,1.1582,-0.0334,False,False,3.6302,-0.3807,1.18,0.7687,0.0133,2.8318,0.3238,0.1231,-0.2925,0.0919,-0.0609,0.0747,0.3697,-0.2893,-0.0659,0.8077,0.8139,-0.2636,0.01,0.0795,0.0229,-0.0445,-0.0632,-0.0617,0.0694,2.477,0.0225
190401,0.4499999999999999,0.1699,0.0,False,False,5.6327,0.249,-0.2018,1.521,0.0125,3.1585,-0.2939,0.0028,-0.0005,0.0176,0.0033,0.939,0.104,0.7965,0.4534,0.8158,0.8139,-0.2636,0.01,-0.0661,-0.0764,-0.0733,0.0699,0.0739,0.073,-2.5469,0.0225
190501,0.4499999999999999,0.179,0.0,False,False,5.6379,0.249,-0.2018,1.5203,0.0153,3.0569,0.3532,0.0002,0.0003,-0.0057,-0.0073,0.0409,0.2073,0.7902,0.4623,0.813,0.8139,-0.2636,0.01,0.0798,0.0763,-0.0797,0.0768,-0.0794,0.0796,-0.2725,0.0225
190601,0.4499999999999999,0.1754,0.0,False,False,5.6414,0.249,-0.2018,1.5203,0.0154,3.0571,-0.0022,0.0,0.0,-0.0003,0.0024,0.073,0.095,0.7992,0.4595,0.8139,0.8139,-0.2636,0.01,0.0075,-0.0717,-0.0742,0.0699,0.0721,0.0785,-2.6594,0.0225
190701,0.4499999999999999,1.0296,-0.1259,False,False,2.8788,-0.8775,1.9836,-0.9629,-2.2106,1.6524,0.1503,0.1296,-0.3024,0.7385,-0.6068,-0.4125,0.4138,-0.191,0.6034,0.8512,0.7844,-0.2703,0.01,0.0797,0.0654,-0.0757,-0.0395,0.0501,-0.0431,2.5831,0.0225
190801,0.4499999999999999,0.9996,-0.1418,False,False,2.9382,-0.9445,2.0738,-1.2807,-1.9668,1.4691,0.2793,0.2994,-0.1824,0.7637,-1.2019,0.1424,0.6208,-0.1808,0.5142,0.7984,0.7946,-0.2543,0.01,0.0798,0.0631,-0.0732,0.058,0.0196,0.0586,2.9625,0.0225
190901,0.4499999999999999,0.9863,-0.0897,False,False,2.9042,-0.931,2.0813,-1.2398,-2.0526,1.4827,0.2851,0.1513,-0.0809,0.3706,-0.7657,0.0825,0.5811,-0.1722,0.5435,0.8068,0.7814,-0.2581,0.01,0.0795,0.0614,-0.0008,-0.0426,-0.0171,0.0716,2.9431,0.0225
191001,0.4499999999999999,0.9884,-0.0738,False,False,2.7387,-1.2339,2.2625,-1.4894,-1.7019,0.9304,0.3076,-0.0412,-0.0876,0.1718,0.4481,-0.3634,0.6138,-0.1748,0.4791,0.8219,0.7918,-0.2751,0.01,0.0754,-0.0426,-0.0772,0.0021,0.0301,-0.0203,-1.2047,0.0225
191101,0.4499999999999999,1.0318,-0.0938,False,False,2.7393,-1.1749,2.1904,-1.471,-1.7912,1.1201,0.2498,0.1509,-0.0573,0.0755,0.1958,1.1425,0.5396,-0.1936,0.5134,0.8084,0.8133,-0.2611,0.01,0.079,-0.0034,-0.0787,-0.0142,0.0433,0.0503,-0.0394,0.0225
191201,0.4499999999999999,1.0227,-0.032,False,False,2.7811,-1.2066,2.189,-1.4908,-1.7709,1.0903,0.3191,0.1092,-0.0569,0.1582,-0.0075,-0.1195,0.5264,-0.2012,0.5037,0.8104,0.7955,-0.2745,0.01,0.0797,-0.019,-0.0681,0.0413,-0.0413,0.0132,2.3869,0.0225
191301,0.4499999999999999,0.9891,-0.1718,False,False,2.8081,-1.2608,2.266,-1.5614,-1.8023,1.0844,0.2723,-0.0598,-0.0597,0.0968,0.5696,-2.4639,0.6166,-0.1802,0.4954,0.8069,0.7874,-0.2592,0.01,0.0724,-0.0417,-0.0776,0.0488,-0.0298,0.067,-1.1995,0.0225
191401,0.4499999999999999,1.0021,-0.0517,False,False,2.6849,-1.1816,2.2162,-1.4706,-1.7816,0.8744,0.3168,-0.091,0.0096,-0.0444,0.2123,-0.3349,0.6964,-0.1795,0.5122,0.8215,0.7952,-0.2686,0.01,0.0754,-0.0548,-0.0564,0.0253,0.0016,-0.0095,-1.9911,0.0225
191501,0.4499999999999999,1.0494,-0.1391,False,False,2.6799,-1.2379,2.1807,-1.4827,-1.6834,1.01,0.3335,-0.1361,-0.0428,0.2697,0.778,-1.2823,0.4406,-0.2147,0.5187,0.8117,0.8133,-0.2408,0.01,0.0797,-0.0633,-0.0792,0.0678,0.0113,-0.0488,1.1726,0.0225
191601,0.4499999999999999,1.0395,-0.0537,False,False,2.6386,-1.2509,2.2198,-1.4711,-1.7067,0.7397,0.3421,-0.0684,-0.08,0.2234,0.1386,-0.2277,0.5539,-0.1914,0.5186,0.8267,0.8186,-0.2747,0.01,0.0786,-0.0534,-0.0718,0.0306,-0.0729,0.0471,-1.7579,0.0225
191701,0.4499999999999999,0.2275,0.0,False,False,5.6862,0.249,-0.2018,1.521,0.0122,2.6909,0.3613,0.0007,0.0011,0.007,0.0007,-0.0124,0.2351,0.8167,0.5014,0.8149,0.8186,-0.2747,0.01,0.0783,-0.0776,-0.0795,0.0749,0.0799,0.0794,2.5933,0.0225
191801,0.4499999999999999,0.1114,0.0009,False,False,5.5339,0.249,-0.2018,1.5203,0.0155,3.0558,-0.1765,0.0,0.0002,0.0005,0.0037,-0.0159,0.1531,0.7822,0.3779,0.8134,0.8186,-0.2747,0.01,-0.0357,-0.0789,-0.0796,0.0729,0.0587,0.0792,-2.8954,0.0225
191901,0.4499999999999999,0.163,0.0,False,False,5.5967,0.249,-0.202,1.5232,0.0184,3.0382,0.3391,-0.0,-0.0004,0.0119,-0.0313,-0.7771,0.2801,0.7854,0.4333,0.8119,0.8186,-0.2747,0.01,0.0783,0.0796,-0.0795,0.0241,-0.0719,0.0797,2.6574,0.0225
192001,0.4499999999999999,0.2168,0.0,False,False,5.6752,0.249,-0.2018,1.521,0.0147,2.7885,0.3699,0.0021,-0.0057,0.0239,0.023,-0.2197,0.1776,0.8085,0.4906,0.8125,0.8186,-0.2747,0.01,0.0793,-0.0666,-0.0791,0.0531,0.0783,0.0782,1.1589,0.0225
192101,0.4499999999999999,1.0358,-0.0652,False,False,2.6161,-1.3016,2.2123,-1.4868,-1.7116,0.9177,0.3599,-0.1177,-0.0909,0.4192,0.3155,0.1129,0.3157,-0.2032,0.5446,0.8172,0.7963,-0.276,0.01,0.0796,-0.0609,-0.0774,0.0503,-0.0122,-0.0146,-0.0192,0.0225
192201,0.4499999999999999,1.0373,-0.0494,False,False,2.6842,-1.2632,2.237,-1.5067,-1.6525,1.0722,0.2933,-0.0243,-0.0048,0.097,0.1111,-0.4437,0.4746,-0.2021,0.4944,0.8117,0.8157,-0.2551,0.01,0.079,-0.0368,-0.0475,-0.0226,0.0664,0.0677,0.3976,0.0225
192301,0.4499999999999999,0.2193,0.0,False,False,5.694,0.249,-0.2018,1.5207,0.0138,2.8153,0.0032,0.003,-0.0056,0.0017,0.0015,-0.0695,0.4186,0.7935,0.5124,0.8072,0.8157,-0.2551,0.01,-0.017,-0.0778,-0.0787,0.0716,0.0619,0.0796,2.9448,0.0225
192401,0.4499999999999999,0.1778,0.0,False,False,5.642,0.249,-0.2027,1.536,0.0325,2.9667,0.2422,-0.0,-0.0016,0.026,-0.0061,-1.269,0.3813,0.7847,0.4725,0.8071,0.8148,-0.2518,0.01,0.0734,0.0734,-0.0799,0.0788,-0.0773,0.079,3.1105,0.0225
192501,0.4499999999999999,0.1842,0.0047,False,False,5.6689,0.249,-0.2018,1.5204,0.0148,3.0741,-0.3276,0.0064,-0.0057,0.0157,0.0262,0.1287,0.1231,0.8017,0.4818,0.8142,0.8158,-0.2503,0.01,-0.0743,-0.0747,-0.079,0.0777,0.0041,0.0796,-2.9775,0.0225
192601,0.4499999999999999,0.1207,-0.0104,False,False,5.5869,0.249,-0.2023,1.5293,0.0254,3.015,0.1806,-0.0001,-0.021,0.3435,0.3854,-1.6342,0.0863,0.7947,0.4166,0.812,0.8158,-0.2503,0.01,0.0354,-0.0744,-0.0786,0.0771,0.0647,0.0792,-3.0131,0.0225
192701,0.4499999999999999,1.0441,-0.0786,False,False,2.6746,-1.3082,2.2294,-1.5027,-1.6562,0.9058,0.336,-0.061,-0.092,0.1761,0.0702,-0.8254,0.3642,-0.2045,0.5135,0.816,0.8134,-0.2674,0.01,0.0792,-0.052,-0.0742,-0.0277,-0.0172,0.0484,2.2078,0.0225
192801,0.4499999999999999,0.1762,-0.0022,False,False,5.6426,0.249,-0.2018,1.521,0.0124,2.9661,-0.3706,0.0,0.0002,-0.0037,0.0051,1.8962,0.0768,0.8088,0.4569,0.8156,0.8134,-0.2674,0.01,-0.0783,-0.0777,-0.0787,0.078,0.077,0.0795,-2.6601,0.0225
192901,0.4499999999999999,0.1589,0.0105,False,False,5.6463,0.249,-0.2018,1.5204,0.0152,3.0637,-0.3526,0.0007,0.0007,-0.0227,-0.0177,-0.0433,0.1913,0.796,0.4668,0.8136,0.8317,-0.2363,0.01,-0.0793,-0.0791,-0.076,0.0706,0.0441,0.0784,-2.5028,0.0225
193001,0.4499999999999999,0.1118,-0.0064,False,False,5.5703,0.249,-0.2026,1.5342,0.0305,2.9752,0.3056,0.0,0.0011,0.0408,-0.0086,-1.4494,0.2608,0.7811,0.4116,0.8087,0.8317,-0.2363,0.01,0.0763,0.0725,-0.067,0.0784,-0.078,0.0794,2.9948,0.0225
193101,0.4499999999999999,0.1579,0.0,False,False,5.6418,0.249,-0.2034,1.5461,0.0452,2.9103,-0.0012,-0.0,0.0014,-0.0072,-0.0068,-0.0308,0.2227,0.7899,0.4652,0.8054,0.8317,-0.2363,0.01,0.0169,-0.079,-0.0782,0.0495,0.058,0.0796,-0.5505,0.0225
193201,0.4499999999999999,1.1482,-0.1579,False,False,2.6282,-1.5444,2.3889,-2.1155,-2.0588,0.6857,0.3399,-0.3081,-0.0601,0.7125,0.7747,-1.0121,0.0015,-0.2632,0.7021,0.8111,0.8031,-0.2733,0.01,0.0752,-0.0641,-0.0491,-0.0053,-0.0116,0.0105,-2.0099,0.0225
193301,0.4499999999999999,1.0902,-0.1533,False,False,2.1205,-1.514,2.1872,-1.5635,-1.5714,0.0635,0.4433,0.3949,0.6966,1.5218,0.443,0.8968,0.1537,-0.2354,0.6799,0.8359,0.7851,-0.251,0.01,0.0772,0.0145,0.0086,0.0788,0.0447,0.0256,-1.1401,0.0225
193401,0.4499999999999999,1.1986,-0.099,False,False,2.0716,-1.5646,2.1032,-1.7222,-1.6346,0.044,0.4226,-0.0845,0.4408,2.6007,-0.046,0.3,0.1356,-0.2623,0.7911,0.8572,0.8235,-0.262,0.01,0.0779,-0.0617,-0.0783,0.0226,-0.0533,0.0596,1.7989,0.0225
193501,0.4499999999999999,0.0628,-0.0231,False,False,5.4623,0.249,-0.2018,1.521,0.0122,2.6909,0.3672,-0.0,-0.0,0.0,-0.0,-0.0061,0.3756,0.7784,0.3264,0.8108,0.8235,-0.262,0.01,0.0796,-0.0778,-0.0796,0.0767,0.0794,0.0764,2.8936,0.0225
193601,0.4499999999999999,0.1353,0.0044,False,False,5.5879,0.249,-0.2018,1.5203,0.0153,3.0603,-0.0172,-0.0,0.0,-0.0,0.0001,-0.0061,0.0776,0.7922,0.4175,0.8139,0.8235,-0.262,0.01,-0.0259,-0.0723,-0.0727,0.0712,0.0781,0.079,-2.7569,0.0225
193701,0.4499999999999999,0.224,0.0,False,False,5.7116,0.249,-0.2018,1.5206,0.0141,2.7819,0.3378,-0.0,-0.0,0.0004,-0.0005,-0.023,0.2839,0.8059,0.5235,0.8105,0.8342,-0.2477,0.01,0.0754,-0.0778,-0.0795,0.0753,0.0751,0.0796,2.091,0.0225
193801,0.4499999999999999,0.1524,0.0,False,False,5.6223,0.249,-0.2034,1.5467,0.046,2.8941,0.3868,0.0001,0.0044,-0.0761,-0.0856,-0.196,0.1158,0.7952,0.4447,0.8069,0.8338,-0.2518,0.01,0.0763,-0.0734,-0.0782,0.0516,0.0739,0.0791,-1.3172,0.0225
193901,0.4499999999999999,1.1806,-0.1294,False,False,2.0715,-1.5658,2.1141,-1.724,-1.6405,0.0539,0.4223,-0.0844,0.5722,2.7781,-0.1153,0.379,0.043,-0.2582,0.787,0.8571,0.8162,-0.2478,0.01,0.0787,-0.0616,-0.0463,0.0685,-0.0661,0.0764,-0.1305,0.0225
194001,0.4499999999999999,1.1951,-0.0892,False,False,2.0727,-1.5462,2.1046,-1.7517,-1.6337,0.0464,0.3945,0.1035,0.4961,2.3531,0.0471,0.3056,0.1778,-0.263,0.79,0.8552,0.8166,-0.2683,0.01,0.0772,-0.0278,-0.066,-0.0057,-0.0536,0.0658,1.9517,0.0225
194101,0.4499999999999999,0.0529,-0.0132,False,False,5.4348,0.249,-0.2018,1.521,0.0122,2.6909,0.3664,0.0002,-0.0003,0.0002,-0.0001,-0.0063,0.3314,0.7737,0.3035,0.8119,0.8166,-0.2683,0.01,0.0797,-0.0767,-0.0777,0.0764,0.0777,0.0772,1.5509,0.0225
194201,0.4499999999999999,0.1599,0.0,False,False,5.6452,0.249,-0.2018,1.5206,0.0143,3.086,-0.3834,0.0006,-0.0004,0.0001,0.0012,0.6432,0.1179,0.7985,0.4643,0.8144,0.821,-0.2421,0.01,-0.075,-0.0767,-0.0729,0.0764,0.0524,0.0792,-2.9362,0.0225
194301,0.4499999999999999,0.1215,0.0,False,False,5.5788,0.249,-0.2033,1.5456,0.0445,2.9041,0.3683,0.0001,-0.0053,0.0845,0.1156,0.2795,0.3434,0.7817,0.4208,0.8043,0.8185,-0.2442,0.01,0.0794,-0.0777,-0.0791,0.0748,0.0763,0.0795,2.4695,0.0225
194401,0.4499999999999999,0.858,0.0,False,False,4.3238,0.1902,-0.0807,1.4586,0.0127,2.8572,0.2607,-0.1533,0.3176,-0.1643,-0.0,0.0002,0.2595,0.115,-0.2371,0.8088,0.7862,-0.2529,0.01,0.0644,-0.0668,-0.0485,0.0669,-0.0164,0.033,-0.0255,0.0225
194501,0.4499999999999999,0.7835,0.009,False,False,4.4179,0.249,-0.2018,1.5209,0.0127,2.8572,0.3617,0.0,-0.0,0.0,0.0,0.0,0.1743,0.1878,-0.2241,0.8103,0.7859,-0.2683,0.01,0.0794,-0.0699,-0.0646,-0.0335,-0.0275,0.051,-1.3312,0.0225
194601,0.4499999999999999,0.8332,0.0,False,False,4.3383,0.1902,-0.0807,1.4586,0.0127,2.8572,0.3431,-0.159,0.3304,-0.1808,-0.0131,-0.009,0.3466,0.128,-0.2305,0.8073,0.7881,-0.2723,0.01,0.0796,-0.0733,-0.0492,0.079,-0.0368,0.0381,1.009,0.0225
194701,0.4499999999999999,0.067,0.0,False,False,5.5243,0.249,-0.2018,1.5204,0.0152,3.0626,-0.0005,0.0003,0.0001,-0.0033,-0.0041,0.0086,0.064,0.7833,0.3665,0.814,0.7986,-0.2442,0.01,0.0045,-0.0757,-0.0776,0.0754,0.0769,0.0793,-2.9778,0.0225
194801,0.4499999999999999,1.0029,-0.0725,False,False,3.1643,-0.8848,2.0021,-1.0986,-2.0246,1.4594,0.0052,0.0742,-0.221,0.6957,0.0075,0.4392,0.2701,-0.1838,0.5101,0.8266,0.7956,-0.2524,0.01,-0.0085,0.0713,-0.0545,-0.0583,0.0686,0.0531,0.5323,0.0225
194901,0.4499999999999999,0.9906,-0.0396,False,False,3.0539,-0.9829,2.0576,-1.2853,-1.8165,1.5321,0.2429,0.0079,-0.1024,0.0572,0.3677,0.0668,0.3249,-0.1861,0.4742,0.7982,0.7861,-0.2662,0.01,0.0586,-0.032,-0.0791,0.0423,0.0471,-0.0039,-1.0002,0.0225
195001,0.4499999999999999,1.0067,-0.222,False,False,2.9753,-1.0456,2.1075,-1.3842,-1.8479,1.2488,0.2355,0.2951,-0.0167,-0.3693,0.5451,-3.064,0.6317,-0.1905,0.4786,0.8017,0.7977,-0.263,0.01,0.0781,0.0301,-0.0693,0.0784,0.0231,0.032,1.1217,0.0225
195101,0.4499999999999999,0.1324,-0.0024,False,False,5.5788,0.249,-0.2026,1.5335,0.0301,2.9884,0.3018,-0.0,-0.0056,0.0912,0.0591,-1.3888,0.2569,0.7872,0.4174,0.8096,0.7977,-0.263,0.01,0.0769,0.0792,-0.08,0.077,-0.0795,0.079,3.0326,0.0225
195201,0.4499999999999999,0.0923,0.0,False,False,5.5281,0.249,-0.2035,1.5484,0.0484,2.9188,0.3528,0.0002,-0.0,0.003,0.0013,0.0057,0.1465,0.7779,0.3729,0.8059,0.7992,-0.2655,0.01,0.0682,-0.0592,-0.0453,0.0731,0.0763,0.0797,-1.2407,0.0225
195301,0.4499999999999999,0.1234,0.0,False,False,5.5562,0.249,-0.2018,1.5206,0.0141,3.0854,0.3228,0.0,0.0009,-0.0153,0.0663,-2.908,0.2316,0.7852,0.3988,0.8141,0.7995,-0.2714,0.01,0.0758,0.0735,-0.0786,0.0395,-0.0774,0.0799,2.7929,0.0225
195401,0.4499999999999999,0.0994,0.0107,False,False,5.5461,0.249,-0.2018,1.5203,0.0153,3.0611,-0.3143,0.0,0.0,-0.0008,0.0035,-0.0864,0.205,0.7863,0.3865,0.8138,0.7832,-0.26,0.01,-0.0728,-0.078,-0.0683,0.0793,-0.017,0.078,-2.9555,0.0225
195501,0.4499999999999999,0.9626,-0.0512,False,False,2.9366,-1.0952,2.1961,-1.4283,-1.8075,1.2469,0.2975,0.1711,-0.1346,0.1079,0.0727,0.3044,0.607,-0.1635,0.4702,0.8027,0.7833,-0.253,0.01,0.0767,0.0061,-0.0738,0.0597,0.0594,0.0456,1.2133,0.0225
195601,0.4499999999999999,1.0292,-0.098,False,False,2.7828,-1.2334,2.1675,-1.4754,-1.7103,1.1525,0.3168,-0.1058,-0.0922,0.1456,0.2195,1.098,0.4284,-0.2154,0.502,0.8114,0.7881,-0.2751,0.01,0.0778,-0.053,-0.0725,0.011,0.0397,0.0173,0.9008,0.0225
195701,0.4499999999999999,0.081,0.0065,False,False,5.5388,0.249,-0.2018,1.5203,0.0154,3.0564,-0.309,0.0002,0.0003,-0.0082,-0.0026,0.0511,0.0958,0.7938,0.374,0.8146,0.8072,-0.252,0.01,-0.0691,-0.0744,-0.0718,0.0392,0.0778,0.0787,-2.5677,0.0225
195801,0.4499999999999999,0.0634,0.0,False,False,5.4962,0.249,-0.2018,1.521,0.0124,3.1616,-0.3335,-0.0,-0.0003,0.0055,-0.0238,1.1288,0.1262,0.7763,0.3462,0.8158,0.806,-0.2535,0.01,-0.0741,-0.078,-0.0693,0.0441,0.0775,0.0775,-3.0592,0.0225
195901,0.4499999999999999,0.6013,0.0072,False,False,4.6934,0.249,-0.2018,1.5206,0.0142,2.7863,0.3602,0.0,0.0024,0.0056,0.0005,0.0104,0.2207,0.4003,-0.1531,0.8118,0.7989,-0.2534,0.01,0.0796,-0.069,-0.0652,-0.0066,-0.0479,0.0641,0.4431,0.0225
196001,0.4499999999999999,0.5536,0.0086,False,False,4.7204,0.249,-0.2018,1.5209,0.0129,2.8466,0.347,0.0038,-0.0029,0.0161,0.0098,0.0023,0.3832,0.4108,-0.1235,0.8071,0.7937,-0.274,0.01,0.0747,-0.0708,-0.0507,0.0369,-0.0028,0.0489,2.9852,0.0225
196101,0.4499999999999999,0.5363,0.0068,False,False,4.7519,0.249,-0.2018,1.5209,0.0127,2.8572,0.3534,0.0,0.0014,-0.0226,-0.0287,-0.0177,0.3934,0.4304,-0.107,0.8066,0.7902,-0.2597,0.01,0.0793,-0.0461,-0.057,0.05,-0.0297,0.0648,2.2498,0.0225
196201,0.4499999999999999,1.1306,0.0,False,False,3.659,-0.4413,1.3211,0.6628,0.012,2.7165,0.3334,-0.0863,0.0313,-0.4239,-0.0061,0.4752,0.1562,-0.2601,-0.0782,0.8166,0.8045,-0.2484,0.01,0.079,-0.0424,-0.0294,0.0085,-0.037,0.074,-2.4911,0.0225
196301,0.4499999999999999,1.1798,0.0,False,False,3.6714,-0.3306,1.0593,0.8395,0.0122,2.6909,0.3627,-0.01,0.0241,-0.0131,0.0007,-0.0023,0.1809,-0.303,-0.1113,0.8159,0.8033,-0.2522,0.01,0.0782,-0.0555,-0.054,0.012,-0.0629,0.0737,1.581,0.0225
196401,0.4499999999999999,1.0587,0.0,False,False,3.7929,-0.4411,1.3254,0.6709,0.0121,2.7039,0.3547,-0.1682,0.2048,-0.6033,-0.0074,0.4965,0.1773,-0.1718,-0.1059,0.816,0.8157,-0.2749,0.01,0.0795,-0.066,0.0039,0.0766,0.0173,0.0761,0.1825,0.0225
196501,0.4499999999999999,0.1023,0.0,False,False,5.5158,0.249,-0.2018,1.5207,0.0135,3.113,0.0554,0.0,0.0,-0.0001,0.0001,0.0159,0.1669,0.7754,0.3645,0.8148,0.8158,-0.2762,0.01,0.0245,-0.0792,-0.0765,-0.0397,0.0782,0.079,-1.4354,0.0225
196601,0.4499999999999999,0.1595,0.0035,False,False,5.4541,0.249,-0.2027,1.5351,0.0313,2.8465,0.2758,0.0,0.001,-0.017,-0.017,-0.0086,0.4112,0.7577,0.3241,0.8047,0.8761,-0.1201,0.01,0.0614,-0.0791,-0.0786,0.0758,0.0657,0.079,1.3359,0.0225
196701,0.4499999999999999,0.1273,0.0073,False,False,5.4859,0.249,-0.2018,1.521,0.0122,2.6909,0.3223,0.0,0.0,-0.0,-0.0,0.0,0.3255,0.7855,0.3431,0.8121,0.8761,-0.1201,0.01,0.0712,-0.0795,-0.0754,0.0663,0.0582,0.0796,2.2164,0.0225
196801,0.4499999999999999,0.1494,0.0,False,False,5.4728,0.249,-0.2022,1.5263,0.0197,2.8573,-0.0017,0.0006,0.0017,-0.0273,-0.0376,-0.0201,0.4081,0.7573,0.3406,0.8055,0.8761,-0.1201,0.01,0.0006,-0.0795,-0.0753,0.0766,0.0657,0.0791,2.2465,0.0225
196901,0.4499999999999999,1.1249,0.0,False,False,3.4509,-0.5943,1.624,0.3932,-0.3531,2.5546,0.2816,0.2146,-0.1865,-0.0981,2.5594,0.1861,0.2054,-0.2856,0.0463,0.9088,0.8042,-0.2515,0.01,0.0783,0.0616,-0.0057,-0.0624,0.0424,-0.0532,-2.9923,0.0225
197001,0.4499999999999999,1.0399,-0.1345,False,False,3.2724,-0.761,1.7061,-0.4077,-1.6687,1.9497,0.1497,0.107,-0.2061,0.3511,1.5529,0.3732,0.4313,-0.2258,0.3807,0.9607,0.795,-0.2702,0.01,0.0777,0.0597,-0.0359,0.0688,0.0328,0.0784,2.632,0.0225
197101,0.4499999999999999,1.1604,-0.233,False,False,3.317,-0.6506,1.5057,-0.0546,-0.8227,1.9894,0.256,0.2324,-0.3578,0.4198,2.1561,0.5238,0.4515,-0.3255,0.1462,0.951,0.8151,-0.2635,0.01,0.0761,0.0791,-0.0563,0.02,-0.0076,0.0788,2.7158,0.0225
197201,0.4499999999999999,0.0852,0.0,False,False,5.4987,0.249,-0.2018,1.5204,0.0147,3.0742,0.0039,0.0004,-0.0002,0.0046,0.0068,-0.0854,0.2372,0.7703,0.3552,0.8134,0.8151,-0.2635,0.01,-0.0209,-0.0689,-0.0774,0.0739,0.0623,0.0794,-1.6616,0.0225
197301,0.4499999999999999,0.1023,0.0,False,False,5.5302,0.249,-0.203,1.5398,0.037,2.8648,0.265,0.0004,0.0038,-0.0744,-0.0948,-0.2748,0.3004,0.7776,0.3798,0.8057,0.8146,-0.2643,0.01,0.0607,-0.0704,-0.0744,0.0692,0.0784,0.0795,0.4137,0.0225
197401,0.4499999999999999,0.1894,0.0,False,False,5.543,0.249,-0.2019,1.5218,0.0168,3.0467,0.3059,-0.0,-0.0061,0.0984,0.0377,-1.4442,0.2511,0.7811,0.3894,0.8126,0.7564,-0.347,0.01,0.0755,0.0727,-0.0779,-0.0314,-0.0758,0.0793,2.361,0.0225
197501,0.4499999999999999,0.1837,0.0,False,False,5.5351,0.249,-0.2032,1.544,0.0425,2.9008,0.032,0.0001,-0.007,0.1161,0.1529,0.047,0.323,0.7729,0.3854,0.8045,0.7564,-0.347,0.01,0.0239,-0.0782,-0.0297,0.0752,0.0794,0.0793,0.8761,0.0225
197601,0.4499999999999999,1.21,-0.2309,False,False,3.3431,-0.6094,1.4323,-0.0612,-0.4122,2.1153,0.1318,0.2261,-0.2558,0.3272,2.1902,0.5531,0.2371,-0.3847,0.0723,0.8795,0.8036,-0.2676,0.01,0.0238,0.0794,-0.0249,-0.0434,0.0758,0.0638,-2.6366,0.0225
197701,0.4499999999999999,1.2215,-0.3324,False,False,3.3816,-0.4848,1.3929,0.5444,-0.0207,2.7159,0.2435,0.2008,0.1663,0.9852,1.5138,3.1416,0.1204,-0.4048,0.0183,0.8267,0.788,-0.2714,0.01,0.0724,0.0611,0.0697,-0.076,0.0694,0.0691,-2.8144,0.0225
197801,0.4499999999999999,1.1898,0.0,False,False,3.4952,-0.5062,1.365,0.3578,-0.004,3.0966,0.1934,0.2834,-0.3226,0.9979,-0.0789,0.3023,0.1989,-0.3527,-0.0215,0.8159,0.7916,-0.2468,0.01,0.0655,0.067,-0.0798,-0.0634,-0.0754,0.0699,-2.6307,0.0225
197901,0.4499999999999999,1.1889,-0.0345,False,False,3.5635,-0.4978,1.3496,0.3795,-0.003,3.0213,0.2426,-0.0423,0.0638,-0.1256,0.0039,0.1121,0.1874,-0.3183,-0.0518,0.8176,0.8169,-0.2494,0.01,0.0774,-0.0202,-0.0003,-0.0376,-0.0551,0.0603,-0.3735,0.0225
198001,0.4499999999999999,1.1507,0.0,False,False,3.6942,-0.4433,1.2163,0.4521,-0.0026,3.0282,0.3195,-0.1644,0.0858,-0.7915,0.0314,0.871,0.2761,-0.261,-0.1015,0.8146,0.818,-0.2524,0.01,0.0745,-0.07,-0.0352,-0.0132,-0.0371,0.0749,1.118,0.0225
198101,0.4499999999999999,0.07,0.0,False,False,5.5039,0.249,-0.2018,1.5211,0.0121,2.899,-0.3054,-0.0018,0.0036,0.0015,-0.0179,1.4061,0.1545,0.7809,0.3522,0.8133,0.818,-0.2524,0.01,-0.0596,-0.073,0.0306,-0.0164,0.0774,0.079,-2.9974,0.0225
198201,0.4499999999999999,0.1036,0.0,False,False,5.4181,0.249,-0.2018,1.5211,0.0119,3.2246,-0.3039,0.0006,0.0002,-0.0185,-0.0289,1.3226,0.073,0.7617,0.2826,0.8163,0.838,-0.2024,0.01,-0.07,-0.0677,-0.0606,-0.0288,0.0188,0.0795,-2.8593,0.0225
198301,0.4499999999999999,0.0744,-0.0002,False,False,5.4824,0.249,-0.2028,1.5363,0.0326,2.8565,0.3649,0.0,0.0023,0.0071,0.0082,0.3224,0.361,0.7652,0.3452,0.8051,0.838,-0.2024,0.01,0.0787,-0.0747,-0.074,0.0686,0.0687,0.0763,2.9246,0.0225
198401,0.4499999999999999,0.0789,0.0,False,False,5.4649,0.249,-0.2032,1.543,0.041,2.8984,0.3143,0.0023,-0.0035,0.0054,0.0026,-0.0155,0.2863,0.7627,0.3303,0.8053,0.8381,-0.2022,0.01,0.0703,-0.0654,-0.0533,0.0494,0.0689,0.0799,0.9668,0.0225
198501,0.4499999999999999,1.1088,0.0,False,False,3.6351,-0.4808,1.375,0.5289,0.0092,2.8403,0.2686,0.0319,-0.1391,-0.0475,-0.0057,0.2084,0.3746,-0.2547,-0.0605,0.8109,0.7916,-0.244,0.01,0.0695,-0.0203,-0.0683,0.0518,-0.0377,-0.0075,2.617,0.0225
198601,0.4499999999999999,1.0525,0.0,False,False,3.7307,-0.4896,1.4499,0.5896,0.0142,2.8038,0.3382,-0.173,-0.0623,-0.9726,-0.0245,1.068,0.1372,-0.1832,-0.0693,0.8135,0.81,-0.2717,0.01,0.0789,-0.0576,-0.046,-0.075,0.0316,0.077,-1.5577,0.0225
198701,0.4499999999999999,0.0978,0.0,False,False,5.5129,0.249,-0.2031,1.542,0.0397,2.8975,0.3165,0.0,0.0065,-0.1091,-0.1478,-0.3541,0.3284,0.7693,0.3688,0.8048,0.8105,-0.2687,0.01,0.0703,-0.0719,-0.0703,-0.0413,0.0752,0.0799,1.146,0.0225
198801,0.4499999999999999,0.6091,-0.0069,False,False,4.6673,0.2478,-0.1993,1.5196,0.0127,2.8555,0.3241,0.0689,-0.1413,0.0722,0.001,-0.0565,0.3039,0.3738,-0.1468,0.8082,0.7854,-0.2482,0.01,0.0782,0.0101,-0.0746,0.0073,-0.0382,0.0556,-0.7557,0.0225
198901,0.4499999999999999,0.4197,0.0109,False,False,4.9282,0.249,-0.2018,1.521,0.0122,2.6909,0.3554,0.0001,-0.0001,0.0001,-0.0002,-0.0137,0.3583,0.5565,-0.0395,0.8112,0.8022,-0.25,0.01,0.0776,-0.0758,-0.0772,0.0504,0.0362,0.0384,2.7572,0.0225
199001,0.4499999999999999,0.3842,0.0116,False,False,4.9586,0.249,-0.2018,1.521,0.0122,2.6909,0.336,0.0004,-0.0006,0.0003,0.0008,0.0036,0.3413,0.5744,-0.0232,0.8117,0.7946,-0.2591,0.01,0.0792,-0.0314,-0.0772,0.0111,0.0767,0.0111,3.0598,0.0225
199101,0.4499999999999999,0.3345,0.0082,False,False,5.0452,0.249,-0.2018,1.521,0.0122,2.6909,0.3655,0.0075,-0.0096,0.0202,0.0172,0.0006,0.3652,0.6213,0.0298,0.811,0.8204,-0.2522,0.01,0.0793,-0.0671,-0.0745,0.0352,0.061,0.0678,2.3783,0.0225
199201,0.4499999999999999,0.9908,-0.0997,False,False,3.1479,-1.5485,2.5495,-1.8157,-1.9689,1.4254,0.3708,0.292,-0.0077,0.8873,0.4629,0.6851,-0.0,-0.148,0.5845,0.7994,0.7969,-0.2637,0.01,0.0789,0.0198,-0.0703,-0.0356,-0.0548,-0.0746,0.0512,0.0225
199301,0.4499999999999999,0.9918,-0.0825,False,False,3.044,-0.92,2.0975,-1.1877,-2.0272,1.7736,0.1636,0.0617,-0.1664,0.1187,-0.1395,0.942,0.4874,-0.1543,0.5176,0.8085,0.8134,-0.2487,0.01,0.0781,0.0139,-0.0778,-0.0391,0.0589,0.0458,2.5044,0.0225
199401,0.4499999999999999,0.9915,-0.0853,False,False,3.0924,-0.9228,2.0471,-1.2313,-1.9862,1.489,0.0222,0.2021,-0.183,0.4587,-0.7071,-0.1256,0.5259,-0.1781,0.4979,0.8037,0.7877,-0.2761,0.01,0.0218,0.0353,-0.0709,0.0772,0.0655,0.0375,2.1344,0.0225
199501,0.4499999999999999,1.0362,-0.0771,False,False,3.1438,-0.8672,1.9567,-0.9386,-2.0902,2.0309,-0.0086,0.0961,-0.2158,0.6643,0.0915,0.4192,0.3353,-0.1943,0.5289,0.8452,0.8128,-0.2588,0.01,0.0415,0.0459,-0.0613,-0.0131,0.0756,0.0772,1.112,0.0225
199601,0.4499999999999999,1.0073,-0.0302,False,False,3.1597,-0.8939,2.0282,-1.1453,-2.083,1.6219,-0.0029,0.0376,-0.1075,0.3113,0.0156,-0.0266,0.4562,-0.1795,0.5149,0.8141,0.8062,-0.2409,0.01,0.0341,0.0712,-0.0785,0.0231,-0.0132,0.0464,1.782,0.0225
199701,0.4499999999999999,0.9722,-0.153,False,False,3.2335,-0.9872,2.1692,-1.355,-2.0921,1.3103,0.1684,0.2668,-0.2268,0.6417,-0.0353,1.6694,0.5093,-0.1463,0.5054,0.8023,0.8,-0.2676,0.01,0.0667,0.0646,-0.0773,0.0588,0.0728,-0.0514,-2.4154,0.0225
199801,0.4499999999999999,0.9729,-0.0886,False,False,3.2427,-0.9616,2.1407,-1.2994,-2.0491,1.4725,0.1259,0.2371,-0.1969,0.5749,-0.3212,0.245,0.5585,-0.1431,0.4889,0.8027,0.8118,-0.2468,0.01,0.0431,0.054,-0.0768,-0.0317,-0.0467,0.0644,0.1494,0.0225
199901,0.4499999999999999,1.0159,-0.0757,False,False,3.1262,-0.8833,1.9994,-1.1083,-2.0469,1.9043,0.2632,0.1051,-0.2616,0.0702,-0.3628,-0.2003,0.215,-0.1907,0.5261,0.8138,0.7925,-0.2782,0.01,0.0668,-0.0108,-0.0785,-0.0064,0.0048,0.0357,-1.7296,0.0225
200001,0.4499999999999999,1.0152,-0.0572,False,False,3.2851,-0.8975,2.0361,-1.1286,-2.1401,1.612,-0.0082,0.0612,-0.1901,0.6066,0.0502,0.0258,0.235,-0.1851,0.5192,0.8205,0.8014,-0.269,0.01,0.0591,0.0653,-0.0669,-0.0231,0.0619,0.0213,-3.1048,0.0225
200101,0.4499999999999999,1.0877,-0.1032,False,False,3.1971,-0.8276,1.8585,-0.5756,-2.1661,1.74,0.0241,0.1735,-0.3478,0.9843,-0.008,-0.1566,0.2658,-0.2293,0.5366,0.9305,0.8197,-0.2641,0.01,0.0655,0.0775,-0.0708,0.0665,0.0627,0.0004,0.077,0.0225
200201,0.4499999999999999,0.0704,0.0,False,False,5.4259,0.249,-0.2019,1.5225,0.0162,3.0168,0.3491,0.0001,0.0145,-0.2075,-0.3529,-1.2312,0.2472,0.7543,0.3002,0.812,0.8196,-0.264,0.01,0.0786,0.0679,-0.0799,-0.0788,-0.0779,0.0798,2.0376,0.0225
200301,0.4499999999999999,0.0722,0.0,False,False,5.4627,0.249,-0.2018,1.5205,0.0145,3.0389,-0.344,0.0003,0.0002,-0.012,0.0438,1.6609,0.181,0.7632,0.3246,0.813,0.8196,-0.264,0.01,-0.0731,-0.0685,-0.0654,-0.0567,-0.0423,0.0756,-1.1863,0.0225
200401,0.4499999999999999,0.0802,0.0,False,False,5.5199,0.249,-0.2018,1.521,0.0125,2.8673,-0.0204,0.0001,-0.0001,-0.0012,-0.0023,0.1426,0.275,0.7749,0.3706,0.8099,0.8215,-0.2416,0.01,-0.0238,-0.0737,-0.0747,0.0604,0.0574,0.0796,-0.2909,0.0225
200501,0.4499999999999999,0.0753,0.0,False,False,5.4488,0.249,-0.2028,1.5365,0.0339,2.9786,-0.0008,-0.0,0.0028,-0.0461,-0.0602,0.0453,0.1932,0.7618,0.315,0.8088,0.8288,-0.2063,0.01,0.0017,-0.0641,-0.071,-0.0549,0.0662,0.0751,-2.6473,0.0225
200601,0.4499999999999999,1.1031,-0.1086,False,False,3.1528,-0.7838,1.7552,-0.5113,-2.2021,2.1482,0.1666,0.2046,-0.4139,0.8252,-0.2095,0.0402,0.4271,-0.2591,0.5506,0.9173,0.8025,-0.2707,0.01,0.0686,0.0741,-0.0766,0.0747,0.0784,0.0553,2.8618,0.0225
200701,0.4499999999999999,0.9786,-0.078,False,False,3.2415,-0.8982,2.0296,-0.9114,-2.0315,1.7814,-0.0227,0.0878,-0.2917,0.9257,-0.0128,0.2058,0.2968,-0.1555,0.5002,0.8732,0.794,-0.2713,0.01,0.0383,0.0761,-0.0662,0.0546,0.0101,0.0284,2.7581,0.0225
200801,0.4499999999999999,1.0416,-0.1499,False,False,3.1992,-0.8269,1.8501,-0.6136,-2.0023,1.8538,0.0906,0.1521,-0.3381,0.9699,0.9484,0.3447,0.3996,-0.208,0.4899,0.9238,0.8091,-0.2404,0.01,0.0661,0.066,-0.0776,0.0752,0.0752,0.0748,2.4138,0.0225
200901,0.4499999999999999,1.0045,-0.0527,False,False,3.1616,-0.8615,1.9331,-0.7842,-1.992,2.0116,0.0209,0.0562,-0.1535,0.4606,0.3128,-0.0236,0.3245,-0.1848,0.5011,0.8868,0.7885,-0.2778,0.01,0.075,0.0757,-0.0169,0.0219,0.0686,-0.0223,1.4887,0.0225
201001,0.4499999999999999,1.0066,-0.0687,False,False,3.1526,-0.8828,1.9921,-0.9032,-2.0563,1.8735,-0.0157,0.0687,-0.2264,0.7041,-0.013,0.2601,0.3165,-0.1753,0.5185,0.8657,0.8033,-0.2544,0.01,0.0158,0.0746,-0.06,0.0619,0.0711,0.0309,1.5008,0.0225
201101,0.4499999999999999,0.9876,-0.0985,False,False,3.2652,-0.9172,2.0875,-1.1632,-2.0893,1.6144,0.0787,0.0681,-0.2111,0.5439,-0.2539,-0.6418,0.2759,-0.1592,0.5111,0.8198,0.8028,-0.2605,0.01,0.0694,0.0211,-0.0724,0.0492,0.0601,-0.0212,-2.1735,0.0225
201201,0.4499999999999999,1.0353,-0.0947,False,False,3.1729,-0.8441,1.8928,-0.7916,-2.0941,1.9293,0.0045,0.115,-0.3166,0.9479,-0.0141,0.361,0.2494,-0.2121,0.527,0.8785,0.7941,-0.2502,0.01,0.0505,0.0568,-0.0786,0.0482,0.0742,0.0594,-0.6788,0.0225
201301,0.4499999999999999,1.0363,-0.0722,False,False,3.1774,-0.888,2.0106,-0.9684,-2.1072,1.7725,0.025,0.1171,-0.2669,0.8022,-0.0655,0.0764,0.1904,-0.1816,0.5324,0.8537,0.8222,-0.2668,0.01,0.0717,0.075,-0.0645,-0.0221,0.0243,0.0293,-1.2153,0.0225
201401,0.4499999999999999,0.0662,0.0,False,False,5.4391,0.249,-0.2018,1.5204,0.0148,3.0732,-0.4046,-0.0,-0.0003,0.0046,-0.0196,0.497,0.1183,0.7638,0.3031,0.8141,0.8222,-0.2668,0.01,-0.0751,-0.0657,0.0055,-0.0763,-0.0058,0.0794,-2.494,0.0225
201501,0.4499999999999999,0.0772,-0.006,False,False,5.444,0.249,-0.2026,1.5344,0.0303,2.8458,0.365,0.0033,-0.016,0.1579,0.1945,0.2064,0.3168,0.7604,0.313,0.8065,0.8305,-0.2092,0.01,0.0788,-0.0782,-0.0791,0.0441,0.0652,0.0764,2.6314,0.0225
201601,0.4499999999999999,0.1334,0.0,False,False,5.3614,0.249,-0.2017,1.5206,0.0139,3.0988,0.0012,0.0137,-0.027,-0.0023,-0.017,0.0973,0.1416,0.7395,0.2464,0.8145,0.8305,-0.2092,0.01,0.0078,-0.076,0.0284,-0.0659,0.0369,0.0746,-1.7642,0.0225
201701,0.4499999999999999,0.1374,0.0,False,False,5.3545,0.249,-0.2018,1.5208,0.0131,3.1273,0.1379,0.0008,0.0097,-0.0082,-0.0004,-1.0996,0.0983,0.7408,0.2397,0.8152,0.8305,-0.2092,0.01,0.0474,0.0234,-0.0796,0.0641,-0.0717,0.0796,-2.6582,0.0225
201801,0.4499999999999999,1.0796,-0.1566,False,False,3.1807,-0.7658,1.7454,-0.2489,-1.9934,1.9629,0.1053,0.1868,-0.3351,0.8797,1.0694,0.238,0.4334,-0.2541,0.4888,1.0008,0.7885,-0.2461,0.01,0.079,0.0777,-0.0658,0.0667,0.0421,0.0752,3.0257,0.0225
201901,0.4499999999999999,1.0209,-0.1526,False,False,3.1871,-0.8348,1.8778,-0.526,-1.8238,1.7836,0.1473,0.1593,-0.3093,0.7714,1.4164,0.287,0.3221,-0.1921,0.4498,0.9601,0.7994,-0.2743,0.01,0.0786,0.0512,-0.078,0.0794,0.0547,0.0692,2.6938,0.0225
202001,0.4499999999999999,1.0351,-0.1218,False,False,3.1745,-0.8714,1.9579,-0.7289,-2.0347,1.7258,0.0618,0.1337,-0.3236,0.9238,0.3919,-0.3453,0.1079,-0.1865,0.5189,0.9122,0.8131,-0.2705,0.01,0.0742,0.0726,-0.0774,0.0206,0.0677,-0.0531,-2.8831,0.0225
202101,0.4499999999999999,0.0608,0.0,False,False,5.4531,0.249,-0.2018,1.5204,0.0148,3.0659,0.3006,0.002,-0.0029,-0.0171,0.0828,-2.9367,0.1147,0.7688,0.3121,0.8141,0.8126,-0.2724,0.01,0.0692,0.0468,-0.0797,0.0613,-0.0751,0.0798,-2.2817,0.0225
202201,0.4499999999999999,0.9506,-0.1051,False,False,2.6908,-1.3158,2.2925,-1.3616,-1.7926,0.2993,0.3544,-0.1741,-0.202,0.2826,0.33,-0.639,0.3069,-0.1315,0.5293,0.8453,0.7882,-0.2548,0.01,0.0769,-0.0692,-0.0779,0.0797,-0.0152,-0.0506,0.8445,0.0225
202301,0.4499999999999999,1.0138,-0.0831,False,False,2.3919,-1.3967,2.2868,-1.3808,-1.6225,0.147,0.383,-0.0808,-0.083,0.5092,0.368,0.3657,0.3299,-0.1659,0.5401,0.8452,0.816,-0.2561,0.01,0.0787,-0.0574,-0.0684,0.0747,0.0029,0.0694,3.0594,0.0225
202401,0.4499999999999999,0.0787,-0.0057,False,False,5.5163,0.249,-0.2018,1.521,0.0122,2.6914,0.0498,0.0,0.0002,-0.0002,0.0027,-0.0423,0.2827,0.7932,0.3656,0.8132,0.816,-0.2561,0.01,0.0327,-0.0271,-0.0643,0.0695,-0.0602,0.0789,-0.5101,0.0225
202501,0.4499999999999999,1.0406,-0.1633,False,False,3.1925,-0.8012,1.8041,-0.4227,-1.8208,1.8043,0.1491,0.1531,-0.3035,0.7399,1.4521,-0.3091,0.3815,-0.217,0.4433,0.9757,0.7923,-0.2787,0.01,0.0773,0.0717,-0.0789,0.0337,0.0586,-0.0388,2.7037,0.0225
202601,0.4499999999999999,0.9915,-0.0723,False,False,3.1984,-0.8518,1.9079,-0.7563,-1.9278,1.7368,0.001,0.0798,-0.2084,0.6474,0.113,0.3042,0.2868,-0.1871,0.4774,0.8993,0.7813,-0.2545,0.01,0.031,0.0614,-0.0429,0.0332,0.0637,0.05,1.1084,0.0225
202701,0.4499999999999999,1.0108,-0.1068,False,False,3.1984,-0.8683,1.9497,-0.7726,-2.0305,1.6446,0.0735,0.1325,-0.3424,0.9201,0.2172,0.2624,0.2711,-0.1838,0.5048,0.9012,0.7966,-0.2648,0.01,0.0722,0.0668,-0.0782,0.0431,0.0209,0.0514,-0.3172,0.0225
202801,0.4499999999999999,0.9731,-0.0345,False,False,3.2445,-0.9214,2.098,-1.143,-2.0452,1.6556,0.0044,-0.0156,0.048,-0.1529,-0.0924,0.2333,0.2231,-0.1495,0.5083,0.826,0.8023,-0.2411,0.01,0.065,0.0702,0.0342,-0.0706,0.0377,0.0181,-2.989,0.0225
202901,0.4499999999999999,0.9542,-0.2555,False,False,3.1567,-1.177,2.2618,-1.5142,-1.9469,1.1171,0.1768,0.006,0.2509,-0.6612,0.933,-3.1427,0.5933,-0.1389,0.4766,0.8051,0.7947,-0.2705,0.01,0.0743,-0.0104,-0.0094,0.0093,0.0357,0.0588,-1.8231,0.0225
203001,0.4499999999999999,0.929,-0.0679,False,False,3.0221,-1.0947,2.2716,-1.461,-1.7925,1.3116,0.2641,0.3556,-0.2309,0.2494,-0.0642,0.2575,0.699,-0.1245,0.4424,0.799,0.7945,-0.2431,0.01,0.0741,0.0446,-0.0723,0.0545,0.0517,0.0275,-0.1933,0.0225
203101,0.4499999999999999,0.9775,-0.0762,False,False,2.9203,-1.1418,2.2623,-1.4783,-1.7699,1.2647,0.3357,-0.2207,-0.1195,0.0579,0.561,-0.3516,0.6666,-0.1487,0.4551,0.8013,0.8126,-0.2715,0.01,0.0746,-0.0697,-0.0758,0.0328,0.046,-0.0436,-0.2572,0.0225
203201,0.4499999999999999,0.087,0.0,False,False,5.3589,0.249,-0.2018,1.5207,0.0137,3.1057,-0.2466,-0.0,-0.0002,0.0035,-0.0153,0.5415,0.2866,0.7334,0.2521,0.8143,0.8126,-0.2715,0.01,-0.0738,0.0632,-0.0455,0.0572,-0.0243,0.0789,2.5282,0.0225
203301,0.4499999999999999,0.0733,0.0,False,False,5.431,0.249,-0.2018,1.5211,0.0119,3.2372,-0.2664,0.0002,0.0006,-0.004,0.0256,1.2249,0.2971,0.7511,0.306,0.8182,0.8127,-0.2719,0.01,-0.0721,0.0448,-0.0195,0.0496,-0.0706,0.0795,0.0408,0.0225
203401,0.4499999999999999,0.0807,0.0,False,False,5.483,0.249,-0.2018,1.5206,0.0142,2.7865,0.3513,0.0034,-0.0046,0.056,0.0514,-0.1844,0.2903,0.7782,0.342,0.8102,0.8178,-0.2754,0.01,0.0767,-0.0733,-0.0786,0.0559,0.0668,0.0792,1.9526,0.0225
203501,0.4499999999999999,0.1111,0.0,False,False,5.3943,0.249,-0.2018,1.5203,0.0154,3.0563,-0.307,0.0007,-0.0009,-0.0004,0.0092,0.0212,0.2284,0.7449,0.2753,0.8129,0.8286,-0.2052,0.01,-0.0618,-0.0517,-0.0694,-0.013,-0.0329,0.079,-2.1674,0.0225
203601,0.4499999999999999,0.9804,-0.0565,False,False,2.943,-1.2715,2.392,-1.6312,-1.9078,1.6129,0.2669,0.378,-0.144,0.2384,-0.1257,-0.031,-0.0,-0.1342,0.5995,0.798,0.8022,-0.2407,0.01,0.076,0.0473,-0.0697,0.0786,-0.0735,-0.0779,-2.4729,0.0225
203701,0.4499999999999999,0.9728,-0.0965,False,False,2.6042,-1.3377,2.2963,-1.3862,-1.8225,0.2327,0.2922,-0.1012,0.024,0.3048,0.1741,-1.1273,0.3171,-0.1346,0.5526,0.8418,0.7959,-0.2765,0.01,0.0699,-0.0598,-0.0415,0.0782,-0.0625,-0.05,-2.509,0.0225
203801,0.4499999999999999,1.0177,-0.0669,False,False,2.3802,-1.3799,2.2707,-1.3542,-1.6438,0.0744,0.3469,-0.2079,0.1411,0.1166,-0.2345,0.3424,0.1954,-0.168,0.5538,0.8427,0.8076,-0.281,0.01,0.0729,-0.0713,-0.0198,0.0789,-0.0762,0.0741,0.9227,0.0225
203901,0.4499999999999999,0.1106,0.0094,False,False,5.2885,0.249,-0.2018,1.521,0.0122,2.691,0.3571,0.0005,-0.0004,-0.0004,0.006,0.0151,0.3623,0.7285,0.1947,0.8111,0.8076,-0.281,0.01,0.0793,-0.064,-0.0713,0.0783,0.0771,0.074,2.9871,0.0225
204001,0.4499999999999999,0.0619,0.0,False,False,5.4695,0.249,-0.2018,1.5211,0.0121,2.9418,-0.3643,0.0039,-0.0065,0.0044,-0.009,1.6668,0.1282,0.7724,0.3251,0.8136,0.8296,-0.2269,0.01,-0.0764,-0.0049,-0.0459,-0.009,-0.0733,0.0793,-2.7671,0.0225
204101,0.4499999999999999,0.0659,0.0,False,False,5.452,0.249,-0.2018,1.5207,0.0137,3.0143,-0.2514,0.0,0.0014,-0.0221,0.016,1.5892,0.1557,0.7694,0.3109,0.8141,0.8296,-0.2269,0.01,-0.0776,0.0731,0.0066,0.0185,-0.0632,0.0768,-1.5835,0.0225
204201,0.4499999999999999,0.0686,0.0,False,False,5.5085,0.249,-0.2018,1.5206,0.0141,2.7929,0.2083,-0.0,-0.0,0.0016,0.0003,-0.1022,0.3725,0.7786,0.3651,0.8084,0.8296,-0.2269,0.01,0.051,-0.0777,-0.0624,0.0716,0.002,0.0783,2.0224,0.0225
204301,0.4499999999999999,1.0379,-0.0731,False,False,2.3643,-1.4429,2.2711,-1.4059,-1.5904,0.1325,0.3525,-0.1564,0.3126,-0.2671,-0.3372,-0.0466,0.109,-0.1906,0.5595,0.8328,0.8048,-0.2816,0.01,0.0713,-0.0664,-0.0084,0.0767,-0.0753,0.0201,-1.0248,0.0225
204401,0.4499999999999999,1.1718,-0.1049,False,False,2.0714,-1.5559,2.1026,-1.7234,-1.6337,0.055,0.4028,0.0052,0.4652,2.589,-0.0186,0.3986,0.0119,-0.2667,0.8002,0.8517,0.7823,-0.2685,0.01,0.0762,-0.0457,-0.0728,0.0379,-0.0546,0.0776,-1.4088,0.0225
204501,0.4499999999999999,0.1772,0.0134,False,False,5.2008,0.249,-0.2018,1.521,0.0122,2.6909,0.3577,-0.0,0.0,-0.0,-0.0,0.0,0.2647,0.6975,0.1277,0.8137,0.7823,-0.2685,0.01,0.0792,-0.0658,-0.0599,0.0575,0.0756,0.0615,2.3774,0.0225
204601,0.4499999999999999,0.3621,0.0064,False,False,4.9774,0.249,-0.2018,1.521,0.0122,2.6909,0.2526,0.0,-0.0,-0.0,-0.0,-0.0013,0.1374,0.5882,-0.0233,0.8172,0.7883,-0.2728,0.01,0.0672,0.022,0.0309,-0.0253,-0.0667,0.0683,0.029,0.0225
204701,0.4499999999999999,0.5411,0.0,False,False,4.7819,0.0942,0.1195,1.3563,0.018,3.035,0.2865,0.1552,-0.3103,-0.0182,-0.2878,-0.5327,0.0824,0.4546,-0.1092,0.8124,0.7951,-0.2393,0.01,0.0758,0.0714,0.0166,0.0765,-0.0453,0.0695,-2.7736,0.0225
204801,0.4499999999999999,0.7232,0.0052,False,False,4.5287,0.249,-0.2018,1.521,0.0122,2.6909,0.2761,-0.0,0.0,-0.0,-0.0,-0.0,0.0006,0.2782,-0.2284,0.8207,0.7904,-0.2688,0.01,0.0776,0.0705,0.0162,-0.0062,-0.0789,0.0351,-2.4271,0.0225
204901,0.4499999999999999,0.9135,0.0,False,False,4.2269,0.0681,0.1747,1.3259,0.0168,3.0503,0.3088,0.237,-0.5011,0.2664,0.0027,-0.0116,0.321,0.0445,-0.2377,0.8117,0.7858,-0.2544,0.01,0.0792,0.0754,-0.0726,0.04,0.0317,0.0633,2.5042,0.0225
205001,0.4499999999999999,1.0481,0.0,False,False,3.7953,-0.4091,1.25,0.7273,0.0122,2.6909,0.2584,0.041,-0.1021,0.0611,0.0,-0.0004,0.183,-0.1847,-0.1173,0.8159,0.7868,-0.2746,0.01,0.0778,0.0335,0.0279,0.0597,-0.0628,0.0141,-0.7485,0.0225
205101,0.4499999999999999,1.0536,-0.1596,False,False,3.4547,-0.7232,1.8101,0.0583,-0.6079,2.0018,0.28,-0.0266,0.0109,-0.5641,2.1658,-0.1463,0.3205,-0.2134,0.0915,0.9531,0.8115,-0.2764,0.01,0.0773,0.0029,0.0168,0.0015,-0.0528,-0.0417,-0.7463,0.0225
205201,0.4499999999999999,0.0722,0.0,False,False,5.4781,0.249,-0.2031,1.5417,0.0394,2.877,0.3475,0.0,0.005,-0.0843,-0.1115,-0.296,0.1186,0.7723,0.3315,0.8079,0.8115,-0.2764,0.01,0.0754,-0.078,-0.0551,-0.0114,0.0775,0.0779,-2.6777,0.0225
205301,0.4499999999999999,1.0381,-0.1041,False,False,3.1433,-0.8644,1.9459,-0.8302,-2.2398,1.9993,0.0049,0.1087,-0.3098,1.0034,0.0742,0.4004,0.2353,-0.2147,0.5688,0.8702,0.7852,-0.2482,0.01,0.0228,0.0791,-0.0646,0.0747,0.0664,0.064,-1.1599,0.0225
205401,0.4499999999999999,0.9455,-0.0316,False,False,2.8359,-1.2155,2.3553,-1.544,-1.7644,1.2547,0.2985,0.0893,-0.0998,0.0864,0.0413,-0.0702,0.6988,-0.1309,0.4566,0.801,0.7997,-0.2606,0.01,0.0727,-0.0047,-0.0782,-0.0089,-0.0218,-0.0568,-1.3814,0.0225
205501,0.4499999999999999,0.988,-0.0376,False,False,2.5024,-1.3488,2.2383,-1.3089,-1.7157,0.2577,0.3499,0.0155,-0.1203,0.2257,0.0357,0.0834,0.1031,-0.1613,0.5572,0.8401,0.7885,-0.2603,0.01,0.0766,-0.0368,-0.0774,0.0538,-0.0718,0.0591,-0.7425,0.0225
205601,0.4999999999999999,1.1215,-0.0925,False,False,2.1247,-1.5252,2.1632,-1.5824,-1.63,0.0689,0.4325,0.1741,0.3268,1.8138,0.517,0.0154,0.168,-0.2321,0.7048,0.8403,0.8014,-0.2778,0.01,0.0787,-0.0205,-0.0747,0.0389,-0.011,0.0291,-0.1158,0.0225
205701,0.4999999999999999,0.2728,0.0091,False,False,5.0985,0.249,-0.2018,1.521,0.0122,2.6909,0.3272,0.0043,-0.006,0.005,-0.0028,-0.011,-0.0,0.6541,0.0446,0.8207,0.8014,-0.2778,0.01,0.0762,-0.0335,-0.0078,0.0408,-0.0135,0.0578,-2.9941,0.0225
205801,0.4999999999999999,0.4871,0.0018,False,False,4.8523,0.249,-0.2018,1.521,0.0122,2.6909,0.3002,0.0,0.0002,-0.0002,0.0018,-0.0134,-0.0,0.5125,-0.1006,0.8213,0.8198,-0.274,0.01,0.0784,0.0551,0.0693,0.003,-0.0285,-0.0283,-2.412,0.025
205901,0.4999999999999999,0.1066,0.0,False,False,5.507,0.249,-0.2018,1.5203,0.0153,3.0592,-0.1779,0.0,0.0002,-0.0033,0.0155,-0.3622,0.3654,0.7664,0.3655,0.8124,0.8198,-0.274,0.01,-0.0612,0.0635,0.0146,0.0634,-0.0488,0.0795,2.965,0.025
206001,0.4999999999999999,0.0865,0.0,False,False,5.4772,0.249,-0.2028,1.5366,0.0331,2.8522,0.3709,0.0,0.0048,-0.0468,-0.0526,-0.0435,0.2932,0.7669,0.3377,0.8062,0.8304,-0.2688,0.01,0.0794,-0.0788,-0.0784,0.0743,0.0773,0.0786,1.5231,0.025
206101,0.4999999999999999,0.1027,0.0,False,False,5.3574,0.249,-0.2018,1.5208,0.013,3.132,-0.1547,0.0019,-0.0039,0.0024,-0.0021,0.1178,0.1026,0.7398,0.241,0.8153,0.8308,-0.2685,0.01,-0.0511,0.024,-0.0553,0.0197,-0.0276,0.0798,-2.9283,0.025
206201,0.4999999999999999,0.0988,0.0,False,False,5.5023,0.249,-0.2022,1.5263,0.0197,2.8594,-0.0014,0.0004,0.0026,-0.0109,-0.0126,-0.027,0.2172,0.771,0.3559,0.8086,0.8323,-0.2693,0.01,0.0156,-0.0782,-0.0736,0.0375,0.0526,0.0786,-1.3816,0.025
206301,0.4999999999999999,0.5215,0.0,False,False,4.6993,-0.251,0.8727,0.9605,0.0331,2.9773,0.2983,0.0297,-0.0648,0.0027,-0.0819,-0.868,0.3472,0.3966,-0.0568,0.8073,0.7915,-0.2666,0.01,0.0785,0.0226,0.028,-0.0185,-0.0335,0.0771,1.8791,0.025
206401,0.4999999999999999,0.7656,0.0,False,False,4.345,-0.3253,1.0469,0.8461,0.0143,2.7994,0.3,0.1041,-0.2455,0.1383,-0.0059,0.0956,0.1239,0.1716,-0.1514,0.8134,0.8122,-0.2828,0.01,0.0771,0.0246,-0.028,0.0374,-0.0281,0.0708,0.8385,0.025
206501,0.4999999999999999,0.0629,0.0,False,False,5.4476,0.249,-0.2034,1.546,0.0451,2.9063,0.3436,0.001,-0.0062,0.0705,0.0948,0.2005,0.2012,0.7601,0.3131,0.8057,0.8135,-0.2662,0.01,0.0755,-0.0757,-0.0789,0.0757,0.0746,0.0789,0.099,0.025
206601,0.4999999999999999,0.5468,0.0,False,False,4.6636,-0.2784,0.937,0.9095,0.0128,2.852,0.2983,0.0277,-0.0642,0.0365,-0.0002,0.0099,0.2657,0.3756,-0.0665,0.809,0.7899,-0.2601,0.01,0.0797,0.0188,0.0293,0.0091,-0.0249,-0.0328,0.5938,0.025
206701,0.4999999999999999,1.0129,0.0,False,False,4.1111,0.071,0.1686,1.3284,0.0161,3.0534,0.2981,0.2478,-0.5221,0.2562,-0.0223,0.0927,0.3745,-0.0474,-0.2347,0.8118,0.8162,-0.2558,0.01,0.0766,0.0785,-0.0744,0.0443,0.015,0.0695,2.4005,0.025
206801,0.4999999999999999,0.091,0.0,False,False,5.4798,0.249,-0.2026,1.5336,0.0294,2.8406,0.3596,0.0002,0.0018,-0.0338,-0.0276,0.0046,0.29,0.77,0.3392,0.8071,0.8563,-0.2341,0.01,0.075,-0.0741,-0.078,0.0646,0.0699,0.0789,2.3809,0.025
206901,0.4999999999999999,0.1203,0.0,False,False,5.3936,0.249,-0.2018,1.5207,0.0138,3.1027,-0.272,0.0013,0.0,-0.04,-0.064,0.7142,0.2306,0.7458,0.275,0.8143,0.8563,-0.2341,0.01,-0.0748,0.0493,-0.0553,0.0423,-0.0735,0.0789,2.7436,0.025
207001,0.4999999999999999,0.0922,0.0,False,False,5.4425,0.249,-0.2018,1.5207,0.0136,3.1084,-0.26,0.0013,-0.0028,0.0045,-0.0174,0.646,0.0758,0.7689,0.3003,0.8151,0.8563,-0.2341,0.01,-0.0728,0.0425,-0.0048,-0.0051,-0.0677,0.0719,-2.8814,0.025
207101,0.4999999999999999,0.1123,0.0,False,False,5.4074,0.249,-0.2018,1.5203,0.0153,3.0603,-0.2706,0.0,0.0006,-0.0103,-0.0204,0.228,0.2048,0.7515,0.2827,0.8133,0.8563,-0.2341,0.01,-0.0601,-0.0413,-0.0495,-0.0395,-0.0443,0.0791,-2.9885,0.025
207201,0.4999999999999999,0.7261,0.0,False,False,4.4193,-0.2719,0.922,0.9178,0.0138,2.8141,0.2976,0.1607,-0.3708,0.2126,0.0005,-0.0025,0.2489,0.2176,-0.1507,0.8104,0.8045,-0.2738,0.01,0.0754,0.029,-0.0701,-0.0492,-0.0566,0.0579,0.6756,0.025
207301,0.4999999999999999,0.9739,0.0,False,False,4.1546,0.0726,0.1653,1.3296,0.0155,3.056,0.2315,0.2366,-0.4996,0.2624,-0.0011,0.0092,0.3994,-0.0128,-0.2349,0.8118,0.8088,-0.2624,0.01,0.0647,0.074,-0.074,-0.0042,0.0332,0.0665,3.0429,0.025
207401,0.4999999999999999,1.2366,-0.0285,False,False,3.323,-0.4281,1.2977,0.698,0.015,0.5562,-0.0577,0.106,-0.2677,0.1617,-0.0002,-0.0085,0.2154,-0.4312,0.0609,0.832,0.7838,-0.2631,0.01,-0.0437,0.0654,-0.0681,0.026,-0.025,-0.0553,0.9049,0.025
207501,0.4999999999999999,1.1659,-0.0692,False,False,2.9201,-1.5546,2.4948,-2.1407,-2.1722,0.6785,0.5697,0.1938,0.1093,0.3614,-0.1143,0.3298,-0.0007,-0.2788,0.6669,0.805,0.8185,-0.2766,0.01,0.0758,0.03,-0.0208,-0.0082,-0.0766,-0.0052,-1.5705,0.025
207601,0.4999999999999999,0.0666,0.0,False,False,5.4032,0.249,-0.2018,1.5211,0.012,3.2663,-0.3096,0.0,0.0008,-0.0128,-0.008,1.3866,0.0681,0.7575,0.2718,0.8166,0.8185,-0.2766,0.01,-0.0786,0.0108,-0.0301,0.0374,-0.0728,0.0764,-2.9561,0.025
207701,0.4999999999999999,0.0791,0.0,False,False,5.4017,0.249,-0.2018,1.5203,0.0153,3.0595,-0.2455,0.0001,-0.0001,0.0,0.0002,-0.0082,0.3023,0.7445,0.2844,0.8126,0.8193,-0.253,0.01,-0.048,-0.0799,-0.0239,-0.0502,0.076,0.0794,1.2229,0.025
207801,0.4999999999999999,1.1509,-0.2585,False,False,2.1496,-1.4745,2.1508,-1.7682,-1.711,0.0533,0.1741,-0.0016,-0.3097,0.7248,1.0404,-3.1685,0.0059,-0.2513,0.764,0.8214,0.8066,-0.238,0.01,0.0703,-0.0054,-0.0729,0.0777,-0.066,0.0726,0.604,0.025
207901,0.4999999999999999,0.7235,0.0026,False,False,4.5582,0.249,-0.2018,1.5205,0.0145,-0.4438,0.3559,0.0005,0.0052,-0.0005,-0.0181,-0.0723,0.3362,0.3048,-0.2086,0.8143,0.8066,-0.238,0.01,0.0761,-0.0715,-0.0691,0.0705,-0.0709,-0.0793,2.1032,0.025
208001,0.4999999999999999,0.84,0.0,False,False,4.1844,-0.4293,1.2975,0.6914,0.0142,2.794,0.3683,-0.1802,0.0514,-0.9195,-0.0078,0.823,0.0914,0.085,-0.1237,0.8146,0.814,-0.2571,0.01,0.0798,-0.0634,-0.0337,-0.0276,-0.062,0.0271,-2.5508,0.025
208101,0.4999999999999999,1.0554,-0.0057,False,False,3.8253,-0.4415,1.3317,0.678,0.0122,2.6909,0.1578,0.0304,-0.0776,0.0472,-0.0,-0.0,0.075,-0.1538,-0.1128,0.8187,0.819,-0.2544,0.01,0.0428,-0.0318,-0.0141,0.0002,-0.0308,-0.01,-2.131,0.025
208201,0.4999999999999999,0.0656,0.0,False,False,5.4746,0.249,-0.2026,1.5339,0.0295,2.8573,0.331,0.0003,-0.0068,0.1053,0.1532,-0.0452,0.2271,0.7687,0.334,0.8077,0.8208,-0.2517,0.01,0.0727,-0.0798,-0.0772,0.0769,0.0607,0.0795,-1.1189,0.025
208301,0.4999999999999999,0.0626,0.0,False,False,5.4715,0.249,-0.2034,1.5466,0.0458,2.8959,0.2797,-0.0,0.0003,-0.0054,-0.0075,-0.0307,0.2687,0.7678,0.3338,0.8052,0.8226,-0.2434,0.012,0.0648,-0.0771,-0.0725,0.0593,0.0784,0.0792,2.0944,0.025
208401,0.4999999999999999,0.099,0.0,False,False,5.3637,0.249,-0.2018,1.521,0.0124,3.154,0.3413,0.001,0.0016,-0.0087,0.0109,-2.6056,0.2048,0.7437,0.2496,0.8157,0.8224,-0.246,0.01,0.0766,0.0607,-0.0779,0.0563,-0.063,0.0779,1.6635,0.025
208501,0.4999999999999999,0.0937,0.0,False,False,5.3716,0.249,-0.2018,1.5207,0.0136,3.1081,-0.3836,0.001,0.0047,-0.0403,-0.0819,1.0322,0.1243,0.7483,0.2521,0.8149,0.8222,-0.2459,0.01,-0.0677,-0.0761,-0.0388,-0.0576,0.0661,0.0794,-2.816,0.025
208601,0.4999999999999999,1.2031,0.0,False,False,4.093,-0.4917,1.451,0.5589,-3.135,2.6415,0.3896,-0.2661,0.0562,-1.1131,-0.1542,-0.9003,0.3032,-0.4024,0.2392,0.8251,0.7984,-0.2468,0.01,0.0787,-0.0799,-0.0309,-0.0739,0.0573,-0.0163,2.5228,0.025
208701,0.4999999999999999,1.2184,0.0,False,False,4.8407,0.249,-0.2019,1.5213,-3.154,3.4276,-0.2492,0.0019,-0.0029,0.0012,-0.0003,-0.01,0.2534,-0.0497,-0.1437,0.8091,0.8602,0.1164,0.01,-0.0557,-0.08,-0.0697,0.0042,0.0409,0.0786,-0.2744,0.025
208801,0.4999999999999999,0.3663,-0.0008,False,False,6.2117,0.249,-0.2005,1.4999,-3.1273,3.5519,-0.0034,0.0,0.0016,0.0045,0.0005,0.0077,0.444,0.6709,0.3536,0.811,0.8602,0.1164,0.01,0.0797,-0.0738,-0.078,0.0623,0.08,0.0791,2.9648,0.025
208901,0.4999999999999999,0.3656,0.0,False,False,6.2126,0.249,-0.2005,1.4999,-3.1274,3.5518,0.0022,0.0001,0.0001,0.0008,0.0003,-0.0022,0.4387,0.6713,0.3541,0.8111,0.8602,0.1164,0.01,0.0789,-0.0696,-0.0558,0.0755,0.08,0.0769,3.0788,0.025
209001,0.4999999999999999,0.3651,0.0,False,False,6.2132,0.249,-0.2005,1.4999,-3.1274,3.5518,-0.0004,0.0009,-0.0016,-0.002,0.0005,0.0361,0.431,0.6719,0.3544,0.8113,0.8602,0.1164,0.01,0.079,-0.078,-0.0786,0.0772,0.0799,0.0686,2.625,0.025
209101,0.4999999999999999,1.343,0.0,False,False,3.734,-0.3486,1.104,0.7919,-3.1315,2.6524,0.3859,-0.1054,0.1169,-0.3587,-0.0436,0.0735,0.3679,-0.542,0.3533,0.8321,0.7996,-0.2419,0.01,0.0777,-0.0732,-0.0428,-0.0368,0.023,0.0554,0.2429,0.025
209201,0.4999999999999999,1.1344,-0.1016,False,False,3.2569,-0.6725,1.6119,0.0774,-1.1007,2.3959,-0.3805,-0.1593,0.2501,-0.5737,0.3809,0.5164,0.2964,-0.3042,0.2388,1.0266,0.8031,-0.2418,0.01,-0.0643,-0.0744,0.0114,-0.0018,0.0373,0.0786,0.5717,0.025
209301,0.4999999999999999,0.9769,-0.0317,False,False,3.1157,-1.1232,2.201,-1.4602,-1.9062,1.1716,0.3133,0.077,-0.0699,0.0555,-0.008,-0.1311,0.5984,-0.1553,0.4707,0.8041,0.8034,-0.2662,0.01,0.0758,-0.0196,-0.0696,0.0443,-0.0682,-0.0106,0.7469,0.025
209401,0.4999999999999999,1.0221,-0.0855,False,False,2.4,-1.3871,2.2461,-1.5114,-1.648,0.3847,0.2909,-0.0711,0.0187,0.183,0.1277,1.0201,0.3872,-0.2027,0.5756,0.829,0.7783,-0.2585,0.01,0.0712,-0.0521,-0.0498,0.0279,-0.0522,0.0774,1.2678,0.025
209501,0.4999999999999999,0.4019,0.008,False,False,4.9279,0.249,-0.2018,1.521,0.0122,2.6909,0.3167,0.0006,0.0021,-0.0006,-0.0049,-0.0038,0.2855,0.5575,-0.0435,0.8131,0.7783,-0.2585,0.01,0.0797,0.0175,-0.0709,0.0567,0.0067,0.0692,1.8941,0.025
209601,0.4999999999999999,1.1564,0.0,False,False,4.5406,0.249,-0.2005,1.4995,-3.13,-0.3965,0.3535,0.0,0.0,-0.0001,-0.0004,-0.008,0.4621,-0.2628,-0.1384,0.8121,0.8016,-0.2368,0.01,0.08,-0.0439,0.0125,-0.0101,-0.0743,-0.0135,3.0843,0.025
209701,0.4999999999999999,0.4191,0.0,False,False,6.2098,0.249,-0.2005,1.4997,-3.1291,0.4966,0.0046,0.0008,-0.0002,0.0039,-0.0033,0.0016,0.4971,0.7249,0.3601,0.8387,0.8172,0.216,0.01,0.08,-0.0671,-0.0153,0.0023,0.0643,0.0652,3.1282,0.025
209801,0.4999999999999999,0.4181,0.0,False,False,6.2117,0.249,-0.2005,1.4996,-3.1296,0.4888,-0.0025,0.0001,0.0001,0.0009,-0.0051,-0.0678,0.4742,0.7242,0.3612,0.8376,0.8172,0.216,0.01,0.08,-0.0756,-0.0513,0.0601,0.0791,0.0442,3.1287,0.025
209901,0.4999999999999999,0.4176,0.0,False,False,6.2125,0.249,-0.2005,1.4996,-3.1297,0.4876,0.0014,0.0004,-0.0,0.0021,0.0016,0.0058,0.4704,0.7242,0.3617,0.8375,0.8172,0.216,0.01,0.08,-0.0772,-0.0737,0.0627,0.0782,0.0754,3.063,0.025
210001,0.4999999999999999,0.4172,0.0,False,False,6.213,0.249,-0.2005,1.4996,-3.1298,0.4869,-0.0027,0.0,-0.0,0.0003,-0.0012,-0.0044,0.4683,0.7242,0.3621,0.8374,0.8172,0.216,0.01,0.08,-0.0739,0.0038,0.0655,0.044,0.0731,2.8794,0.025
210101,0.4999999999999999,0.8982,0.0053,False,False,4.2777,0.249,-0.2018,1.5205,0.0145,-0.4438,0.2708,-0.0,-0.0,0.0,0.0,-0.0001,0.3362,0.0794,-0.269,0.8175,0.7809,-0.2586,0.01,0.0772,0.0777,0.0795,-0.0554,-0.0745,0.0338,-2.9837,0.025
210201,0.4999999999999999,1.1653,-0.3216,False,False,3.4704,-0.6292,1.5552,0.074,-0.2663,1.5617,0.2227,0.2873,-0.4227,0.7154,0.6858,3.2353,0.3725,-0.3175,0.0153,0.8606,0.8097,-0.2475,0.01,0.0702,0.0758,-0.0742,-0.0218,-0.0556,-0.0508,1.1477,0.025
210301,0.4999999999999999,1.178,-0.1559,False,False,2.2177,-1.5105,2.2409,-2.0345,-1.7405,0.308,0.2039,-0.3318,0.0953,0.2919,0.1156,2.0891,0.2174,-0.2724,0.7639,0.8156,0.8022,-0.2681,0.01,0.0435,-0.0747,-0.0141,-0.0492,-0.0619,0.0469,1.7597,0.025
210401,0.4999999999999999,1.1862,-0.1,False,False,2.0723,-1.5263,2.0957,-1.7502,-1.6214,0.0437,0.3577,0.3015,0.4626,2.2408,0.2198,0.2693,0.1926,-0.2662,0.7886,0.8527,0.8121,-0.2516,0.01,0.0739,0.0075,-0.0744,0.0104,-0.0326,0.0625,3.1016,0.025
210501,0.4999999999999999,0.3641,0.0109,False,False,5.0041,0.249,-0.2018,1.521,0.0122,2.6909,0.3448,0.0017,-0.0015,0.0024,-0.001,-0.0063,0.339,0.6,0.0033,0.8117,0.8121,-0.2516,0.01,0.0777,-0.0548,-0.0417,0.0296,-0.0111,0.0744,2.4307,0.025
210601,0.4999999999999999,0.5449,0.0075,False,False,4.7627,0.249,-0.2018,1.5209,0.0129,2.8478,0.3172,0.0,-0.0,0.0,-0.0004,0.0152,0.4343,0.4381,-0.1024,0.8062,0.823,-0.267,0.01,0.0769,-0.0082,-0.0748,-0.0204,0.0582,0.0752,2.4761,0.025
210701,0.4999999999999999,0.0802,0.0,False,False,5.4013,0.249,-0.2018,1.521,0.0126,3.152,-0.2729,0.0,0.0022,-0.0343,-0.054,0.8918,0.2018,0.7472,0.2794,0.8157,0.823,-0.267,0.01,-0.0664,-0.0296,-0.0714,-0.0499,-0.0371,0.0797,-0.3888,0.025
210801,0.4999999999999999,0.0855,0.0,False,False,5.3733,0.249,-0.2018,1.5204,0.015,3.0596,0.3529,0.0,0.0012,-0.0196,0.0845,-3.0263,0.1983,0.7451,0.2566,0.8135,0.823,-0.267,0.01,0.0797,0.0676,-0.0797,-0.0677,-0.0765,0.0786,1.5542,0.025
210901,0.4999999999999999,0.0774,0.0,False,False,5.4213,0.249,-0.2018,1.5207,0.0137,3.1059,-0.2182,0.0003,0.0001,-0.001,0.0114,0.4154,0.1914,0.7532,0.2936,0.8145,0.8262,-0.2644,0.01,-0.0664,0.0297,-0.0402,-0.0615,-0.0703,0.0753,-2.0996,0.025
211001,0.4999999999999999,0.0972,0.0,False,False,5.388,0.249,-0.2018,1.5204,0.0152,3.0606,-0.2063,0.0004,0.0,-0.0115,0.0126,-0.3116,0.2044,0.7448,0.2688,0.8132,0.8289,-0.2384,0.01,-0.0419,-0.0771,-0.0176,-0.0494,-0.0342,0.0794,-2.5999,0.025
211101,0.4999999999999999,0.4452,0.0,False,False,4.8313,-0.1353,0.6138,1.0887,0.0169,3.5216,0.2753,0.2585,-0.5707,0.3065,-0.0059,0.0108,0.4089,0.4779,-0.037,0.8262,0.7807,-0.2627,0.01,0.0738,0.0795,-0.0719,0.066,0.0194,0.0797,3.0248,0.025
211201,0.4999999999999999,0.5518,0.0,False,False,4.6262,-0.4007,1.2281,0.752,0.0297,2.9964,0.2946,0.1345,-0.3294,0.1621,-0.0409,0.1696,0.4496,0.357,-0.0049,0.8076,0.8199,-0.2553,0.01,0.075,0.0192,-0.0651,-0.0639,0.0719,0.0116,2.3021,0.025
211301,0.4999999999999999,0.1666,0.0,False,False,5.2885,0.249,-0.2018,1.5205,0.0144,3.0841,0.0009,0.0,0.0,-0.0001,0.0006,-0.0187,0.1145,0.7161,0.1919,0.8142,0.8229,-0.2325,0.01,-0.029,-0.0254,-0.0741,-0.001,-0.0672,0.0783,-2.8565,0.025
211401,0.4999999999999999,0.0738,0.0,False,False,5.422,0.249,-0.2034,1.5461,0.0452,2.904,0.2824,0.0021,-0.0036,0.0178,0.0274,0.1067,0.2782,0.7535,0.2972,0.805,0.8229,-0.2325,0.01,0.0638,-0.078,-0.0794,0.0699,0.0704,0.0782,2.2177,0.025
211501,0.4999999999999999,0.0629,0.0,False,False,5.4516,0.249,-0.2024,1.5299,0.0251,2.8269,0.3644,0.0018,0.0024,-0.015,-0.0227,-0.0439,0.3774,0.7623,0.3211,0.8063,0.8229,-0.2325,0.01,0.0771,-0.0794,-0.0796,0.0751,0.0718,0.0787,2.9704,0.025
211601,0.4999999999999999,0.1236,0.0,False,False,5.3465,0.249,-0.2018,1.5211,0.012,3.2619,-0.3542,0.0002,0.002,-0.0389,-0.0352,1.5758,0.1458,0.7366,0.2343,0.8173,0.8221,-0.2307,0.01,-0.0758,-0.0656,-0.0449,-0.0105,-0.0399,0.0794,-3.0137,0.025
211701,0.4999999999999999,0.9625,0.0,False,False,4.218,0.1001,0.1072,1.3605,0.0137,0.455,-0.01,-0.0074,0.0222,-0.1105,0.4402,-1.243,0.0752,0.035,-0.262,0.8194,0.8138,-0.2473,0.01,-0.0034,0.0148,0.0584,0.0747,0.0006,-0.0104,-2.2279,0.025
211801,0.4999999999999999,1.1364,-0.0983,False,False,3.203,-0.7048,1.6461,-0.0122,-1.8279,1.8871,0.1703,0.0361,-0.0894,0.0762,1.4103,0.2478,0.35,-0.3001,0.4402,1.0515,0.7948,-0.2654,0.01,0.0756,0.0558,0.042,0.0095,0.0692,0.0523,2.5334,0.025
211901,0.4999999999999999,1.0584,-0.089,False,False,3.1529,-0.837,1.8771,-0.8317,-1.9756,1.5872,0.0247,0.078,-0.2343,0.664,0.2194,0.4015,0.1513,-0.2115,0.5063,0.875,0.8169,-0.2786,0.01,0.0499,0.0338,-0.0671,0.0351,0.031,0.0651,-2.3838,0.025
212001,0.4999999999999999,0.1831,-0.0003,False,False,5.2109,0.249,-0.2018,1.5205,0.0145,-0.4438,-0.004,0.0005,0.0002,0.0039,0.0015,-0.0078,0.3362,0.7042,0.1295,0.8158,0.8169,-0.2786,0.01,0.0253,0.0722,0.0755,-0.0145,0.0778,0.0721,2.5307,0.025
212101,0.4999999999999999,0.8727,0.0022,False,False,4.3353,0.249,-0.2018,1.521,0.0125,2.5817,0.277,0.0003,0.0013,-0.0268,-0.0241,0.0164,0.0382,0.1226,-0.282,0.8308,0.7835,-0.2635,0.01,0.0778,0.063,-0.077,-0.0486,0.0621,-0.0261,-0.144,0.025
212201,0.4999999999999999,1.1325,0.0,False,False,3.8799,-0.1827,0.7167,1.0663,0.0547,-0.0727,0.3045,0.0534,-0.1435,0.4126,0.4084,-1.9638,0.3424,-0.2318,-0.2088,0.8093,0.7812,-0.2528,0.01,0.0722,-0.0057,-0.0542,0.0784,0.0765,0.0772,0.8282,0.025
212301,0.4999999999999999,1.1552,-0.1915,False,False,2.225,-1.4832,2.1968,-1.9747,-1.7425,0.2485,0.3083,-0.1082,0.1324,-0.3904,0.2788,-2.676,0.1288,-0.2762,0.7676,0.8183,0.7792,-0.2513,0.01,0.0725,-0.0359,-0.028,0.0752,-0.0503,-0.029,2.2668,0.025
212401,0.4999999999999999,0.5374,0.0068,False,False,4.7768,0.249,-0.2018,1.5205,0.0145,-0.4438,0.3126,-0.0,0.0,0.0,0.0001,0.0002,0.3362,0.4614,-0.1338,0.8187,0.7792,-0.2513,0.01,0.0796,0.077,0.0579,-0.0662,0.0798,0.0756,-3.0165,0.025
212501,0.4999999999999999,0.6572,0.0,False,False,3.9031,-1.021,2.4273,-1.2246,-1.2195,2.3012,0.1666,0.0341,-0.1699,0.4046,1.0917,-0.2672,0.383,0.1611,0.3546,0.8422,0.8126,-0.2635,0.01,0.0788,0.0311,-0.0785,-0.0333,0.0754,-0.0471,2.8707,0.025
212601,0.4999999999999999,0.9422,-0.0856,False,False,3.2275,-1.2842,2.5105,-1.6948,-2.0734,1.6541,0.207,0.4935,-0.266,0.2671,-0.2241,-0.1617,0.0813,-0.1098,0.5881,0.8004,0.7813,-0.2679,0.01,0.0633,0.0775,-0.0733,-0.0041,-0.0212,0.0401,0.6076,0.025
212701,0.4999999999999999,0.9854,-0.0698,False,False,3.0608,-1.2152,2.2452,-1.5185,-1.9238,1.0445,0.307,-0.0005,-0.1166,0.315,0.2701,0.4561,0.516,-0.1591,0.4908,0.8098,0.8053,-0.2604,0.01,0.0746,-0.0381,-0.0773,0.0698,-0.0369,0.0616,-2.3637,0.025
212801,0.4999999999999999,0.7025,-0.002,False,False,4.567,0.249,-0.2018,1.5205,0.0145,-0.4438,0.0021,0.0001,0.0001,-0.0021,-0.0029,-0.0141,0.3362,0.3108,-0.2087,0.8157,0.8053,-0.2604,0.01,0.0098,0.0753,0.0775,-0.0664,-0.0425,0.0797,-2.8157,0.025
212901,0.4999999999999999,1.1028,-0.1608,False,False,3.4281,-0.7072,1.6987,0.0697,-1.5024,2.2012,0.1247,0.2589,-0.3645,0.8919,1.0075,0.1928,0.2823,-0.2453,0.2984,1.0698,0.8212,-0.2696,0.01,0.0594,0.0637,-0.0697,0.0766,0.0339,0.0589,-0.4263,0.025
213001,0.4999999999999999,0.0807,0.0,False,False,5.4491,0.249,-0.2034,1.5476,0.0473,2.92,0.1648,0.0,-0.001,0.0137,0.0199,0.0797,0.3786,0.7539,0.3228,0.8034,0.8212,-0.2696,0.01,0.0419,-0.079,-0.0732,0.0756,0.0787,0.0767,2.4737,0.025
213101,0.4999999999999999,0.0855,0.0,False,False,5.4835,0.249,-0.202,1.5237,0.018,2.8037,0.3436,0.0,0.0021,0.0024,-0.0041,-0.0248,0.4192,0.7705,0.3472,0.8068,0.8212,-0.2696,0.01,0.0766,-0.0797,-0.0797,0.0791,0.0687,0.0754,2.9098,0.025
213201,0.4999999999999999,0.0734,0.0,False,False,5.4229,0.249,-0.2027,1.5356,0.0319,2.8484,0.3644,0.0,0.0045,-0.0742,-0.076,-0.0727,0.3668,0.7519,0.299,0.8053,0.8212,-0.2695,0.01,0.0771,-0.0794,-0.0795,0.0798,0.0759,0.0798,1.9099,0.025
213301,0.4999999999999999,0.0915,0.0,False,False,5.3787,0.249,-0.2018,1.5206,0.0141,3.085,0.3728,0.0,0.0009,-0.0144,0.0625,-2.8618,0.2569,0.743,0.2648,0.8139,0.8229,-0.2475,0.01,0.0785,0.0254,-0.0796,0.0354,-0.0704,0.0799,2.8782,0.025
213401,0.4999999999999999,1.088,-0.0921,False,False,3.3008,-0.8014,1.9922,-0.0741,-2.1917,2.0629,0.089,0.1123,-0.1524,0.4268,0.639,0.1603,0.2936,-0.2359,0.5184,1.0448,0.7941,-0.2723,0.01,0.0579,0.0229,-0.0447,0.0135,0.0271,0.07,1.4266,0.025
213501,0.4999999999999999,0.0781,0.0,False,False,5.4928,0.249,-0.2026,1.5328,0.0285,2.8376,0.3745,0.0003,0.0003,-0.0129,-0.0161,-0.0256,0.4485,0.7658,0.355,0.8045,0.8082,-0.259,0.01,0.0789,-0.0789,-0.0796,0.0792,0.0788,0.0765,3.0573,0.025
213601,0.4999999999999999,0.115,0.0,False,False,5.3357,0.249,-0.2018,1.521,0.0123,3.2952,-0.3343,0.0004,0.0008,-0.003,0.0141,1.6136,0.0932,0.7381,0.2217,0.8166,0.8134,-0.2457,0.01,-0.0776,-0.0364,-0.0276,-0.0262,-0.0407,0.0779,-3.09,0.025
213701,0.4999999999999999,1.1153,0.0,False,False,3.6017,-0.4939,1.4642,0.6418,-0.1905,1.7032,0.1686,0.0404,-0.108,0.0646,0.0018,-0.0547,0.294,-0.2595,-0.0406,0.8575,0.8054,-0.2665,0.01,0.0752,0.0723,-0.0014,0.0789,-0.0729,-0.0495,1.0555,0.025
213801,0.4999999999999999,0.9985,0.0,False,False,3.8091,-1.046,2.6195,-1.6113,-2.8589,1.6066,-0.0509,-0.0009,-0.0317,0.0459,0.2115,0.1931,0.1005,-0.1807,0.568,0.8149,0.7774,-0.2617,0.01,0.0681,0.0711,0.0326,-0.0651,-0.0626,0.03,-2.7496,0.025
213901,0.4999999999999999,0.9823,0.0012,False,False,3.3947,0.2495,2.8455,-4.6631,-3.1296,0.265,0.0032,0.0004,-0.0002,0.0029,-0.003,0.021,0.162,-0.1318,0.6597,0.8105,0.7774,-0.2617,0.01,-0.035,0.0776,-0.0471,-0.0761,-0.0493,-0.0781,-0.8355,0.025
214001,0.4999999999999999,0.9757,0.0,False,False,3.3036,0.2495,2.8455,-4.6628,-3.1281,0.1362,0.0118,0.0005,-0.0006,0.0077,-0.0106,0.0785,0.1975,-0.1197,0.671,0.8125,0.7774,-0.2617,0.01,-0.0591,0.079,0.0683,-0.0735,0.0707,0.0286,-0.8096,0.025
214101,0.4999999999999999,0.9718,-0.0002,False,False,3.1977,0.2495,2.8476,-4.6978,-3.0859,-0.0843,-0.0032,0.0019,-0.0045,0.0754,-0.08,-0.0471,0.1848,-0.1104,0.6829,0.8089,0.7774,-0.2617,0.01,-0.0645,0.08,0.0778,-0.0579,0.0799,0.0311,-0.7279,0.025
214201,0.4999999999999999,0.9687,0.0,False,False,2.8634,0.2495,2.8455,-4.6628,-3.1285,-0.3137,0.011,0.0029,-0.0276,-0.0698,-0.0102,-0.0518,-0.0,-0.0878,0.7234,0.8113,0.7774,-0.2617,0.01,-0.0463,0.0752,0.0727,-0.0563,0.0035,-0.0733,-3.1343,0.025
214301,0.4999999999999999,1.1793,-0.0679,False,False,3.4792,-0.5863,1.4654,0.1467,-0.2194,2.3996,0.0067,0.1174,-0.1544,0.419,0.1052,0.1007,0.2509,-0.3184,0.0023,0.8591,0.8248,-0.2665,0.01,0.0313,0.0678,0.0465,-0.0338,-0.0554,0.0752,-0.7029,0.025
214401,0.4999999999999999,0.0893,0.0,False,False,5.3804,0.249,-0.2018,1.5204,0.0151,3.0656,-0.0007,0.0018,-0.0005,0.0004,-0.0076,0.0031,0.3346,0.7396,0.2702,0.8127,0.8248,-0.2665,0.01,0.0029,-0.0739,-0.0671,0.058,0.034,0.0798,1.9591,0.025
214501,0.4999999999999999,0.0748,0.0,False,False,5.4173,0.249,-0.2021,1.5249,0.0202,3.0301,0.3453,-0.0001,-0.0076,0.1222,0.0741,-1.4998,0.1939,0.7542,0.2908,0.812,0.8254,-0.2655,0.01,0.0798,0.0707,-0.0787,0.0459,-0.0742,0.079,0.5056,0.025
214601,0.4999999999999999,0.0939,0.0,False,False,5.3623,0.249,-0.2025,1.5321,0.0271,2.957,0.3712,0.0007,0.0088,-0.0565,-0.1452,-1.7221,0.1013,0.7432,0.2442,0.811,0.8254,-0.2654,0.01,0.0643,-0.0761,-0.0796,-0.017,-0.0645,0.0799,-2.4002,0.025
214701,0.4999999999999999,0.1047,0.0,False,False,5.3832,0.249,-0.202,1.5241,0.0193,3.0338,0.3518,0.004,-0.0091,0.0259,-0.011,-0.9616,0.2636,0.743,0.2688,0.8117,0.8379,-0.2426,0.01,0.0791,0.0682,-0.0768,0.0301,-0.0772,0.0791,2.9952,0.025
214801,0.4999999999999999,1.2732,-0.2426,False,False,3.1868,-0.6465,1.6158,0.1185,-2.7807,2.0445,0.2019,0.3088,-0.2371,0.6695,-2.0966,-0.383,0.0589,-0.4246,0.6478,0.9194,0.7882,-0.2677,0.01,0.0695,0.068,-0.0578,0.0625,-0.0711,0.0789,-3.1181,0.025
214901,0.4999999999999999,1.3221,0.0,False,False,3.1615,-0.5218,1.5482,0.5256,-3.137,2.6932,0.0008,-0.0011,0.0032,-0.003,0.0012,-0.0105,0.2364,-0.4696,0.6886,0.8206,0.7882,-0.2677,0.01,-0.0264,0.0548,0.0267,0.0055,-0.0248,-0.0421,-2.5254,0.025
215001,0.4999999999999999,1.3257,0.0,False,False,3.1475,-0.5199,1.5426,0.5302,-3.1381,2.705,0.0048,-0.0015,0.0029,0.0077,-0.0199,0.0319,0.2196,-0.4713,0.6951,0.8194,0.7882,-0.2677,0.01,-0.0568,0.069,-0.0222,0.0521,0.0746,-0.0454,-2.863,0.025
215101,0.4999999999999999,1.0796,0.0,False,False,1.4226,0.249,-0.1971,1.5355,-3.154,3.4466,-0.2685,0.0032,-0.0033,0.0137,-0.0004,0.018,0.1306,0.2378,1.2108,0.8112,0.7882,-0.2677,0.01,-0.0759,0.0793,0.0726,0.0179,-0.0756,0.0787,-2.482,0.025
215201,0.4999999999999999,1.0619,0.0,False,False,1.3703,0.249,-0.1971,1.536,-3.1543,3.4408,-0.0009,0.0011,-0.0009,0.0302,-0.0424,0.0138,0.1728,0.2805,1.2146,0.8166,0.7882,-0.2677,0.01,-0.0694,0.0798,0.0725,-0.0348,-0.0785,0.0796,-2.2173,0.025
215301,0.4999999999999999,1.1614,-0.3206,False,False,3.4751,-0.5317,1.3865,0.3479,-0.2573,1.865,0.1131,0.2829,-0.3065,0.5738,1.409,-3.2478,0.4292,-0.3454,-0.0032,0.8592,0.7783,-0.2677,0.01,0.0436,0.0789,-0.0244,0.0641,-0.0776,0.0535,2.2617,0.025
215401,0.4999999999999999,0.5464,0.0,False,False,4.7565,0.249,-0.2018,1.5207,0.0138,-0.4027,-0.167,-0.0,-0.0,0.0,-0.0002,0.0118,0.258,0.4435,-0.1484,0.8209,0.7783,-0.2677,0.01,-0.0517,0.0572,0.0695,-0.0062,0.0703,-0.0799,-2.0998,0.025
215501,0.4999999999999999,0.5323,-0.0001,False,False,4.7728,0.249,-0.2018,1.5206,0.0141,-0.4203,0.001,-0.0,0.0,-0.0,0.0001,-0.0087,0.2947,0.4563,-0.1405,0.8208,0.7783,-0.2677,0.01,-0.0279,-0.0142,0.0602,0.0037,-0.0683,-0.0562,0.8809,0.025
215601,0.4999999999999999,0.4784,0.0,False,False,4.8506,0.249,-0.2018,1.5205,0.0145,-0.438,-0.1725,0.0007,-0.0014,0.0007,-0.0,0.0017,0.3431,0.5075,-0.1106,0.8245,0.7783,-0.2677,0.01,-0.0533,0.045,0.0761,-0.0341,0.0477,-0.0788,2.3151,0.025
215701,0.4999999999999999,0.3526,0.0004,False,False,4.9938,0.249,-0.2018,1.5205,0.0145,-0.4438,-0.0006,0.0001,-0.0004,0.0075,0.0075,0.0107,0.3363,0.5978,-0.0193,0.8191,0.7783,-0.2677,0.01,0.0225,0.0762,0.0706,0.0407,0.0772,-0.0542,1.9457,0.025
215801,0.4999999999999999,0.6967,0.0,False,False,4.4953,-0.2803,0.9415,0.9067,0.0136,0.4521,0.2673,0.1785,-0.4137,0.2351,0.0005,0.0249,0.2802,0.2737,-0.1481,0.813,0.7974,-0.2391,0.01,0.0775,0.0725,-0.0216,0.0766,0.0179,-0.0219,1.6724,0.025
215901,0.4999999999999999,0.9484,0.0,False,False,4.1704,-0.2065,0.7726,1.0021,0.012,0.2914,0.2386,0.2277,-0.5094,0.2287,-0.0506,0.1039,0.3914,-0.0033,-0.239,0.8067,0.7798,-0.2543,0.01,0.064,0.0603,-0.0697,0.0084,-0.0247,-0.0119,0.6782,0.025
216001,0.4999999999999999,0.9508,0.0,False,False,3.9761,-0.5012,1.3356,0.3471,0.0057,0.5977,0.2493,0.1383,0.0464,0.9024,0.0148,-2.8171,0.2127,-0.0707,-0.1365,0.8143,0.7793,-0.2613,0.01,0.073,0.052,0.0301,0.0148,-0.0735,-0.0236,0.6249,0.025
216101,0.4999999999999999,1.1308,-0.273,False,False,3.3635,-0.6402,1.4717,-0.0698,-0.8464,2.1435,0.4809,0.1233,-0.2998,-1.7519,-1.8256,0.8659,0.2402,-0.308,0.1444,0.957,0.8019,-0.2681,0.01,0.0625,-0.0495,-0.0453,0.0113,0.0064,0.0704,-1.6447,0.025
216201,0.4999999999999999,0.9833,-0.0935,False,False,3.111,-1.2616,2.2486,-1.4869,-1.7861,1.3846,0.3307,0.1103,-0.1413,0.2138,0.2988,0.9567,0.3986,-0.1541,0.4469,0.8074,0.8189,-0.2442,0.01,0.0787,-0.0124,-0.0786,0.0565,0.0366,0.0505,2.5606,0.025
216301,0.4999999999999999,1.0972,-0.0505,False,False,2.5764,-1.3687,2.2001,-1.6344,-1.7479,0.5671,0.3388,-0.1203,0.015,0.4418,0.0715,0.1502,0.4028,-0.2366,0.5845,0.8182,0.8146,-0.2787,0.01,0.0796,-0.0617,-0.056,-0.0327,0.0449,0.0267,-2.0879,0.025
216401,0.4999999999999999,0.1452,0.0062,False,False,5.2543,0.249,-0.2018,1.5205,0.0145,-0.4438,0.2766,0.0,0.0,-0.0,0.0,0.0,0.3362,0.72,0.1637,0.8141,0.8146,-0.2787,0.01,0.0792,0.0771,-0.0648,-0.0544,0.08,-0.024,2.7821,0.025
216501,0.4999999999999999,0.8927,0.0,False,False,4.2524,-0.1229,0.5864,1.1047,0.0125,0.1716,0.3525,-0.0034,0.0081,-0.0083,0.0202,-2.4488,0.2173,0.0605,-0.2479,0.813,0.7859,-0.2781,0.01,0.077,-0.0338,-0.0778,0.0602,-0.0381,0.0794,-2.7117,0.025
216601,0.4999999999999999,0.9908,0.0,False,False,3.9501,-0.421,1.2798,0.7093,0.013,0.4315,0.3659,0.0962,-0.2403,0.129,-0.0346,-0.3235,0.3824,-0.0829,-0.1399,0.8099,0.8032,-0.247,0.01,0.078,-0.0101,-0.0576,0.0494,-0.0737,0.0499,3.0115,0.025
216701,0.4999999999999999,0.8368,-0.104,False,False,3.694,-0.8614,1.9439,-0.8672,-1.1042,2.1947,0.0977,0.0879,-0.2557,0.5497,0.6681,0.3786,0.2474,-0.0338,0.2089,0.8578,0.7982,-0.2843,0.01,0.0447,0.0308,-0.0795,0.0098,-0.0057,0.0625,-1.3183,0.025
216801,0.4999999999999999,0.9213,-0.0568,False,False,3.2211,-1.3689,2.3965,-1.532,-1.6987,1.5056,0.3163,-0.0685,-0.1078,0.0073,0.6015,0.1158,0.0007,-0.093,0.4672,0.8034,0.8136,-0.2463,0.01,0.0765,-0.0317,-0.0739,0.0347,0.0754,-0.0277,2.1202,0.025
216901,0.4999999999999999,0.0451,14.9987,True,False,5.4298,0.249,-0.2018,1.5205,0.0145,-0.4438,0.2757,-0.0,0.0001,0.0005,0.0001,-0.0004,0.3362,0.7764,0.2954,0.8141,0.8136,-0.2463,0.01,0.0789,0.0712,-0.0691,-0.0607,0.0484,0.0051,2.1777,0.025
217001,0.4999999999999999,0.3858,0.0035,False,False,4.9845,0.249,-0.2018,1.5205,0.0145,-0.4438,0.3214,0.004,-0.0048,-0.0508,-0.0351,0.0028,0.3362,0.5918,-0.0178,0.8158,0.7939,-0.2402,0.01,0.0759,-0.0051,0.0421,-0.0403,0.0217,0.0632,1.1955,0.025
217101,0.4999999999999999,0.8061,0.0,False,False,4.4058,-0.0852,0.5038,1.149,0.0153,-0.1932,0.2872,0.102,-0.2112,-0.0474,-0.1654,-0.2222,0.2677,0.1829,-0.2357,0.817,0.7878,-0.2537,0.01,0.0764,0.0642,0.0578,0.0717,0.0677,0.0734,0.6096,0.025
217201,0.4999999999999999,1.0971,0.0,False,False,3.6938,-0.3918,1.2073,0.7526,0.0128,3.6408,-0.0002,-0.0026,0.0064,-0.0042,-0.0,-0.0015,0.5543,-0.2355,-0.076,0.8334,0.8052,-0.2814,0.01,0.005,-0.0518,-0.0589,0.0504,0.0595,-0.0796,-2.0822,0.025
217301,0.4999999999999999,1.4912,0.0,False,False,3.1442,-0.013,0.3476,1.2326,0.0169,3.5218,0.356,0.1818,-0.3896,0.2105,0.0019,0.0081,0.3269,-0.6797,0.1343,0.8201,0.8052,-0.2814,0.01,0.0779,0.0765,0.0396,-0.0786,-0.0731,0.0787,2.9468,0.025
217401,0.4999999999999999,1.0879,-0.1433,False,False,2.6749,-1.1384,2.1245,-1.4487,-1.6291,1.1156,0.2835,0.2711,-0.139,0.1546,0.3424,1.6211,0.6994,-0.2424,0.4904,0.8121,0.8256,-0.2658,0.01,0.0693,0.0107,-0.0767,0.0791,0.0331,0.064,-0.1162,0.025
217501,0.4999999999999999,0.9681,0.0,False,False,4.8345,-0.2392,0.8486,0.9385,-3.1314,2.6523,0.3297,-0.0859,0.1973,-0.112,0.002,0.1325,0.2791,-0.0693,-0.0834,0.8266,0.8256,-0.2658,0.01,0.0703,-0.0747,-0.039,0.0125,-0.0781,-0.0383,-2.9107,0.025
217601,0.4999999999999999,0.1456,0.0,False,False,6.2172,0.249,-0.2006,1.501,-3.1272,2.7365,-0.003,0.0,-0.0005,0.0117,-0.0201,0.0396,0.0717,0.7027,0.3577,0.8166,0.8256,-0.2658,0.01,0.0779,-0.0719,-0.079,0.0506,-0.0705,-0.0338,-2.5901,0.025
217701,0.4999999999999999,0.1457,0.0,False,False,6.2173,0.249,-0.2006,1.5017,-3.1287,2.7381,-0.001,-0.0,0.0006,-0.0,0.0018,-0.0111,0.0777,0.7026,0.3577,0.8164,0.8256,-0.2658,0.01,0.0788,-0.037,-0.0765,0.0718,-0.0747,-0.0105,-3.0456,0.025
217801,0.4999999999999999,0.1458,0.0,False,False,6.2174,0.249,-0.2007,1.5021,-3.1294,2.74,0.0004,0.0012,-0.0007,0.006,-0.0005,-0.0021,0.0777,0.7024,0.3578,0.8163,0.8256,-0.2658,0.01,0.0743,0.057,-0.0746,0.073,-0.0726,-0.0605,-3.0311,0.025
217901,0.4999999999999999,1.0266,-0.1684,False,False,2.703,-1.4044,2.2889,-1.624,-1.8099,0.6256,0.2602,0.3335,-0.1798,0.1774,0.4019,2.0933,0.4196,-0.1883,0.5386,0.8251,0.8089,-0.2529,0.01,0.0797,0.0428,-0.0754,0.0478,0.059,0.0331,3.1012,0.025
218001,0.4999999999999999,0.7358,-0.0017,False,False,4.5171,0.249,-0.2018,1.5209,0.0128,2.8528,0.2153,-0.0,0.0,-0.0004,0.0013,-0.0112,0.2582,0.265,-0.1981,0.8091,0.8089,-0.2529,0.01,0.062,0.0395,-0.0702,0.0708,-0.0133,0.0371,-1.6198,0.025
218101,0.4999999999999999,0.8956,0.0,False,False,4.3148,0.0263,0.2634,1.278,0.0145,-0.4438,0.3206,-0.2419,0.5158,-0.2735,0.0001,0.0021,0.3362,0.1117,-0.2614,0.8167,0.7979,-0.2365,0.01,0.0775,-0.0652,0.0779,-0.0343,-0.0617,0.0766,2.4619,0.025
218201,0.4999999999999999,1.135,0.0,False,False,3.7522,-0.3189,1.0317,0.8547,0.0153,-0.1933,0.2908,0.1068,-0.2519,0.1447,0.0019,-0.033,0.1505,-0.2637,-0.1339,0.8162,0.7963,-0.2793,0.01,0.0765,0.0383,-0.0114,0.0173,-0.0476,0.0727,-1.7467,0.025
218301,0.4999999999999999,1.1675,-0.3458,False,False,3.3896,-0.617,1.4911,0.0169,-0.3063,2.1706,0.0921,0.2866,-0.3643,0.8513,1.2987,3.1855,0.3286,-0.355,0.0401,0.8634,0.7833,-0.2608,0.01,0.0296,0.0742,-0.0663,0.048,-0.0396,-0.0591,1.6002,0.025
218401,0.4999999999999999,0.9274,-0.1411,False,False,3.2499,-0.9049,2.0409,-1.1748,-1.6738,1.4711,-0.2992,0.2213,-0.197,0.5774,0.2534,-1.2414,0.4469,-0.1431,0.3935,0.8143,0.7784,-0.2584,0.01,-0.0514,0.059,-0.0686,-0.0583,0.0586,-0.0355,-2.4922,0.025
218501,0.4999999999999999,1.0639,-0.1315,False,False,2.4822,-1.3711,2.2299,-1.4692,-1.6622,0.5132,0.2423,0.1909,-0.0914,0.0958,0.5099,1.3805,0.2646,-0.2012,0.5667,0.8252,0.8249,-0.262,0.01,0.0689,0.0061,-0.0729,0.0678,0.0361,0.0643,-1.4794,0.025
218601,0.4999999999999999,0.0702,0.0018,False,False,5.386,0.249,-0.2018,1.5205,0.0145,-0.4438,0.2897,0.0004,-0.0,-0.0004,0.0004,0.0023,0.3362,0.7645,0.2617,0.814,0.8249,-0.262,0.01,0.0794,0.0661,0.0673,0.0614,-0.0065,0.0045,2.8574,0.025
218701,0.4999999999999999,0.774,0.0,False,False,4.4679,-0.0306,0.3853,1.213,0.0145,-0.4438,0.3486,-0.277,0.5974,-0.3205,0.0,0.0059,0.3362,0.2379,-0.2217,0.814,0.7997,-0.2399,0.01,0.0791,-0.0755,0.07,-0.0024,0.079,0.0796,0.4385,0.025
218801,0.4999999999999999,1.0095,0.0,False,False,4.0442,-0.2013,0.7608,1.0087,0.012,0.2818,0.1966,-0.011,0.0279,-0.0371,-0.0327,-1.331,0.2744,-0.086,-0.2233,0.8125,0.7929,-0.2772,0.01,0.0571,0.0019,0.0431,0.0677,-0.0621,0.0757,-0.0518,0.025
218901,0.4999999999999999,1.1703,0.0,False,False,3.665,-0.4275,1.2606,0.6404,0.0133,-0.1195,0.3267,-0.1239,-0.0658,-0.8469,-0.05,0.5905,0.2197,-0.2879,-0.0866,0.8186,0.8153,-0.2471,0.01,0.075,-0.0643,-0.0667,0.0701,-0.0467,0.0232,-1.5963,0.025
219001,0.4999999999999999,1.0892,-0.2768,False,False,3.4661,-0.6914,1.6349,-0.1537,-0.3987,1.8503,0.2648,0.3223,-0.4054,0.4882,2.3288,0.7533,0.4193,-0.2788,0.0392,0.8729,0.7799,-0.2687,0.01,0.0777,0.0792,-0.0758,0.0545,-0.041,0.055,2.1364,0.025
219101,0.4999999999999999,1.0051,-0.1048,False,False,3.2401,-0.8959,2.0285,-1.0741,-2.089,1.5939,-0.0012,0.1123,-0.3088,0.9532,0.0374,0.6391,0.4315,-0.1709,0.5041,0.8336,0.8107,-0.2577,0.01,-0.0016,0.0643,-0.0678,0.0392,-0.0291,0.0734,3.0188,0.025
219201,0.4999999999999999,1.0073,-0.2123,False,False,2.7079,-1.327,2.2688,-1.5094,-1.7706,0.8224,0.319,-0.0585,-0.0515,0.3629,0.8437,-2.6648,0.343,-0.1759,0.5275,0.82,0.8059,-0.2458,0.01,0.0791,-0.0492,-0.0792,0.0765,0.0326,0.0462,2.6519,0.025
219301,0.4999999999999999,1.0539,-0.0549,False,False,2.213,-1.5415,2.2291,-1.307,-1.5191,0.0174,0.3096,-0.0707,0.0807,0.9105,-0.0229,0.1371,0.2036,-0.2062,0.5789,0.865,0.7973,-0.2841,0.01,0.0578,-0.0571,-0.0575,0.0675,-0.0231,0.0323,0.3494,0.025
219401,0.4999999999999999,0.1901,0.0022,False,False,5.1813,0.249,-0.2018,1.5205,0.0145,-0.4438,0.2966,0.0092,-0.0067,-0.0091,-0.0022,0.0181,0.3362,0.6907,0.1105,0.8149,0.7973,-0.2841,0.01,0.0781,0.0755,0.0143,-0.0646,0.0766,0.0332,2.9934,0.025
219501,0.4999999999999999,0.641,0.0092,False,False,4.6199,0.249,-0.2018,1.521,0.0122,2.6909,0.3413,0.0004,-0.0002,0.0004,0.0005,-0.0042,0.2513,0.3511,-0.1865,0.8141,0.7905,-0.2704,0.01,0.0793,-0.0277,-0.076,0.0072,0.067,-0.0161,1.6458,0.025
219601,0.4999999999999999,0.7264,0.0,False,False,4.505,-0.0257,0.3748,1.2186,0.0145,-0.4438,0.3085,0.0406,-0.0845,0.0139,-0.0379,-0.0773,0.3362,0.2664,-0.2125,0.8137,0.803,-0.2736,0.01,0.0796,0.0297,0.042,0.0582,-0.0248,0.0624,-1.0161,0.025
219701,0.4999999999999999,0.7802,0.0,False,False,4.3623,-0.2067,0.7732,1.0007,0.0169,3.5218,0.2983,0.1326,-0.2982,0.1648,0.0063,-0.1545,0.2539,0.1694,-0.1899,0.8182,0.7906,-0.2686,0.01,0.0693,0.0092,-0.077,-0.0052,0.0077,0.0714,0.4293,0.025
219801,0.4999999999999999,0.8727,0.0,False,False,4.1517,-0.4039,1.2241,0.7133,0.0119,2.7255,0.3398,-0.1615,0.1074,-0.7351,-0.0079,0.7825,0.1926,0.0565,-0.1455,0.8157,0.7984,-0.2366,0.01,0.0772,-0.0602,-0.0181,-0.0468,-0.0464,-0.0505,1.5009,0.025
219901,0.4999999999999999,1.0914,0.0,False,False,3.9367,-0.1571,0.6621,1.0631,0.0129,0.1561,0.0671,0.2077,-0.4568,0.2717,-0.0212,0.7809,0.1072,-0.1748,-0.2144,0.8147,0.8039,-0.2819,0.01,0.0314,0.0702,-0.0573,0.0681,-0.0096,0.0778,-2.4568,0.025
220001,0.5499999999999999,1.3896,-0.072,False,False,3.2408,-0.3491,1.1053,0.7919,-3.1297,2.5327,0.0969,0.1493,-0.3499,0.1595,0.1455,-0.479,0.6998,-0.554,0.6276,0.8471,0.7917,-0.2641,0.01,0.0336,0.0349,-0.0717,0.0399,-0.0129,-0.0718,0.9912,0.025
220101,0.5499999999999999,0.8416,0.0,False,False,5.0227,0.249,-0.2005,1.4996,-3.1299,3.1064,0.0991,0.0006,-0.0005,0.0002,0.0041,0.0238,0.0169,0.0803,-0.1629,0.8197,0.7917,-0.2641,0.01,0.0286,-0.0798,-0.0797,0.0007,-0.0649,-0.0695,-3.0773,0.025
220201,0.5499999999999999,1.0192,0.0,False,False,3.972,-0.296,0.9778,0.8872,0.013,0.2966,0.3009,0.1474,-0.3362,0.1211,-0.067,0.1201,0.1253,-0.1223,-0.1841,0.8116,0.7802,-0.2612,0.01,0.0713,0.0265,-0.0535,0.068,0.0257,0.046,-2.6491,0.0275
220301,0.5499999999999999,1.0847,0.0,False,False,3.7249,-0.418,1.2722,0.7137,0.0136,0.4521,0.2818,0.1842,-0.4607,0.276,0.0026,0.0896,0.2438,-0.228,-0.1008,0.8139,0.7929,-0.285,0.01,0.0775,0.0616,-0.0658,0.0713,-0.0458,0.0051,0.1537,0.0275
220401,0.5499999999999999,1.0379,-0.0768,False,False,3.3454,-0.7982,1.8219,-0.3012,-1.6678,2.024,0.1699,0.0113,-0.0116,-0.0507,1.222,0.3886,0.3731,-0.1897,0.3735,1.0072,0.8215,-0.2622,0.01,0.0796,0.036,0.0379,0.0491,0.015,0.0703,2.4551,0.0275
220501,0.5499999999999999,0.2912,0.0,False,False,5.8035,0.249,-0.2071,1.5047,0.0143,-0.4227,0.2709,-0.0012,-0.2236,-0.7021,-0.0253,0.891,0.3359,0.8164,0.596,0.8143,0.8344,-0.2438,0.0136,0.0788,0.0611,-0.0446,-0.0712,0.0373,0.0499,3.0159,0.0275
220601,0.5499999999999999,0.5539,0.0,False,False,6.2113,0.249,-0.2018,1.5205,0.0144,-0.4524,-0.0045,0.0001,-0.0002,0.0006,0.0006,0.0077,0.4221,0.7612,0.9004,0.8298,0.8556,-0.194,0.01,0.0798,-0.0186,-0.0788,-0.0682,-0.0742,0.0781,2.6954,0.0275
220701,0.5499999999999999,0.555,0.0,False,False,6.2123,0.249,-0.2018,1.5206,0.0143,-0.4607,-0.001,0.0001,0.0001,-0.0045,-0.0052,0.0005,0.4332,0.7612,0.9014,0.8303,0.8556,-0.194,0.01,0.0794,-0.0753,-0.0769,-0.0643,-0.0584,0.0771,3.1265,0.0275
220801,0.5499999999999999,0.5556,0.0,False,False,6.2129,0.249,-0.2018,1.5206,0.0143,-0.4605,-0.0035,0.0003,-0.0002,0.0034,0.003,0.0055,0.4322,0.7609,0.902,0.8302,0.8556,-0.194,0.01,0.0786,-0.0275,-0.0779,-0.0518,-0.0785,0.0786,3.0515,0.0275
220901,0.5499999999999999,1.0427,-0.1436,False,False,3.3485,-0.7663,1.7391,-0.2962,-1.4286,1.8757,0.1913,0.1576,-0.3083,0.5626,1.4851,-0.0034,0.4381,-0.2056,0.2982,0.992,0.8173,-0.2373,0.01,0.0729,0.0558,-0.0765,-0.0037,0.0604,0.0167,2.7888,0.0275
221001,0.5499999999999999,0.9642,-0.0694,False,False,3.0728,-1.0206,2.1313,-1.3362,-1.853,1.4513,0.1314,0.2446,-0.1656,0.2047,0.0842,0.6037,0.4592,-0.1611,0.4687,0.8001,0.7892,-0.2445,0.01,0.0446,0.0168,-0.0767,0.0658,0.0599,-0.0156,-0.2562,0.0275
221101,0.5499999999999999,1.0173,-0.0455,False,False,2.2733,-1.4327,2.2391,-1.326,-1.5915,0.0613,0.3603,-0.0226,-0.0304,0.5745,-0.1508,0.0316,0.1655,-0.1852,0.5722,0.8476,0.7967,-0.2372,0.01,0.0738,-0.0418,-0.0688,0.0518,-0.0741,0.0393,-2.5922,0.0275
221201,0.5499999999999999,1.0323,-0.0636,False,False,2.2357,-1.552,2.2263,-1.3062,-1.6059,0.1362,0.4175,-0.0755,0.1091,0.9271,-0.0974,0.1324,0.2197,-0.1867,0.588,0.876,0.7932,-0.2751,0.01,0.0796,-0.0564,-0.051,0.0667,-0.0708,0.0436,-0.0399,0.0275
221301,0.5499999999999999,0.1774,0.0048,False,False,5.2022,0.249,-0.2018,1.5205,0.0145,-0.4438,0.2874,0.0,0.0007,-0.0118,-0.0105,-0.0261,0.3362,0.6991,0.1266,0.8142,0.7932,-0.2751,0.01,0.0792,0.0701,0.0483,-0.0615,0.0643,0.0757,2.2872,0.0275
221401,0.5499999999999999,0.3552,0.0068,False,False,5.0034,0.249,-0.2018,1.5209,0.0128,2.8537,0.2975,-0.0,0.0,-0.0001,0.0002,-0.0112,0.1313,0.5854,0.0054,0.8113,0.7946,-0.2583,0.01,0.0763,0.0092,0.004,-0.022,-0.0612,0.0579,-2.8797,0.0275
221501,0.5499999999999999,0.4145,0.0055,False,False,4.9398,0.249,-0.2018,1.5209,0.0129,2.8462,0.3144,0.0004,-0.0004,-0.0002,0.008,0.0182,0.1216,0.551,-0.0328,0.8118,0.7987,-0.2512,0.01,0.0715,-0.0389,-0.0166,-0.0362,-0.0666,0.0496,-2.2372,0.0275
221601,0.5499999999999999,0.5405,0.007,False,False,4.8049,0.249,-0.2018,1.521,0.0122,2.6909,0.2867,0.0,-0.0,0.0,0.0,-0.0,-0.0,0.4799,-0.123,0.8207,0.8279,-0.2606,0.01,0.0772,0.0415,-0.0603,-0.0127,0.0693,-0.0277,-2.5167,0.0275
221701,0.5499999999999999,0.1214,0.0,False,False,5.3287,0.249,-0.2032,1.5435,0.0418,2.893,0.3414,0.0021,-0.0065,0.0469,0.059,0.1176,0.3153,0.7234,0.2295,0.8046,0.8279,-0.2606,0.01,0.0696,-0.0514,-0.0782,0.0337,0.0697,0.079,0.8334,0.0275
221801,0.5499999999999999,0.0699,0.0,False,False,5.4368,0.249,-0.2018,1.521,0.0148,2.7888,0.3584,0.0,0.0042,-0.0682,-0.0638,-0.06,0.3812,0.7637,0.3099,0.8082,0.8279,-0.2606,0.01,0.0795,-0.0768,-0.0795,0.0779,0.0795,0.0779,3.1324,0.0275
221901,0.5499999999999999,0.0802,0.0,False,False,5.4055,0.249,-0.2018,1.5203,0.0154,3.0562,-0.378,0.0,-0.0,0.0001,-0.0006,0.0095,0.2018,0.7517,0.2805,0.8133,0.8279,-0.2606,0.01,-0.0736,-0.0767,-0.0636,0.0427,0.0549,0.0762,-1.8211,0.0275
222001,0.5499999999999999,0.0925,0.0,False,False,5.3888,0.249,-0.2018,1.5207,0.0136,3.1013,0.3404,0.0012,-0.0011,-0.0109,0.0567,-2.9565,0.3285,0.7396,0.2761,0.8141,0.8279,-0.2606,0.01,0.0788,0.0786,-0.0791,0.0666,-0.0668,0.0794,2.3259,0.0275
222101,0.5499999999999999,1.4826,0.0,False,False,3.4067,-0.0538,0.437,1.1649,-3.1297,2.5326,0.2715,0.2111,-0.4551,0.2171,-0.0016,-0.0398,0.7,-0.659,0.5078,0.8471,0.8024,-0.2851,0.01,0.0644,0.0588,-0.0528,0.0514,-0.0481,-0.0556,3.1236,0.0275
222201,0.5499999999999999,1.3518,0.0,False,False,4.1087,0.249,-0.2006,1.501,-3.1203,3.6495,-0.004,-0.0001,0.0001,0.0008,-0.005,-0.0332,0.019,-0.5305,0.0434,0.8311,0.8024,-0.2851,0.01,0.017,-0.0464,-0.0779,0.0012,0.0406,0.0689,-1.9001,0.0275
222301,0.5499999999999999,0.1584,0.0,False,False,6.2121,0.249,-0.2006,1.5013,-3.118,3.747,-0.0077,0.0,-0.0,0.0001,-0.0006,0.0407,0.1899,0.7157,0.3615,0.84,0.8657,-0.1794,0.01,0.079,-0.0792,-0.0682,0.0797,0.0737,0.0797,0.6673,0.0275
222401,0.5499999999999999,0.1602,0.0,False,False,6.2133,0.249,-0.2006,1.5013,-3.1181,3.7479,-0.0069,0.0003,0.002,0.0072,0.0009,0.0245,0.2222,0.7135,0.3594,0.8385,0.8657,-0.1794,0.01,0.0791,-0.0787,-0.0794,0.0491,0.0548,0.0797,2.0065,0.0275
222501,0.5499999999999999,0.1548,-0.0001,False,False,6.214,0.249,-0.2006,1.5013,-3.1181,3.749,0.0048,-0.0,0.0006,-0.0072,0.0134,-0.0123,-0.0,0.7217,0.3553,0.8448,0.8657,-0.1794,0.01,0.0786,-0.0752,-0.0785,0.0499,0.0734,0.0784,-2.9644,0.0275
222601,0.5499999999999999,0.5436,0.0,False,False,4.7471,0.214,-0.1298,1.4838,0.0134,3.0035,0.3133,0.2387,-0.4931,0.2634,-0.0418,-1.1019,0.2362,0.4284,-0.1196,0.8122,0.7882,-0.2627,0.01,0.0783,0.0796,-0.0796,-0.0302,-0.0763,-0.0028,-0.6598,0.0275
222701,0.5499999999999999,0.6942,0.0086,False,False,4.5444,0.249,-0.2018,1.521,0.0122,2.6909,0.3325,0.0018,-0.0026,-0.0104,-0.0092,0.0114,0.273,0.2948,-0.2097,0.8135,0.7969,-0.281,0.01,0.0784,-0.029,-0.0697,-0.0614,0.0145,0.0151,2.2408,0.0275
222801,0.5499999999999999,0.7049,0.0,False,False,4.3953,-0.378,1.1733,0.7729,0.0122,2.6909,0.2406,0.0493,-0.1202,0.0709,0.0,-0.0,0.1163,0.2173,-0.1256,0.8176,0.7856,-0.2595,0.01,0.0736,0.0402,0.0382,0.0535,0.0152,0.0578,-1.9327,0.0275
222901,0.5499999999999999,0.9835,0.0,False,False,4.0333,-0.2542,0.8811,0.9435,0.0175,3.3809,0.2906,0.2372,-0.5515,0.4274,0.1456,0.6194,0.0646,-0.0712,-0.1908,0.8164,0.7799,-0.2487,0.01,0.0783,0.0683,-0.0796,0.0734,0.0637,0.0792,-3.047,0.0275
223001,0.5499999999999999,1.24,0.0,False,False,3.6595,0.0557,0.2011,1.3107,0.0155,3.056,0.3064,0.2363,-0.5,0.2661,0.0009,0.0137,0.3385,-0.3847,-0.1362,0.812,0.7866,-0.2797,0.01,0.0764,0.0762,-0.068,-0.0012,-0.0172,0.0764,2.0069,0.0275
223101,0.5499999999999999,1.335,0.0001,False,False,3.1897,-0.4737,1.4178,0.6038,-3.1314,2.644,-0.001,-0.0006,0.0014,-0.0009,0.0,-0.0119,0.3265,-0.5011,0.6738,0.8265,0.7807,-0.2475,0.01,-0.0206,0.0725,-0.0593,0.0587,0.0219,0.0072,-0.004,0.0275
223201,0.5499999999999999,1.5166,0.0,False,False,3.08,0.249,-0.2017,1.5193,-3.1519,3.4017,0.0014,0.0003,0.0003,-0.0017,0.0056,-0.0096,0.1902,-0.6741,0.7305,0.8106,0.7807,-0.2475,0.01,-0.0014,0.0288,-0.0713,-0.0794,-0.0746,0.0789,-1.7255,0.0275
223301,0.5499999999999999,1.4997,0.0,False,False,2.8402,0.249,-0.2006,1.5006,-3.1228,3.4662,0.2725,0.0,0.0001,-0.0012,-0.0081,0.1073,0.4091,-0.6015,0.884,0.8108,0.7807,-0.2475,0.01,0.0689,0.0794,0.0136,-0.0441,0.0592,0.0648,2.6773,0.0275
223401,0.5499999999999999,1.4582,0.0006,False,False,2.4877,0.249,-0.2009,1.5053,-3.1325,3.4659,-0.0022,-0.0001,0.0027,0.0148,-0.0276,-0.0099,0.3098,-0.4545,1.0774,0.8117,0.7807,-0.2475,0.01,-0.0015,0.0779,-0.0758,0.0245,0.0774,0.0724,1.3329,0.0275
223501,0.5499999999999999,1.3436,0.0,False,False,2.0014,0.249,-0.2009,1.5062,-3.1371,3.5911,-0.1647,0.0,0.0008,-0.012,0.0127,0.0016,0.0,-0.1619,1.2593,0.8227,0.7807,-0.2475,0.01,-0.0547,0.0493,-0.0747,0.0677,0.062,0.0698,-3.0217,0.0275
223601,0.5499999999999999,1.4157,0.0,False,False,3.2117,-0.2574,0.8879,0.9445,0.0257,3.4956,0.1998,0.0106,-0.0527,0.3867,0.3924,-1.1,0.3008,-0.5754,0.1024,0.8214,0.8271,-0.2574,0.01,0.0471,-0.0497,-0.0716,-0.0274,0.0251,-0.0655,0.8117,0.0275
223701,0.5499999999999999,0.0939,0.0,False,False,5.3756,0.249,-0.2018,1.5208,0.0133,3.0061,-0.3896,0.0056,-0.0069,0.0075,0.0446,1.8562,0.251,0.7418,0.2603,0.8127,0.8271,-0.2574,0.01,-0.0787,-0.0651,-0.0352,0.0223,0.0186,0.078,-3.0869,0.0275
223801,0.5499999999999999,0.1324,0.0,False,False,5.3118,0.249,-0.2025,1.5324,0.0285,2.9897,0.2549,0.009,-0.0138,0.1134,0.0658,-1.1386,0.2827,0.7194,0.2179,0.8091,0.8271,-0.2574,0.01,0.076,0.0768,-0.0772,0.0699,-0.0787,0.0797,1.3192,0.0275
223901,0.5499999999999999,0.0749,0.0,False,False,5.4301,0.249,-0.2027,1.5344,0.0304,2.8437,0.2588,0.0032,-0.0035,-0.0148,-0.0276,-0.0761,0.3642,0.7547,0.3042,0.8056,0.8271,-0.2574,0.01,0.0573,-0.0788,-0.0753,0.0755,0.074,0.0791,2.2632,0.0275
224001,0.5499999999999999,0.1131,0.0,False,False,5.3431,0.249,-0.2018,1.5208,0.0135,3.1132,-0.3925,0.0,0.0006,-0.01,-0.0422,0.883,0.2832,0.7299,0.2403,0.8146,0.8271,-0.2574,0.01,-0.0703,-0.0774,-0.0785,0.0543,0.0728,0.0794,0.2347,0.0275
224101,0.5499999999999999,1.4209,-0.1438,False,False,3.0872,-0.3617,1.1246,0.9137,-0.3952,1.9736,0.2393,0.2362,-0.5245,-0.1204,1.7145,0.1289,0.2991,-0.6031,0.1892,0.9196,0.8094,-0.2766,0.01,0.068,0.0739,-0.0795,-0.0343,0.0636,0.0417,0.3537,0.0275
224201,0.5499999999999999,0.9094,-0.0587,False,False,2.9862,-1.1473,2.3434,-1.5318,-1.9613,1.2342,0.2845,0.3041,-0.1494,0.1691,-0.0074,0.2964,0.6995,-0.1074,0.4904,0.7995,0.7792,-0.2616,0.01,0.0793,0.0295,-0.0745,-0.0345,0.0153,0.0223,-0.8502,0.0275
224301,0.5499999999999999,1.0402,-0.1244,False,False,2.4982,-1.2363,2.2287,-1.4219,-1.6081,0.6683,0.3169,0.2098,-0.1605,0.0473,0.4651,1.1656,0.546,-0.1929,0.5168,0.8321,0.8205,-0.2645,0.01,0.078,0.0056,-0.0766,0.0559,0.0583,0.0425,-0.8103,0.0275
224401,0.5499999999999999,0.1269,0.0101,False,False,5.295,0.249,-0.2018,1.521,0.0122,2.6909,0.3408,0.0006,-0.0007,0.001,0.0004,-0.0225,0.2899,0.7332,0.1963,0.813,0.8205,-0.2645,0.01,0.0766,-0.0629,-0.0742,0.0444,0.0565,0.0772,2.8444,0.0275
224501,0.5499999999999999,0.0693,0.0,False,False,5.4575,0.249,-0.2018,1.5211,0.0149,2.7984,0.2619,-0.0,-0.0017,0.0276,0.0322,-0.0294,0.38,0.7672,0.326,0.808,0.8205,-0.2645,0.01,0.0626,-0.0551,-0.0785,0.0746,0.064,0.0786,2.1978,0.0275
224601,0.5499999999999999,0.1039,0.0,False,False,5.3442,0.249,-0.2029,1.5382,0.0349,2.8639,0.3555,-0.0,-0.0034,0.0555,0.0715,0.1564,0.3969,0.7266,0.2433,0.8042,0.8205,-0.2645,0.01,0.0762,-0.0781,-0.0778,0.0411,0.0767,0.0785,2.3152,0.0275
224701,0.5499999999999999,0.0691,0.0,False,False,5.4256,0.249,-0.2023,1.5288,0.0239,2.823,0.3671,-0.0,-0.0,0.0006,0.0007,0.0008,0.4056,0.7554,0.3025,0.806,0.8205,-0.2645,0.01,0.0789,-0.0799,-0.0797,0.067,0.0724,0.0783,2.887,0.0275
224801,0.5499999999999999,1.0003,-0.0714,False,False,2.5722,-1.4097,2.2882,-1.4089,-1.7197,0.3061,0.3632,0.0272,-0.0697,0.0598,0.4289,0.3999,0.2563,-0.1573,0.5402,0.8373,0.8062,-0.2744,0.01,0.0786,-0.0383,-0.0638,-0.0124,0.001,0.0722,2.238,0.0275
224901,0.5499999999999999,0.0473,14.9935,True,False,5.4041,0.249,-0.2018,1.521,0.0122,2.6909,0.371,0.0009,0.006,0.009,-0.0048,-0.0187,0.3713,0.7642,0.2814,0.8109,0.8062,-0.2744,0.01,0.08,-0.0798,-0.0789,0.0795,0.0789,0.0793,3.1268,0.0275
225001,0.5499999999999999,0.4863,0.0103,False,False,4.8481,0.249,-0.2018,1.521,0.0122,2.6909,0.317,-0.0,-0.0,0.0,-0.0,-0.0061,0.2835,0.5084,-0.0862,0.8132,0.7896,-0.2401,0.01,0.0794,0.0106,-0.0471,0.0327,0.0758,0.0417,2.6513,0.0275
225101,0.5499999999999999,0.9028,0.0065,False,False,4.2855,0.249,-0.2018,1.521,0.0122,2.6909,0.2673,-0.0,0.0,-0.0,-0.0,0.0,0.2973,0.091,-0.2586,0.8128,0.8024,-0.2533,0.01,0.0707,0.0159,-0.0483,-0.0646,0.0191,-0.0159,2.6176,0.0275
225201,0.5499999999999999,0.983,0.0,False,False,4.009,-0.3148,1.0221,0.8602,0.0155,3.056,0.3155,0.1755,-0.4133,0.2377,0.0,-0.0001,0.3025,-0.0658,-0.1557,0.8128,0.8091,-0.2581,0.01,0.0782,0.0387,-0.0725,-0.0072,-0.0743,0.0644,0.5256,0.0275
225301,0.5499999999999999,1.2551,0.0,False,False,3.657,0.1156,0.0738,1.3928,0.0321,2.9483,0.2997,0.1661,-0.336,0.0339,-0.242,-1.6238,0.3796,-0.3899,-0.1353,0.8064,0.7935,-0.2672,0.01,0.0765,0.0615,-0.0437,-0.0608,0.0544,0.0609,0.8942,0.0275
225401,0.5499999999999999,1.1789,-0.1099,False,False,3.5025,-0.4379,1.3213,0.6965,0.0292,2.8424,0.2649,0.1489,-0.3921,0.3712,0.1314,1.1984,0.3504,-0.3383,-0.0164,0.8072,0.8061,-0.2835,0.01,0.0787,0.059,-0.052,0.0632,-0.0202,-0.0161,2.8242,0.0275
225501,0.5499999999999999,1.3404,-0.1513,False,False,3.1895,-0.5496,1.4862,0.5194,-2.4793,2.1525,0.2288,0.208,-0.2346,0.8457,-0.1761,-0.4984,0.0508,-0.474,0.6032,1.0083,0.8099,-0.264,0.01,0.0728,0.0591,-0.0626,0.0786,0.0592,0.0162,-3.0926,0.0275
225601,0.5499999999999999,1.3112,0.0,False,False,3.7725,-0.4186,1.2758,0.6909,-3.1299,3.1052,0.0002,0.0058,-0.0101,-0.0122,0.0163,-0.0855,0.3308,-0.4991,0.3563,0.82,0.8099,-0.264,0.01,0.0085,0.0037,0.0759,0.0679,-0.0285,-0.0124,0.7149,0.0275
225701,0.5499999999999999,1.3,-0.0022,False,False,3.8249,-0.4166,1.2708,0.6939,-3.13,3.1055,-0.0014,0.0027,-0.007,0.0039,0.0018,-0.0476,0.3347,-0.489,0.3298,0.82,0.8099,-0.264,0.01,0.0245,0.0548,0.0629,0.0524,-0.0724,-0.0097,0.5632,0.0275
225801,0.5499999999999999,1.2985,0.0009,False,False,3.8155,-0.4261,1.2943,0.6842,-3.1361,3.1386,-0.0003,0.001,-0.0012,-0.0022,0.01,-0.0037,0.3199,-0.4873,0.3375,0.8181,0.8099,-0.264,0.01,-0.0124,0.0661,0.0772,0.0626,-0.0625,0.0185,1.4068,0.0275
225901,0.5499999999999999,1.3133,0.0,False,False,3.7374,-0.4537,1.3653,0.6376,-3.1222,3.4586,0.0,0.0006,-0.0024,0.0098,-0.0156,-0.0234,0.0729,-0.4998,0.3796,0.8173,0.8099,-0.264,0.01,0.0058,0.0325,0.0343,-0.0688,-0.0572,0.062,-3.0566,0.0275
226001,0.5499999999999999,1.1964,-0.2122,False,False,3.2829,-0.6109,1.5188,0.2698,-0.8851,2.1826,0.2448,0.1896,-0.2903,0.548,2.2184,0.2725,0.4069,-0.3564,0.1706,1.0098,0.8152,-0.2778,0.01,0.0774,0.0471,-0.0723,-0.0042,0.064,0.032,1.0941,0.0275
226101,0.5499999999999999,0.0985,0.0,False,False,5.3373,0.249,-0.2018,1.5204,0.0151,3.0656,-0.1837,0.0019,-0.0039,0.0015,0.0031,-0.0839,0.1984,0.7283,0.2319,0.8133,0.8152,-0.2778,0.01,-0.0455,-0.0577,-0.0047,0.0167,0.058,0.0791,-1.7643,0.0275
226201,0.5499999999999999,0.0736,0.0,False,False,5.3803,0.249,-0.2035,1.5479,0.0477,2.9164,0.2321,0.0,0.005,-0.0837,-0.1175,-0.3062,0.1937,0.744,0.2624,0.8056,0.8152,-0.2778,0.01,0.0543,-0.0792,-0.0443,-0.0583,0.0699,0.0712,-1.3682,0.0275
226301,0.5499999999999999,0.1323,0.0,False,False,5.2864,0.249,-0.2018,1.5211,0.0119,3.2379,-0.2906,-0.0,-0.0,0.0006,-0.0026,1.1951,0.1163,0.7151,0.1901,0.8171,0.8152,-0.2778,0.01,-0.0796,0.0213,-0.0178,0.0217,-0.0487,0.079,-2.437,0.0275
226401,0.5499999999999999,0.1361,0.0,False,False,5.2766,0.249,-0.2025,1.5311,0.0263,2.9684,-0.0167,0.0038,0.0147,-0.2434,-0.3177,0.206,0.2887,0.706,0.1932,0.8089,0.8152,-0.2778,0.01,-0.013,-0.0762,-0.0746,0.0632,0.077,0.0746,1.88,0.0275
226501,0.5499999999999999,1.1628,-0.1553,False,False,3.3279,-0.6184,1.524,0.2504,-1.2035,1.8867,0.1951,0.1764,-0.2139,0.3827,1.7431,-0.0061,0.3612,-0.3364,0.2249,1.0587,0.7923,-0.2473,0.01,0.0676,0.0761,0.0005,-0.0304,-0.0286,-0.003,0.6965,0.0275
226601,0.5499999999999999,1.1855,-0.1402,False,False,3.1028,-0.6853,1.6252,0.0693,-1.8627,2.1426,0.1002,0.1646,-0.2462,0.5717,0.9894,0.2763,0.3369,-0.3238,0.4844,1.0592,0.8136,-0.2643,0.01,0.066,0.0358,-0.0761,0.062,-0.0741,0.0781,1.4172,0.0275
226701,0.5499999999999999,0.1749,0.0,False,False,5.2394,0.249,-0.2018,1.5209,0.0127,3.1434,-0.346,0.0,0.0013,0.0098,-0.0223,1.0669,0.0749,0.7016,0.1538,0.8155,0.8136,-0.2643,0.01,-0.0764,-0.0479,-0.019,-0.0725,-0.0125,0.0778,-2.9942,0.0275
226801,0.5499999999999999,0.3566,0.0106,False,False,5.0363,0.249,-0.2018,1.521,0.0122,2.6909,0.3476,-0.0,0.0,0.0,0.0,-0.0001,0.1076,0.6209,0.0109,0.8179,0.8257,-0.2486,0.01,0.0795,-0.0394,-0.0379,0.0526,-0.0281,0.0276,-1.1084,0.0275
226901,0.5499999999999999,0.1515,0.0,False,False,5.2935,0.249,-0.2018,1.5206,0.0139,3.0169,0.0028,0.0,0.0002,-0.0036,-0.0094,-0.0964,0.2199,0.7135,0.2022,0.8124,0.8257,-0.2486,0.01,-0.0158,-0.0745,-0.0784,0.0221,0.0463,0.0794,-1.9843,0.0275
227001,0.5499999999999999,0.1424,0.0,False,False,5.3048,0.249,-0.202,1.5244,0.0199,3.0373,0.2811,0.0001,-0.0245,0.3936,0.4325,-1.8306,0.2924,0.7159,0.2133,0.8114,0.8257,-0.2486,0.01,0.0702,0.0757,-0.076,-0.0505,0.0477,0.0798,2.3016,0.0275
227101,0.5499999999999999,0.0979,0.0,False,False,5.3702,0.249,-0.2018,1.5206,0.0143,3.0876,-0.1666,0.0047,-0.0093,0.0041,0.0001,0.0063,0.0879,0.7492,0.2456,0.8148,0.8257,-0.2486,0.01,-0.0542,0.0084,-0.055,-0.0501,-0.0749,0.0772,-3.0717,0.0275
227201,0.5499999999999999,0.0893,0.0,False,False,5.3855,0.249,-0.2019,1.5223,0.0177,3.0468,0.1437,0.0039,-0.0137,0.1012,0.131,-0.4947,0.1179,0.7489,0.2622,0.8132,0.8257,-0.2486,0.01,0.0476,0.0593,-0.001,-0.0464,0.013,0.0785,-2.4134,0.0275
227301,0.5499999999999999,0.4559,0.0096,False,False,4.9067,0.249,-0.2018,1.521,0.0122,2.6909,0.3194,0.0039,-0.0075,0.0041,-0.0015,-0.0153,0.2393,0.5456,-0.0579,0.8145,0.8046,-0.2334,0.01,0.0785,0.0038,-0.0445,0.0762,0.0668,0.0527,2.3077,0.0275
227401,0.5499999999999999,0.684,0.0091,False,False,4.5632,0.249,-0.2018,1.521,0.0122,2.6909,0.3071,-0.0,0.0,-0.0,-0.0,0.0001,0.2334,0.3087,-0.2061,0.8145,0.7834,-0.2644,0.01,0.0795,0.0133,-0.0588,0.07,0.0464,0.0047,1.2796,0.0275
227501,0.5499999999999999,0.7244,0.0052,False,False,4.5025,0.249,-0.2018,1.521,0.0122,2.6909,0.2958,0.0002,-0.0001,-0.0004,0.0047,0.0016,0.2683,0.2627,-0.2216,0.8136,0.7866,-0.2719,0.01,0.0719,-0.0167,-0.0684,0.0077,0.0425,-0.0207,1.15,0.0275
227601,0.5499999999999999,0.9469,0.0,False,False,4.2125,0.1022,0.1019,1.3794,0.0335,2.9066,0.2932,0.1008,-0.1905,-0.1753,-0.3862,-0.8693,0.1856,0.0263,-0.2472,0.8073,0.795,-0.2447,0.01,0.0759,0.0522,0.0262,0.0384,0.0066,0.0539,-0.6554,0.0275
227701,0.5499999999999999,1.0306,0.0,False,False,4.0358,-0.133,0.6086,1.0921,0.0143,3.3684,0.3156,0.1111,-0.2454,0.1343,0.0,0.0008,0.0009,-0.0996,-0.2326,0.8144,0.7795,-0.2453,0.01,0.077,0.0086,-0.079,-0.0159,-0.0011,0.0739,-2.8037,0.0275
227801,0.5499999999999999,1.108,0.0,False,False,3.9106,-0.0142,0.3502,1.2316,0.0155,3.056,0.3118,0.0681,-0.1452,0.0631,-0.0164,0.0691,0.2108,-0.2014,-0.2097,0.8127,0.7919,-0.2693,0.01,0.079,0.0407,0.0161,-0.0279,-0.066,0.0758,0.1767,0.0275
227901,0.5499999999999999,1.1289,0.0,False,False,3.7557,-0.2638,0.9032,0.9289,0.0164,3.052,0.3502,0.0684,-0.169,0.2384,0.1603,-0.6752,0.2662,-0.2578,-0.1283,0.8124,0.7861,-0.2491,0.01,0.0771,-0.019,-0.0788,-0.0272,0.0704,0.0139,-3.1331,0.0275
228001,0.5499999999999999,1.2041,0.0,False,False,3.6567,-0.2682,0.9107,0.9596,-0.1624,2.0173,0.2955,0.1682,-0.3824,0.1513,0.1274,0.9937,0.0186,-0.3407,-0.1145,0.8653,0.7906,-0.2591,0.01,0.0743,0.0295,-0.0735,0.0761,0.06,0.0524,-2.5032,0.0275
228101,0.5499999999999999,1.2072,-0.1886,False,False,3.4987,-0.4534,1.234,0.5079,-0.2227,2.1323,0.2313,0.3646,-0.4579,0.7381,1.2742,0.3713,0.3685,-0.3615,-0.0244,0.8567,0.8033,-0.2641,0.01,0.0749,0.0705,-0.067,0.0798,0.0253,0.0788,1.7819,0.0275
228201,0.5499999999999999,1.1285,-0.1462,False,False,3.3786,-0.6529,1.5859,0.1866,-1.4752,1.9495,0.1647,0.1597,-0.2467,0.4969,1.3825,0.1382,0.4433,-0.299,0.281,1.076,0.7927,-0.2615,0.01,0.0757,0.0683,-0.0129,0.0188,0.0157,0.0284,2.9467,0.0275
228301,0.5499999999999999,1.1215,-0.2137,False,False,3.3614,-0.632,1.4767,0.0157,-0.8464,1.8401,0.2506,0.2372,-0.3657,0.4291,2.1242,-0.1695,0.3508,-0.319,0.1363,0.97,0.7764,-0.2543,0.01,0.0703,0.067,-0.0779,-0.0033,0.0278,-0.077,2.2416,0.0275
228401,0.5499999999999999,0.3819,0.0,False,False,4.993,0.249,-0.2018,1.5205,0.0144,-0.4471,-0.0031,0.0003,0.0005,-0.0002,-0.0032,0.0225,0.3914,0.5944,-0.038,0.8274,0.7764,-0.2543,0.01,0.0215,0.0764,-0.0427,0.0212,-0.049,-0.0447,2.8253,0.0275
228501,0.5499999999999999,0.3422,-0.0009,False,False,5.0415,0.249,-0.2018,1.5205,0.0144,-0.4544,0.0019,0.0,0.0,-0.0001,0.0006,0.0022,0.4004,0.6227,-0.0078,0.8274,0.7764,-0.2543,0.01,-0.0212,0.0135,-0.049,-0.0617,-0.0618,-0.0666,2.9105,0.0275
228601,0.5499999999999999,0.3517,0.0,False,False,5.0387,0.249,-0.2018,1.5205,0.0145,-0.4382,0.0006,0.0003,0.0,0.0021,0.0005,0.0258,0.4227,0.6182,-0.016,0.8294,0.7764,-0.2543,0.01,-0.026,0.0025,-0.0623,0.0458,-0.066,-0.0688,3.1134,0.0275
228701,0.5499999999999999,0.3598,0.0,False,False,5.0271,0.249,-0.2018,1.5205,0.0145,-0.4359,0.0037,-0.0003,0.0002,-0.0055,-0.0029,-0.0251,0.3947,0.6114,-0.0217,0.8286,0.7764,-0.2543,0.01,-0.0238,0.0713,-0.0671,0.045,-0.0757,-0.0778,1.7679,0.0275
228801,0.5499999999999999,1.1552,-0.2041,False,False,3.2749,-0.6611,1.5741,0.0919,-1.1894,1.9951,0.2515,0.2462,-0.3358,0.5997,1.9969,-0.0424,0.3948,-0.3131,0.2445,1.0357,0.8137,-0.2392,0.01,0.0766,0.0751,-0.0701,0.0082,0.0174,-0.014,1.4162,0.0275
228901,0.5499999999999999,1.0336,-0.049,False,False,3.2402,-0.864,1.9432,-0.8507,-2.0656,1.6562,0.269,0.1244,-0.2958,-0.0549,0.238,0.0114,0.2563,-0.1909,0.5067,0.8776,0.8121,-0.2769,0.01,0.0694,0.0139,-0.0703,-0.0102,0.0518,0.0045,1.5164,0.0275
229001,0.5499999999999999,0.0712,0.0,False,False,5.3868,0.249,-0.2029,1.5389,0.0358,2.8684,0.3577,0.0008,-0.0057,0.0815,0.1178,0.3637,0.3165,0.7426,0.2714,0.8054,0.8121,-0.2769,0.01,0.0773,-0.0784,-0.0788,0.0622,0.0788,0.0795,2.0228,0.0275
229101,0.5499999999999999,0.1075,0.0,False,False,5.3153,0.249,-0.2018,1.5208,0.0133,3.1208,-0.4249,0.0004,0.0006,-0.0234,-0.0404,1.041,0.2153,0.7242,0.2165,0.8149,0.8121,-0.2769,0.01,-0.0757,-0.0767,-0.064,-0.0266,-0.0127,0.079,-2.0914,0.0275
229201,0.5499999999999999,0.1852,0.0,False,False,5.2713,0.249,-0.2018,1.5206,0.0141,3.0896,0.2194,0.0,0.0009,-0.0146,0.0631,-2.2491,0.2492,0.7075,0.1868,0.8139,0.8199,-0.2179,0.01,0.0598,0.0716,-0.0784,-0.0008,0.023,0.0777,1.9442,0.0275
229301,0.5499999999999999,0.9913,0.0,False,False,3.9768,-0.3681,1.1493,0.787,0.0122,2.691,0.2972,-0.0145,0.0353,-0.0221,0.0062,0.0046,0.218,-0.0755,-0.1563,0.8151,0.8051,-0.2517,0.01,0.065,-0.0567,-0.0344,0.0382,-0.0666,0.0719,1.4249,0.0275
229401,0.5499999999999999,1.1943,0.0,False,False,3.7902,-0.135,0.613,1.0902,0.0121,0.2864,0.313,0.1028,-0.227,0.1246,-0.001,-0.088,0.359,-0.3077,-0.193,0.8086,0.7824,-0.2555,0.01,0.0769,0.0096,-0.0755,0.0599,0.0502,0.0666,0.6851,0.0275
229501,0.5499999999999999,0.3274,0.0,False,False,5.0668,0.249,-0.2018,1.5206,0.0139,-0.4115,-0.0026,0.0002,0.0028,-0.0087,-0.0158,0.0889,0.4016,0.6354,0.0043,0.8276,0.7824,-0.2555,0.01,0.0252,0.0328,-0.0702,0.0223,-0.0511,-0.0639,3.1034,0.0275
229601,0.5499999999999999,0.3005,0.0,False,False,5.0911,0.249,-0.2018,1.5207,0.0137,-0.4008,0.0726,0.0044,-0.0022,-0.0056,-0.0027,-0.1645,0.3739,0.65,0.027,0.8247,0.7824,-0.2555,0.01,0.0311,-0.0235,-0.0369,0.0773,-0.0488,-0.0718,2.6749,0.0275
229701,0.5499999999999999,0.2093,0.0024,False,False,5.1861,0.249,-0.2018,1.5205,0.0145,-0.4438,0.1806,-0.0,0.0,-0.0007,-0.0008,0.0001,0.3362,0.6954,0.1063,0.8188,0.7824,-0.2555,0.01,0.0501,0.0289,0.0509,-0.0631,-0.0428,-0.0637,3.0404,0.0275
229801,0.5499999999999999,0.6381,0.0056,False,False,4.6228,0.249,-0.2018,1.5205,0.0145,-0.4438,0.2723,0.0,-0.0,0.0,0.0,0.001,0.3362,0.3531,-0.1869,0.8141,0.8038,-0.2858,0.01,0.0786,0.0785,-0.0478,0.0011,0.0722,-0.0765,2.7132,0.0275
229901,0.5499999999999999,1.1907,0.0,False,False,3.7925,-0.1658,0.6814,1.0523,0.0136,0.4521,0.1171,0.1744,-0.3854,0.2109,-0.0088,0.0554,0.3103,-0.2775,-0.1862,0.8122,0.8193,-0.2733,0.01,0.0404,0.0273,-0.0778,0.0508,-0.0635,-0.0287,1.2552,0.0275
230001,0.5499999999999999,0.584,0.0,False,False,6.2067,0.249,-0.2018,1.5205,0.0145,-0.439,0.044,0.0002,-0.0001,-0.0006,0.0063,0.4917,0.3853,0.7533,0.9029,0.8245,0.8559,-0.221,0.01,0.0775,-0.0547,-0.0745,0.0751,-0.0771,0.0781,2.6368,0.0275
230101,0.5499999999999999,0.5795,0.0,False,False,6.2094,0.249,-0.2018,1.5206,0.0143,-0.4604,0.0007,0.0,0.0018,0.0026,-0.0027,-0.0251,0.4318,0.7621,0.8994,0.8302,0.8559,-0.221,0.01,0.0766,-0.0062,-0.0674,0.0606,-0.0784,0.0773,3.0401,0.0275
230201,0.5499999999999999,0.5811,0.0,False,False,6.2107,0.249,-0.2018,1.5205,0.0143,-0.4597,0.0024,0.0016,0.004,0.0188,0.0005,-0.0236,0.4282,0.7612,0.901,0.83,0.8559,-0.221,0.01,0.0781,-0.0473,-0.0672,0.0058,-0.0795,0.0743,3.0856,0.0275
230301,0.5499999999999999,0.5818,0.0,False,False,6.2115,0.249,-0.2018,1.5205,0.0143,-0.4596,-0.0001,0.0,0.0004,0.0018,0.0025,0.0089,0.4277,0.7609,0.9016,0.8299,0.8559,-0.221,0.01,0.0725,-0.02,-0.0793,0.065,-0.0731,0.0797,2.7473,0.0275
230401,0.5499999999999999,1.1947,0.0,False,False,3.6778,-0.2839,0.9497,0.9021,0.0136,0.452,0.2718,0.1346,-0.3086,0.1821,-0.0072,-0.0578,0.1188,-0.3133,-0.1214,0.8172,0.8041,-0.2495,0.01,0.076,0.0503,-0.0163,0.0567,-0.0142,0.0779,-0.3167,0.0275
230501,0.5499999999999999,1.0663,-0.1644,False,False,3.2256,-0.7166,1.5954,-0.4563,-1.3831,1.6358,0.1813,0.1615,-0.3694,0.6354,1.4168,-0.2341,0.3821,-0.2724,0.3119,0.9337,0.7834,-0.2789,0.01,0.0682,0.0697,-0.0686,0.0771,0.0785,-0.0533,2.963,0.0275
230601,0.5499999999999999,0.9803,-0.0566,False,False,2.7382,-1.1849,2.1925,-1.3659,-1.8151,0.6505,0.3334,0.0869,-0.104,0.0954,0.3008,0.1923,0.4478,-0.163,0.5337,0.8319,0.7842,-0.2656,0.01,0.0776,-0.0228,-0.0719,0.0726,-0.0226,0.0376,-0.5909,0.0275
230701,0.5499999999999999,0.0504,0.0037,False,False,5.3688,0.249,-0.2018,1.5205,0.0145,-0.4438,0.2664,-0.0,0.0,0.0,0.0001,-0.0018,0.3362,0.7596,0.2483,0.8141,0.7847,-0.2652,0.01,0.0737,0.0608,0.0783,-0.0598,0.0779,0.0642,2.9431,0.0275
230801,0.5499999999999999,0.2156,0.0118,False,False,5.1711,0.249,-0.2018,1.521,0.0122,2.6909,0.3642,0.0006,-0.0008,0.0008,-0.0,-0.0065,0.1334,0.6873,0.1005,0.8172,0.814,-0.2772,0.01,0.079,-0.0755,-0.0553,0.0442,0.0399,0.0578,-0.6049,0.0275
230901,0.5499999999999999,0.0886,0.0,False,False,5.3449,0.249,-0.2018,1.5207,0.0139,3.0984,-0.4129,0.001,-0.0014,-0.0066,-0.0368,0.743,0.1299,0.7383,0.2338,0.8146,0.814,-0.2772,0.01,-0.0759,-0.0673,-0.0373,0.042,0.0321,0.0729,-2.6047,0.0275
231001,0.5499999999999999,0.0772,0.0,False,False,5.3725,0.249,-0.2018,1.5211,0.0119,3.2133,-0.2846,0.0054,-0.0038,0.0197,0.028,0.9581,0.1505,0.744,0.254,0.8167,0.814,-0.2772,0.01,-0.0701,-0.0247,0.0468,-0.0564,-0.072,0.0684,-1.2059,0.0275
231101,0.5499999999999999,0.0655,0.0,False,False,5.4124,0.249,-0.2027,1.5354,0.0316,2.848,0.2944,0.0003,-0.0126,0.1936,0.2504,0.1275,0.2895,0.7524,0.2879,0.8066,0.814,-0.2772,0.01,0.0612,-0.0799,-0.0787,0.0716,0.0737,0.0787,-0.7963,0.0275
231201,0.5499999999999999,0.0724,0.0,False,False,5.3862,0.249,-0.2018,1.5203,0.0155,3.056,-0.1786,0.0006,-0.0006,0.0003,0.0081,-0.14,0.1171,0.746,0.2637,0.8134,0.814,-0.2772,0.01,-0.0534,0.0121,-0.0207,-0.0632,0.0244,0.057,-2.6097,0.0275
231301,0.5499999999999999,0.2243,0.008,False,False,5.1391,0.249,-0.2018,1.5205,0.0145,-0.4438,0.2998,-0.0,0.0,0.0,0.0,0.0,0.3362,0.6711,0.0828,0.8144,0.7993,-0.2847,0.01,0.0794,0.0526,0.0627,-0.0788,0.0389,0.0314,2.877,0.0275
231401,0.5499999999999999,0.424,0.0107,False,False,4.906,0.249,-0.2018,1.5205,0.0145,-0.4438,0.3445,0.0002,-0.0003,0.0002,-0.0,-0.0039,0.3362,0.545,-0.0591,0.8142,0.8133,-0.2817,0.01,0.076,-0.0728,-0.007,0.0549,0.0697,0.0786,0.1888,0.0275
231501,0.5499999999999999,1.0243,0.0,False,False,4.0194,-0.1927,0.7382,1.067,-0.1917,1.6632,0.309,0.1219,-0.2724,0.1347,-0.0269,-0.4872,0.104,-0.1014,-0.2156,0.8688,0.7784,-0.247,0.01,0.0793,0.0313,-0.0288,0.0795,-0.0658,-0.0586,2.3131,0.0275
231601,0.5499999999999999,0.1242,0.0,False,False,5.3716,0.2487,-0.2012,1.52,0.0152,3.0508,0.0049,-0.127,0.2621,-0.1481,-0.0045,0.238,0.1364,0.7439,0.253,0.8135,0.8017,-0.1897,0.01,-0.0149,-0.0788,0.0242,0.0441,-0.0781,0.0784,-3.0475,0.0275
231701,0.5499999999999999,0.0846,-0.0091,False,False,5.4152,0.249,-0.2018,1.521,0.0123,2.6998,-0.1122,0.0007,0.007,0.0143,0.0302,0.264,0.2409,0.7715,0.285,0.8141,0.8017,-0.1897,0.01,-0.0291,-0.0722,-0.0707,0.0511,0.0703,0.0757,1.9848,0.0275
231801,0.5499999999999999,0.0755,-0.0103,False,False,5.4248,0.249,-0.2018,1.5211,0.0121,2.6912,0.2306,0.0026,0.0004,0.0202,-0.0014,-0.312,0.2926,0.7731,0.2943,0.8131,0.8017,-0.1897,0.01,0.0537,-0.0788,-0.0786,0.075,0.0705,0.0794,2.4578,0.0275
231901,0.5499999999999999,0.179,0.0,False,False,5.3121,0.249,-0.2018,1.5212,0.0164,3.0519,-0.0012,-0.0,-0.0013,0.0203,0.0326,0.078,0.0303,0.7328,0.2034,0.8141,0.8044,-0.1843,0.01,0.0169,-0.0584,-0.0644,-0.0465,-0.0605,0.0784,-3.1115,0.0275
232001,0.5499999999999999,1.145,0.0,False,False,3.8828,-0.1644,0.6783,1.0543,0.0126,0.4192,0.3157,0.117,-0.2609,0.1466,-0.0125,-0.4695,0.3397,-0.2142,-0.2105,0.8108,0.8178,-0.265,0.01,0.0721,0.0366,-0.0158,0.0589,-0.0663,0.0762,3.0408,0.0275
232101,0.5499999999999999,1.154,-0.0599,False,False,3.6584,-0.4195,1.2759,0.7114,0.0137,0.4519,0.2617,0.1729,-0.4337,0.2603,0.0024,0.011,0.3047,-0.2729,-0.0854,0.8123,0.8096,-0.236,0.01,0.0797,0.0694,-0.063,0.0079,-0.0797,0.0555,2.7293,0.0275
232201,0.5499999999999999,1.1962,-0.155,False,False,3.4181,-0.5786,1.4172,0.2568,-0.8112,1.6001,0.221,0.0656,-0.118,0.0098,2.3288,-0.1255,0.2979,-0.3373,0.1018,0.9963,0.8264,-0.2636,0.01,0.0775,0.0271,-0.0211,-0.0415,-0.0206,-0.0631,0.1931,0.0275
232301,0.5499999999999999,0.6071,0.0,False,False,6.2037,0.249,-0.2018,1.5205,0.0145,-0.4394,0.0695,0.0023,-0.0037,0.0034,0.006,0.0776,0.3461,0.7405,0.9082,0.8176,0.8838,-0.2311,0.01,0.078,-0.0333,-0.0791,-0.0312,-0.0791,0.0608,3.0751,0.0275
232401,0.5499999999999999,0.5926,0.0,False,False,6.2078,0.249,-0.2018,1.5206,0.0143,-0.4611,0.0024,-0.0,0.0003,0.0002,0.0,-0.0056,0.4352,0.7629,0.8977,0.8304,0.8838,-0.2311,0.01,0.0787,0.0098,-0.0797,-0.049,-0.0784,0.0235,3.1223,0.0275
232501,0.5499999999999999,0.5936,0.0,False,False,6.2087,0.249,-0.2018,1.5206,0.0143,-0.4607,-0.0035,0.002,-0.0037,0.0025,0.0053,0.0107,0.4332,0.7624,0.8987,0.8303,0.8838,-0.2311,0.01,0.0789,0.0293,-0.0791,-0.0471,-0.0779,0.0773,3.137,0.0275
232601,0.5499999999999999,0.5949,0.0,False,False,6.2097,0.249,-0.2018,1.5206,0.0143,-0.4602,0.0035,0.001,0.001,0.0088,0.0008,-0.0081,0.4305,0.7618,0.8998,0.8301,0.8838,-0.2311,0.01,0.0775,-0.0323,-0.0793,0.0031,-0.0788,0.077,2.8961,0.0275
232701,0.5499999999999999,1.173,-0.1619,False,False,3.3111,-0.6333,1.4918,0.1132,-1.5607,1.6921,0.1922,0.1337,-0.2481,0.472,1.581,-0.3872,0.4121,-0.3272,0.3228,1.062,0.813,-0.2714,0.01,0.0777,0.0554,-0.0704,-0.0787,0.0511,-0.0707,2.3932,0.0275
232801,0.5499999999999999,1.0082,-0.048,False,False,3.2834,-0.8773,1.9845,-1.1078,-2.0326,1.5617,-0.0046,0.0551,-0.1716,0.5613,0.0195,-0.0082,0.3458,-0.184,0.485,0.8189,0.807,-0.248,0.01,0.0716,0.0664,-0.073,0.0066,0.0653,-0.0775,-0.4946,0.0275
232901,0.5499999999999999,1.0141,-0.1034,False,False,2.7163,-1.2202,2.2066,-1.4145,-1.6789,1.1168,0.3146,-0.1951,-0.0834,0.0915,0.4864,-0.9161,0.2635,-0.1842,0.5119,0.8129,0.8009,-0.2777,0.01,0.0749,-0.0673,-0.0757,0.0475,-0.0217,0.0558,-1.989,0.0275
233001,0.5499999999999999,1.042,-0.0768,False,False,2.1835,-1.5266,2.1916,-1.3844,-1.6348,0.0746,0.3723,0.4938,0.1463,0.9365,0.317,-0.0911,0.2142,-0.1985,0.6326,0.8611,0.7857,-0.2521,0.01,0.0756,0.037,-0.0766,0.0629,-0.0585,0.0095,-0.1233,0.0275
233101,0.5499999999999999,0.1719,-0.0029,False,False,5.2284,0.249,-0.2018,1.5206,0.0143,-0.4444,0.2323,0.01,-0.009,0.0403,0.0019,-0.1013,0.3357,0.7096,0.1456,0.8139,0.7857,-0.2521,0.01,0.0693,0.0677,-0.0176,-0.0656,-0.0184,-0.0681,2.614,0.0275
233201,0.5499999999999999,0.4537,0.0076,False,False,4.9147,0.249,-0.2018,1.5205,0.0145,-0.4438,0.3494,0.0013,-0.0024,-0.0016,-0.0036,-0.0191,0.3362,0.5504,-0.0547,0.8143,0.8233,-0.243,0.01,0.0781,-0.0374,-0.0099,-0.0599,0.0271,0.0779,1.8975,0.0275
233301,0.5499999999999999,0.742,0.0035,False,False,4.504,0.249,-0.2018,1.5205,0.0145,-0.4438,0.2395,0.0,-0.0,0.0,0.0,0.0005,0.3362,0.2632,-0.2241,0.8143,0.8169,-0.2807,0.01,0.0677,0.048,-0.0251,0.0087,0.0254,-0.0705,2.5705,0.0275
233401,0.5499999999999999,1.0349,-0.1124,False,False,3.2908,-0.8297,1.8642,-0.9941,-1.9882,1.6525,0.2305,0.1301,-0.3214,0.363,-0.3837,-0.5483,0.1007,-0.2221,0.4812,0.8284,0.7931,-0.2658,0.01,0.0741,0.0223,-0.0783,0.0438,0.045,-0.0571,-2.7561,0.0275
233501,0.5499999999999999,0.99,-0.0372,False,False,3.0602,-1.0496,2.0943,-1.3649,-1.8535,1.1965,0.3332,-0.0493,-0.0381,0.0581,0.1141,-0.2137,0.511,-0.1871,0.4722,0.8061,0.7841,-0.2692,0.01,0.078,-0.052,-0.0631,0.0656,-0.0468,0.0258,-2.5954,0.0275
233601,0.5499999999999999,1.0451,-0.0643,False,False,2.5051,-1.2375,2.1949,-1.4456,-1.7737,0.5803,0.3227,-0.1367,-0.0408,0.2033,0.4916,0.0199,0.5405,-0.1843,0.5683,0.8309,0.8232,-0.2566,0.01,0.0762,-0.0649,-0.0674,0.024,-0.024,0.039,-2.3707,0.0275
233701,0.5499999999999999,0.1161,0.0039,False,False,5.3202,0.249,-0.2018,1.5205,0.0145,-0.4438,0.255,0.0,0.0008,-0.0017,-0.0044,-0.002,0.3362,0.7438,0.2122,0.814,0.8232,-0.2566,0.01,0.0731,0.0747,0.0555,-0.0789,0.073,0.0297,3.0301,0.0275
233801,0.5499999999999999,0.5452,0.0,False,False,6.211,0.249,-0.2018,1.5205,0.0144,-0.4467,-0.0029,0.0,0.0003,-0.0081,-0.0081,0.0899,0.4248,0.7616,0.9001,0.8297,0.8652,-0.1837,0.01,0.0781,-0.007,-0.0799,0.0217,-0.0792,0.0764,3.0383,0.0275
233901,0.5499999999999999,0.5457,0.0,False,False,6.2116,0.249,-0.2018,1.5205,0.0144,-0.455,0.0028,-0.0002,0.0001,-0.001,0.0015,0.0147,0.4264,0.7613,0.9005,0.83,0.8652,-0.1837,0.01,0.0746,-0.0594,-0.0786,0.0617,-0.079,0.0597,3.0518,0.0275
234001,0.5499999999999999,0.5461,0.0,False,False,6.212,0.249,-0.2018,1.5206,0.0143,-0.461,-0.0023,0.0015,0.0008,0.0137,0.0022,-0.0165,0.435,0.7615,0.9009,0.8304,0.8652,-0.1837,0.01,0.0764,-0.0271,-0.0786,0.0707,-0.0768,0.0771,3.0294,0.0275
234101,0.5499999999999999,1.0291,-0.0899,False,False,2.5423,-1.2364,2.1868,-1.3357,-1.7538,0.1303,0.2774,0.2981,-0.1591,-0.0398,0.0289,0.9333,0.4094,-0.1674,0.5619,0.8437,0.8232,-0.2619,0.01,0.071,0.0203,-0.078,0.0602,-0.0483,0.0337,-2.379,0.0275
234201,0.5499999999999999,0.0753,-0.001,False,False,5.3744,0.249,-0.2018,1.5205,0.0145,-0.4438,0.2677,0.0022,-0.0037,-0.0099,-0.0138,-0.0389,0.3362,0.7611,0.2529,0.814,0.8232,-0.2619,0.01,0.0771,0.0755,-0.0404,-0.0761,-0.0361,-0.0254,3.1139,0.0275
234301,0.5499999999999999,0.5898,0.0,False,False,6.2101,0.249,-0.2018,1.5205,0.0143,-0.4528,-0.0008,0.0,-0.0001,-0.0001,0.0007,0.0299,0.4262,0.7618,0.8995,0.8299,0.8668,-0.2295,0.01,0.0752,-0.0635,-0.0748,0.0674,-0.0779,0.077,3.0282,0.0275
234401,0.5499999999999999,0.5904,0.0,False,False,6.2109,0.249,-0.2018,1.5206,0.0143,-0.4611,-0.0071,0.0062,-0.0058,0.0225,0.0089,-0.0035,0.4352,0.7619,0.9,0.8304,0.8668,-0.2295,0.01,0.0689,-0.0008,-0.0798,0.0619,-0.0794,0.078,3.1046,0.0275
234501,0.5499999999999999,0.591,0.0,False,False,6.2114,0.249,-0.2018,1.5206,0.0143,-0.4609,-0.004,0.0005,-0.0012,0.0018,0.0022,0.0081,0.4342,0.7616,0.9006,0.8304,0.8668,-0.2295,0.01,0.0779,-0.014,-0.0796,0.0627,-0.0733,0.0791,3.1234,0.0275
234601,0.5499999999999999,0.9766,-0.0719,False,False,2.4904,-1.4217,2.2464,-1.2492,-1.7406,0.1497,0.34,0.0905,-0.1397,0.2057,0.2001,-0.4223,0.0,-0.1514,0.5619,0.8491,0.7809,-0.273,0.01,0.0755,-0.0281,-0.0784,0.0597,-0.0429,-0.0551,-2.5443,0.0275
234701,0.5499999999999999,0.1349,0.0043,False,False,5.2498,0.249,-0.2018,1.5205,0.0145,-0.4438,0.2704,0.0057,-0.0049,0.0018,-0.0031,0.0091,0.3362,0.7187,0.1599,0.8144,0.7809,-0.273,0.01,0.0692,0.0257,0.0639,-0.0525,-0.0373,0.0272,3.0897,0.0275
234801,0.5499999999999999,0.3593,0.003,False,False,4.9979,0.249,-0.2018,1.5205,0.0145,-0.4438,0.2676,0.0033,-0.0005,0.0208,-0.0009,-0.0343,0.3362,0.5987,-0.0067,0.8143,0.7811,-0.2482,0.01,0.069,0.0193,0.0528,-0.0791,-0.0083,0.0451,1.8491,0.0275
234901,0.5499999999999999,0.6089,0.0072,False,False,4.6864,0.249,-0.2018,1.5205,0.0145,-0.4438,0.2734,0.0005,-0.0005,0.0002,0.0004,0.0066,0.3362,0.399,-0.1658,0.8154,0.7837,-0.2445,0.01,0.062,-0.0747,-0.049,0.0554,0.0736,0.0653,2.6383,0.0275
235001,0.5499999999999999,0.8927,-0.0065,False,False,4.3249,0.2451,-0.1937,1.5164,0.0145,-0.4438,0.3454,-0.2509,0.5153,-0.2644,0.0001,0.0038,0.3362,0.119,-0.2628,0.8164,0.7972,-0.233,0.01,0.0767,-0.0652,0.0774,0.0655,-0.042,-0.0782,2.1058,0.0275
235101,0.5499999999999999,1.2391,-0.0713,False,False,3.6482,-0.2324,0.8313,0.969,0.0136,0.4509,0.314,0.2026,-0.4585,0.223,-0.0489,-0.2099,0.3697,-0.3635,-0.1289,0.8106,0.7949,-0.2394,0.01,0.0797,0.0477,-0.0792,-0.0534,0.0077,0.0231,3.0093,0.0275
235201,0.5499999999999999,1.0226,-0.1075,False,False,3.156,-0.8718,1.9676,-1.0161,-2.1245,1.5561,0.1709,0.124,-0.3152,0.6631,-0.4317,-0.2219,0.1837,-0.2054,0.5439,0.839,0.7859,-0.2521,0.01,0.0705,0.0293,-0.0761,0.0757,0.0563,-0.0281,-0.998,0.0275
235301,0.5499999999999999,1.0718,-0.065,False,False,2.1648,-1.5513,2.203,-1.4222,-1.6014,0.005,0.273,-0.1509,0.1099,1.5381,-0.0845,0.0223,0.2914,-0.2062,0.6327,0.862,0.8128,-0.2415,0.01,0.0464,-0.071,-0.0752,0.0782,-0.0456,0.0135,2.2679,0.0275
235401,0.5499999999999999,0.4024,0.0052,False,False,4.9725,0.249,-0.2018,1.5205,0.0145,-0.4438,0.2525,0.0,-0.0,0.0,0.0,0.0007,0.3362,0.5844,-0.0219,0.8143,0.8128,-0.2415,0.01,0.0615,-0.0162,0.0712,-0.0799,0.0449,0.0251,1.7529,0.0275
235501,0.5499999999999999,0.9003,0.002,False,False,4.2911,0.249,-0.2018,1.5205,0.0145,-0.4438,0.0025,0.0001,-0.0001,0.0024,0.0033,-0.0003,0.3362,0.0911,-0.2668,0.8169,0.7882,-0.2477,0.01,0.0194,-0.0669,0.035,0.0296,-0.0634,0.0069,1.7621,0.0275
235601,0.5499999999999999,1.1786,-0.0684,False,False,3.6306,-0.388,1.1979,0.758,0.0136,0.4521,0.2789,0.2077,-0.5085,0.3014,-0.0002,0.0308,0.3685,-0.3103,-0.0877,0.8106,0.7995,-0.2414,0.01,0.0794,0.0747,-0.0732,-0.0114,-0.0672,0.0619,2.97,0.0275
235701,0.5499999999999999,1.0751,-0.0795,False,False,3.2978,-0.7247,1.6319,-0.288,-1.5915,1.685,0.3904,0.0427,-0.1275,-0.3807,0.6013,-0.3011,0.4672,-0.2501,0.3449,0.9879,0.8045,-0.2721,0.01,0.0738,-0.033,-0.0388,0.0618,0.0795,-0.0458,3.0367,0.0275
235801,0.5499999999999999,0.9853,-0.0264,False,False,2.8513,-1.23,2.2565,-1.4793,-1.6759,1.1171,0.2682,0.0039,0.3309,0.0393,-0.1417,0.0786,0.4616,-0.1677,0.4673,0.8078,0.8059,-0.2328,0.01,0.0713,-0.0231,0.0313,0.0274,-0.0457,0.0427,2.245,0.0275
235901,0.5499999999999999,0.7242,-0.0126,False,False,4.5651,0.2485,-0.2007,1.52,0.0145,-0.4438,0.326,-0.1593,0.3357,-0.1645,-0.0177,-0.0365,0.3362,0.3093,-0.2094,0.8157,0.8059,-0.2328,0.01,0.0751,-0.0765,0.0081,0.0303,0.0265,-0.059,1.0372,0.0275
236001,0.5499999999999999,1.1276,0.0,False,False,3.9928,-0.0047,0.3298,1.2427,0.0143,0.0328,0.3179,0.0837,-0.1798,0.1001,-0.0183,-1.5512,0.1799,-0.162,-0.2534,0.8146,0.819,-0.2479,0.01,0.0783,0.0415,0.0022,0.0609,-0.0262,0.0703,-2.6487,0.0275
236101,0.5499999999999999,1.0352,-0.1331,False,False,3.2932,-0.7928,1.7748,-0.511,-1.3709,1.5855,0.2434,0.1286,-0.3027,0.4167,1.3675,0.0141,0.3827,-0.2039,0.2987,0.9475,0.8192,-0.2644,0.01,0.0785,0.0355,-0.0737,0.0546,0.0783,-0.0044,3.0461,0.0275
236201,0.5499999999999999,1.0133,-0.052,False,False,2.2882,-1.5415,2.2618,-1.2785,-1.6341,0.0965,0.3763,0.0339,-0.0444,0.7434,0.191,-0.1224,0.1197,-0.1698,0.572,0.858,0.8018,-0.2576,0.01,0.0728,-0.0325,-0.0727,0.0646,-0.0272,0.0099,0.8674,0.0275
236301,0.5499999999999999,0.1728,0.0059,False,False,5.2317,0.249,-0.2018,1.5205,0.0145,-0.4438,0.3068,0.003,-0.0015,0.0167,0.0001,-0.0181,0.3362,0.7114,0.1471,0.8143,0.8018,-0.2576,0.01,0.0786,0.037,0.0446,-0.0763,-0.0101,0.0493,2.2028,0.0275
236401,0.5499999999999999,0.5902,0.0084,False,False,4.7432,0.249,-0.2018,1.5205,0.0145,-0.4438,0.2807,0.0,-0.0,0.0,0.0,-0.0006,0.3362,0.4391,-0.141,0.815,0.8212,-0.242,0.01,0.064,-0.0719,-0.0536,-0.0534,0.0623,-0.0094,0.4554,0.0275
236501,0.5499999999999999,0.86,0.003,False,False,4.3849,0.249,-0.2018,1.5205,0.0145,-0.4438,0.2175,-0.0,-0.0,0.0,-0.0,-0.0002,0.3362,0.1679,-0.2533,0.8161,0.8285,-0.2532,0.01,0.0544,-0.0209,0.0601,-0.0033,0.0675,0.0148,-0.0968,0.0275
236601,0.6,0.4714,0.0,False,False,6.2101,0.249,-0.2018,1.5205,0.0144,-0.447,0.0038,0.0007,0.0078,0.0138,-0.0157,-0.1591,0.421,0.7616,0.8995,0.8296,0.9269,-0.0901,0.01,0.0444,-0.0647,-0.077,0.0685,-0.0798,0.0705,3.0752,0.0275
236701,0.6,0.4712,0.0,False,False,6.21,0.249,-0.2018,1.5206,0.0143,-0.4609,-0.0003,0.0029,-0.0053,0.001,-0.0039,-0.0095,0.4343,0.7621,0.8995,0.8304,0.9269,-0.0901,0.01,0.0672,-0.0212,-0.0793,-0.0737,-0.0796,0.0775,3.1123,0.0275
236801,0.6,0.4723,0.0,False,False,6.2109,0.249,-0.2018,1.5205,0.0143,-0.4606,-0.0014,0.0011,0.0002,0.0061,-0.0022,-0.0125,0.4327,0.7616,0.9005,0.8303,0.9269,-0.0901,0.01,0.075,-0.0465,-0.073,0.0507,-0.0776,0.0782,2.9743,0.0275
236901,0.6,0.473,0.0,False,False,6.2116,0.249,-0.2018,1.5206,0.0143,-0.4604,0.0028,0.0,-0.0002,0.0011,0.002,0.001,0.4314,0.7613,0.9011,0.8302,0.9269,-0.0901,0.01,0.0548,-0.0611,-0.0768,0.0509,-0.0797,0.0791,3.1347,0.0275
237001,0.6,0.8797,-0.0083,False,False,4.33,0.2412,-0.1857,1.5123,0.0145,-0.4438,0.3196,-0.2826,0.5809,-0.2998,0.007,0.0149,0.3362,0.1229,-0.2627,0.8165,0.8188,-0.2751,0.01,0.075,-0.0756,0.0765,0.0194,-0.0535,-0.0737,1.7253,0.03
237101,0.6,1.2339,-0.1186,False,False,3.5011,-0.5054,1.3125,0.275,0.0042,0.9044,0.2894,0.2329,-0.2697,0.8129,-0.0877,-0.7228,0.1854,-0.3776,-0.036,0.8154,0.8125,-0.2613,0.01,0.0777,0.0466,-0.0786,0.0493,-0.0398,0.0231,0.1753,0.03
237201,0.6,1.0679,-0.0916,False,False,3.2277,-0.8326,1.8624,-0.7028,-2.0437,1.5134,0.1649,0.155,-0.3654,0.5912,0.1943,-0.1956,0.3327,-0.2119,0.4969,0.9095,0.8271,-0.2695,0.01,0.0768,0.0753,-0.0786,-0.0186,0.0375,-0.0224,1.148,0.03
237301,0.6,0.2879,0.0,False,False,5.7769,0.249,-0.2018,1.5205,0.0145,-0.4438,0.2518,0.0005,-0.0005,-0.0002,-0.0013,0.008,0.3362,0.8166,0.5747,0.814,0.8324,-0.2618,0.0104,0.0745,0.0722,-0.072,-0.0529,-0.0534,0.0578,3.1224,0.03
237401,0.6,0.5763,0.0,False,False,6.2111,0.249,-0.2018,1.5205,0.0144,-0.4556,0.0016,0.0,0.0,-0.0001,0.0008,0.0846,0.4272,0.7615,0.9002,0.8301,0.8556,-0.217,0.01,0.0764,0.0314,-0.0799,-0.0774,-0.0773,0.0772,3.0476,0.03
237501,0.6,0.5768,0.0,False,False,6.2116,0.249,-0.2018,1.5206,0.0143,-0.461,0.0001,0.0015,-0.0029,-0.0047,-0.0072,-0.0218,0.435,0.7616,0.9006,0.8304,0.8556,-0.217,0.01,0.0706,-0.0022,-0.0798,0.0773,-0.0797,0.0725,2.1653,0.03
237601,0.6,0.577,0.0,False,False,6.2119,0.249,-0.2018,1.5206,0.0143,-0.4611,-0.0052,0.0,0.0002,-0.0034,-0.0033,0.0018,0.4351,0.7615,0.9008,0.8304,0.8556,-0.217,0.01,0.0653,-0.0387,-0.0777,0.0593,-0.0793,0.0785,2.9409,0.03
237701,0.6,1.0457,-0.0833,False,False,3.2186,-0.8223,1.842,-0.8112,-2.012,1.5693,0.0171,0.1001,-0.2984,0.8814,0.1733,-0.1572,0.3134,-0.2187,0.4912,0.8754,0.7986,-0.2852,0.01,0.0443,0.0355,-0.0789,0.0725,0.0638,-0.0265,-0.4476,0.03
237801,0.6,0.9716,-0.1018,False,False,3.0672,-0.9783,2.1115,-1.3501,-1.9424,1.3188,0.275,0.3808,-0.1844,0.2557,-0.1123,0.8496,0.7,-0.1692,0.4807,0.7975,0.7795,-0.2787,0.01,0.0728,0.032,-0.0748,0.0744,-0.0759,-0.0126,2.825,0.03
237901,0.6,1.0303,-0.0894,False,False,2.7417,-1.0412,2.1204,-1.3724,-1.6475,1.322,0.3241,-0.1649,-0.0603,0.0052,0.5527,-0.5935,0.6548,-0.2157,0.4692,0.8013,0.8016,-0.2437,0.01,0.0684,-0.0668,-0.0781,0.061,0.036,0.0634,1.5477,0.03
238001,0.6,0.0448,15.0004,True,False,5.4133,0.249,-0.2018,1.5206,0.0143,-0.4442,0.2191,0.0006,-0.0004,-0.0006,-0.0005,0.0128,0.3358,0.7721,0.2827,0.8141,0.8016,-0.2437,0.01,0.0685,0.077,-0.0697,-0.0675,-0.0331,0.0733,3.0912,0.03
238101,0.6,0.2461,0.0059,False,False,5.1074,0.249,-0.2018,1.5205,0.0145,-0.4438,0.2718,0.0032,-0.0062,0.0046,0.0,-0.0015,0.3362,0.6558,0.0624,0.8141,0.7885,-0.2818,0.01,0.0767,0.071,0.0175,-0.0406,0.0578,-0.0427,2.4773,0.03
238201,0.6,0.3944,0.0095,False,False,4.9633,0.249,-0.2018,1.5205,0.0145,-0.4438,0.3192,-0.0,0.0,0.0,0.0,0.0009,0.3362,0.5792,-0.0279,0.8147,0.8149,-0.2626,0.01,0.0794,0.0086,-0.0046,-0.071,0.0159,-0.0311,1.9933,0.03
238301,0.6,0.7201,0.0023,False,False,4.5323,0.249,-0.2018,1.5205,0.0145,-0.4438,0.2665,0.0058,-0.0104,-0.0098,-0.0196,-0.0658,0.3362,0.2841,-0.2195,0.8159,0.7927,-0.2604,0.01,0.0648,-0.0472,-0.0795,0.0713,0.0372,0.0222,-0.8341,0.03
238401,0.6,1.0188,0.0,False,False,4.1639,0.205,-0.1113,1.474,0.0145,-0.4438,0.3165,0.1373,-0.2801,0.1544,-0.001,-0.0204,0.3362,-0.0158,-0.2755,0.8176,0.828,-0.2555,0.01,0.0798,0.0504,0.0041,0.0524,-0.0767,-0.0557,0.2997,0.03
238501,0.6,0.5629,-0.0004,False,False,6.2089,0.249,-0.2018,1.5205,0.0145,-0.4402,-0.0028,0.0012,-0.0006,-0.0016,-0.0073,0.0524,0.4056,0.7613,0.8989,0.8289,0.8751,-0.2011,0.01,0.0597,-0.0038,-0.0773,0.0476,-0.08,0.0776,3.0787,0.03
238601,0.6,0.5645,0.0,False,False,6.2113,0.249,-0.2018,1.5205,0.0145,-0.4419,-0.0031,0.0001,0.0005,0.0009,-0.0003,0.0453,0.4202,0.7613,0.9004,0.8294,0.8751,-0.2011,0.01,0.0375,-0.0176,-0.0733,0.0518,-0.0796,0.0782,2.8598,0.03
238701,0.6,0.5091,-0.0054,False,False,6.1469,0.249,-0.2018,1.5207,0.0139,-0.0933,-0.2041,-0.0,-0.0,0.0002,-0.0009,1.0141,0.4503,0.787,0.8496,0.8186,0.8751,-0.2011,0.01,-0.0493,-0.0734,-0.08,0.0794,-0.0794,0.0751,3.1244,0.03
238801,0.6,0.4979,0.0,False,False,6.133,0.249,-0.2018,1.5205,0.0144,-0.0263,-0.0037,0.0001,0.0005,-0.0098,-0.0093,0.103,0.4344,0.7903,0.8389,0.8161,0.8751,-0.2011,0.01,0.0193,-0.046,-0.0788,-0.0066,-0.0602,0.0735,2.5599,0.03
238901,0.6,1.0812,0.0,False,False,4.0298,0.0945,0.1191,1.3544,0.0134,-0.3773,0.2783,-0.1768,0.3721,-0.1954,0.0001,-0.01,0.1991,-0.1296,-0.2634,0.8177,0.8126,-0.2837,0.01,0.069,-0.0329,0.0636,-0.06,0.0526,-0.0768,-2.3292,0.03
239001,0.6,1.1743,-0.0588,False,False,3.814,-0.261,0.8969,0.9324,0.012,0.2914,0.3044,0.2058,-0.4734,0.2676,0.0,-0.0001,0.3545,-0.2603,-0.1742,0.8074,0.8182,-0.2598,0.01,0.0778,0.0501,-0.0772,0.0107,-0.017,0.0407,1.0963,0.03
239101,0.6,1.1902,-0.0567,False,False,3.5489,-0.5053,1.3843,0.4195,0.0163,0.5996,0.2779,0.0718,-0.1509,0.1217,-0.0326,-0.4638,0.4256,-0.3435,-0.0438,0.8071,0.7989,-0.2605,0.01,0.0712,-0.0049,-0.0757,0.0593,-0.0092,-0.0366,2.7508,0.03
239201,0.6,0.9905,-0.1271,False,False,3.2387,-0.8338,1.864,-0.6904,-1.8445,1.6672,0.1311,0.1521,-0.3616,0.7905,0.7918,-0.2487,0.4074,-0.1893,0.4397,0.9138,0.7792,-0.2769,0.01,0.0792,0.0757,-0.079,0.0371,0.0742,-0.0352,2.2609,0.03
239301,0.6,0.9455,-0.065,False,False,3.1572,-1.0253,2.1556,-1.3431,-1.8333,1.4644,0.2506,0.1743,-0.1145,0.1195,-0.1799,0.464,0.4194,-0.1426,0.4527,0.8,0.7916,-0.2427,0.01,0.0614,-0.0091,-0.075,0.0628,-0.0671,-0.065,0.27,0.03
239401,0.6,1.0299,-0.0658,False,False,2.2942,-1.5146,2.2373,-1.2512,-1.651,0.1551,0.3931,-0.1448,-0.1272,0.4975,0.0268,0.3256,0.1793,-0.167,0.5746,0.8694,0.824,-0.2444,0.01,0.0759,-0.0667,-0.0787,0.0547,-0.0535,0.0754,0.1766,0.03
239501,0.6,0.1875,0.0046,False,False,5.2419,0.249,-0.2018,1.5206,0.0143,-0.4442,0.2235,-0.0,0.0,0.0,-0.0,-0.0,0.3358,0.7152,0.1549,0.8141,0.824,-0.2444,0.01,0.0681,0.0763,0.0462,-0.0344,0.046,0.0723,2.9058,0.03
239601,0.65,0.4673,0.01,False,False,4.8739,0.249,-0.2018,1.5205,0.0145,-0.4438,0.3404,-0.0,-0.0,0.0001,-0.0,-0.0,0.3362,0.5253,-0.0774,0.8147,0.8052,-0.254,0.01,0.0755,-0.0679,0.0056,-0.0619,0.0717,0.0712,-1.5991,0.03
239701,0.65,0.8084,-0.0234,False,False,4.429,0.2456,-0.1949,1.517,0.0145,-0.4438,0.3392,-0.2499,0.5135,-0.263,-0.0002,-0.0259,0.3362,0.2027,-0.2463,0.8166,0.7876,-0.2389,0.01,0.0792,-0.0694,0.0594,0.0477,0.0406,-0.0389,-2.7025,0.0325
239801,0.65,1.0993,0.0,False,False,4.0023,-0.0411,0.408,1.2006,0.0152,0.0856,0.2743,0.1735,-0.3741,0.2028,0.0019,0.0195,0.261,-0.1574,-0.255,0.813,0.7934,-0.2537,0.01,0.0733,0.0535,-0.0427,-0.0788,-0.0505,0.0486,-1.1912,0.0325
239901,0.65,1.2445,0.0,False,False,3.5797,-0.345,1.0628,0.7584,0.0115,0.2626,0.252,0.2626,-0.0956,1.4621,0.0606,-1.9085,0.308,-0.3919,-0.0808,0.8113,0.8051,-0.2906,0.01,0.0716,0.0716,-0.0084,0.0673,-0.0655,0.0095,0.9199,0.0325
240001,0.65,1.0605,-0.1627,False,False,3.3885,-0.7245,1.6709,-0.1685,-0.8652,1.4439,0.2123,0.1787,-0.2824,0.3449,1.6535,-0.0271,0.382,-0.2558,0.1426,0.9685,0.7815,-0.2778,0.01,0.0555,0.0249,-0.0798,0.0749,0.0236,-0.0492,1.0702,0.0325
240101,0.65,0.984,-0.1408,False,False,3.2505,-0.8499,1.9145,-0.9027,-1.9826,1.5115,0.1539,0.1588,-0.3571,0.8694,-0.7003,-0.3391,0.414,-0.1898,0.4737,0.8644,0.7743,-0.2583,0.01,0.0768,0.0646,-0.0793,0.059,0.0658,-0.0507,1.7302,0.0325
240201,0.65,0.9707,-0.092,False,False,2.6829,-1.2493,2.2675,-1.441,-1.6433,0.9692,0.3246,0.2538,0.0078,0.1292,0.4058,0.794,0.3876,-0.1695,0.4912,0.817,0.7795,-0.261,0.01,0.0752,0.0152,-0.0435,0.0642,0.0048,0.077,-0.2922,0.0325
240301,0.65,1.1868,-0.1176,False,False,2.0678,-1.5726,2.1038,-1.6975,-1.6397,-0.0288,0.3955,-0.1608,0.4442,2.8539,-0.2055,-0.3187,0.1034,-0.2644,0.7974,0.8553,0.7929,-0.2876,0.01,0.0713,-0.0759,-0.0768,0.0738,-0.0713,-0.063,1.9748,0.0325
240401,0.65,0.1401,0.0059,False,False,5.2353,0.249,-0.2018,1.5205,0.0145,-0.4438,0.2622,0.0002,-0.0001,-0.0003,0.0,0.0037,0.3362,0.7126,0.1501,0.8141,0.7929,-0.2876,0.01,0.0748,0.068,-0.0004,-0.0432,0.0025,-0.0067,2.915,0.0325
240501,0.65,0.3891,0.0108,False,False,4.956,0.249,-0.2018,1.5205,0.0145,-0.4438,0.3621,0.0032,-0.0066,0.0032,0.0008,-0.0083,0.3362,0.5751,-0.0324,0.8148,0.8216,-0.2824,0.01,0.0795,-0.0669,-0.066,-0.0602,0.0472,-0.0479,-2.5935,0.0325
240601,0.65,0.2608,0.0,False,False,5.7347,0.249,-0.2018,1.5205,0.0144,-0.4486,-0.0105,0.0012,-0.0024,0.001,0.0013,0.1546,0.3671,0.8312,0.5261,0.8235,0.8216,-0.2824,0.01,0.0253,0.0514,-0.0661,-0.0791,-0.0669,0.022,3.0724,0.0325
240701,0.65,0.2732,0.0,False,False,5.7998,0.249,-0.2018,1.5206,0.0143,-0.4594,-0.0175,0.0008,-0.0012,0.0009,0.0006,0.1408,0.4281,0.838,0.5676,0.83,0.8439,-0.2526,0.01,0.0288,0.0442,-0.075,-0.0774,-0.0734,0.0728,3.0126,0.0325
240801,0.65,0.2275,0.0,False,False,5.7463,0.249,-0.2018,1.5208,0.0133,-0.372,-0.1039,0.0,0.0,-0.0007,0.0034,-0.4835,0.4076,0.8378,0.5217,0.8273,0.8439,-0.2526,0.01,-0.0406,0.0094,-0.0755,-0.0714,-0.0394,0.0486,2.9007,0.0325
240901,0.65,0.2228,0.0,False,False,5.7404,0.249,-0.2018,1.5205,0.0145,-0.438,0.0015,0.0004,0.0003,-0.0073,-0.0026,0.0025,0.4282,0.8378,0.5166,0.8295,0.8439,-0.2526,0.01,0.0067,0.0454,-0.0496,-0.0775,-0.0693,0.0758,3.1101,0.0325
241001,0.65,0.2999,0.0072,False,False,5.0485,0.249,-0.2018,1.5205,0.0145,-0.4438,0.3051,0.0004,0.0007,0.0042,0.0015,-0.017,0.3362,0.6266,0.0225,0.8152,0.8095,-0.2913,0.01,0.0753,-0.0008,-0.0654,-0.0727,0.0198,-0.0602,-0.0781,0.0325
241101,0.65,0.1834,0.0,False,False,5.6443,0.249,-0.2018,1.5205,0.0145,-0.4443,-0.0006,0.001,-0.0018,-0.0017,-0.0032,-0.0249,0.4213,0.8304,0.4366,0.8295,0.8095,-0.2913,0.01,0.0093,-0.009,-0.0314,-0.0498,-0.073,0.0335,2.9898,0.0325
241201,0.65,0.1775,0.0,False,False,5.6416,0.249,-0.2018,1.5204,0.0149,-0.207,-0.0016,-0.0004,0.0006,-0.0053,-0.0038,0.0074,0.4474,0.8331,0.4316,0.8222,0.8095,-0.2913,0.01,-0.0095,0.0078,-0.0768,-0.0207,0.0149,-0.0063,3.1148,0.0325
241301,0.65,0.1981,0.0,False,False,5.6621,0.249,-0.2018,1.5205,0.0145,-0.4377,0.0001,0.0014,-0.0012,0.004,0.0085,-0.0414,0.4176,0.8322,0.4515,0.8292,0.8095,-0.2913,0.01,-0.034,0.0319,-0.0714,-0.002,-0.0696,0.0608,3.0771,0.0325
241401,0.65,0.1439,0.0,False,False,5.5959,0.249,-0.2018,1.5205,0.0145,-0.438,-0.1463,0.0003,0.0013,-0.0299,-0.0323,0.1901,0.428,0.8242,0.3963,0.8295,0.8095,-0.2913,0.01,-0.0457,0.012,-0.021,0.0424,0.0042,0.0774,3.0253,0.0325
241501,0.65,0.3313,0.0037,False,False,5.0147,0.249,-0.2018,1.5205,0.0145,-0.4438,0.3041,0.0091,-0.0082,0.0071,-0.0307,-0.0406,0.3362,0.6081,0.0028,0.8146,0.8117,-0.287,0.01,0.0762,0.0187,0.0591,-0.077,0.0458,-0.0582,-0.9895,0.0325
241601,0.65,0.6824,0.0078,False,False,4.5744,0.249,-0.2018,1.5205,0.0145,-0.4438,0.3299,0.0003,-0.0005,0.0005,0.0001,-0.0383,0.3362,0.3164,-0.2064,0.8157,0.7926,-0.2682,0.01,0.0743,-0.0631,-0.0268,-0.0503,0.0421,-0.0627,-0.4754,0.0325
241701,0.65,0.9539,0.0,False,False,4.2112,0.0858,0.1375,1.3446,0.0138,-0.4042,0.2926,0.1392,-0.2934,0.1532,0.0009,-0.0977,0.2611,0.0263,-0.2677,0.8144,0.8055,-0.2681,0.01,0.0791,0.076,0.0675,0.0302,-0.0622,-0.0076,1.3142,0.0325
241801,0.65,1.227,-0.0413,False,False,3.6005,-0.5299,1.2937,0.0723,0.023,0.6782,0.3004,-0.0488,0.0777,0.031,0.1968,-0.3601,0.3126,-0.3613,-0.0813,0.8159,0.8029,-0.2444,0.01,0.076,-0.0148,0.0077,0.0554,-0.0024,-0.0095,1.3648,0.0325
241901,0.65,1.0518,-0.1925,False,False,3.3513,-0.7441,1.6649,-0.427,-0.9544,1.5598,0.2571,0.1959,-0.3888,0.4093,1.8408,0.1791,0.2579,-0.2484,0.1807,0.9291,0.7879,-0.2554,0.01,0.078,0.0531,-0.076,0.0731,0.0466,0.0124,-2.1394,0.0325
242001,0.65,0.9821,-0.0393,False,False,2.9775,-1.1978,2.2059,-1.4322,-1.7253,1.1412,0.2947,-0.0795,-0.0872,0.163,0.1144,0.1915,0.3682,-0.1677,0.4676,0.8104,0.7976,-0.2622,0.01,0.0684,-0.0514,-0.0739,0.0567,-0.0749,0.0448,0.4034,0.0325
242101,0.65,0.9726,-0.0598,False,False,2.4123,-1.4883,2.2458,-1.2244,-1.6624,0.1356,0.3591,0.1045,-0.0907,0.3736,0.2806,0.1205,0.0,-0.1638,0.5577,0.8541,0.7699,-0.2571,0.01,0.0757,-0.0264,-0.0723,0.0714,-0.023,0.0407,-0.9796,0.0325
242201,0.65,0.0701,0.0045,False,False,5.3437,0.249,-0.2018,1.5205,0.0145,-0.4438,0.2464,-0.0,0.0,-0.0,-0.0,0.0,0.3362,0.7516,0.2296,0.814,0.7699,-0.2571,0.01,0.073,0.0727,-0.069,-0.0273,-0.0219,-0.0199,3.1093,0.0325
242301,0.65,0.0666,0.0,False,False,5.5085,0.249,-0.2018,1.5205,0.0145,-0.4367,-0.168,0.0004,-0.0005,0.0005,0.0007,0.2007,0.4244,0.8076,0.3251,0.8294,0.7882,-0.1748,0.01,-0.0493,0.0322,0.0339,-0.0566,0.0007,0.0325,2.5438,0.0325
242401,0.65,0.0678,0.0,False,False,5.5075,0.249,-0.2018,1.5206,0.0144,-0.4542,0.0004,0.0,0.0022,-0.0337,-0.0311,-0.0359,0.4178,0.8074,0.3261,0.8294,0.7878,-0.1723,0.01,0.0232,0.049,-0.0503,0.0067,0.0067,0.0342,2.9304,0.0325
242501,0.65,0.061,0.0,False,False,5.5546,0.249,-0.2018,1.5206,0.0143,-0.462,0.0018,0.0038,-0.0073,0.0036,0.0096,-0.0018,0.4401,0.8173,0.3621,0.8306,0.7986,-0.1465,0.01,-0.0144,0.052,-0.0361,-0.068,0.0405,0.0272,3.1108,0.0325
242601,0.65,0.986,-0.0754,False,False,2.4044,-1.4796,2.2408,-1.2341,-1.688,0.1508,0.3729,-0.0876,-0.1289,0.4581,0.4606,0.0927,0.204,-0.1562,0.5589,0.8681,0.7859,-0.2717,0.01,0.0751,-0.0587,-0.0756,0.0753,0.0181,0.0302,2.8718,0.0325
242701,0.65,1.0028,-0.069,False,False,2.2241,-1.5336,2.2273,-1.312,-1.6579,0.0599,0.2924,-0.1857,0.0273,1.0658,-0.0835,0.268,0.2625,-0.1746,0.5997,0.8689,0.776,-0.2598,0.01,0.0535,-0.0712,-0.0653,0.0753,-0.0548,0.0582,2.5989,0.0325
242801,0.65,0.1043,0.0045,False,False,5.2993,0.249,-0.2018,1.5205,0.0145,-0.4438,0.2637,0.0026,-0.0053,0.0016,0.0051,0.0006,0.3362,0.7366,0.1967,0.814,0.776,-0.2598,0.01,0.0751,0.0692,-0.0663,-0.0623,0.0609,-0.0747,2.4192,0.0325
242901,0.65,0.2773,0.0052,False,False,5.0979,0.249,-0.2018,1.5205,0.0145,-0.4438,0.2818,0.0001,0.0002,-0.0066,-0.0082,-0.0227,0.3362,0.6513,0.0557,0.8144,0.774,-0.2469,0.01,0.0761,0.0496,0.0391,-0.0668,-0.0057,-0.0348,1.0505,0.0325
243001,0.65,0.0648,0.0,False,False,5.549,0.249,-0.2018,1.5205,0.0144,-0.4527,-0.002,0.0013,-0.0019,0.001,-0.0027,0.0292,0.4184,0.8156,0.3599,0.8292,0.7986,-0.1414,0.01,-0.0173,0.0511,-0.007,-0.0783,-0.033,0.0298,3.0672,0.0325
243101,0.65,0.0812,0.0,False,False,5.5257,0.249,-0.2018,1.5205,0.0145,-0.4381,0.0004,0.0,0.0,-0.0002,0.0006,-0.0031,0.4174,0.8111,0.3393,0.8292,0.7977,-0.1409,0.01,-0.009,-0.0114,-0.0686,-0.0675,-0.0225,0.0284,2.7681,0.0325
243201,0.65,0.0996,0.0,False,False,5.4921,0.249,-0.2018,1.5205,0.0144,-0.4525,-0.0012,0.0021,-0.0047,-0.0029,0.0038,-0.0191,0.3992,0.8039,0.3173,0.8281,0.7977,-0.1409,0.01,-0.025,-0.0086,-0.0164,-0.07,0.0151,0.0455,2.7277,0.0325
243301,0.65,0.1006,0.0,False,False,5.497,0.249,-0.2018,1.5205,0.0143,-0.4573,0.0017,-0.0,-0.0,0.0002,0.0008,0.0413,0.4157,0.8047,0.3204,0.8284,0.797,-0.1369,0.01,0.0101,0.0451,-0.0342,-0.0742,0.0154,-0.0653,2.9395,0.0325
243401,0.65,0.3058,0.0087,False,False,5.0501,0.249,-0.2018,1.5205,0.0145,-0.4438,0.3468,0.0039,-0.0073,0.0036,0.0002,-0.0256,0.3362,0.6269,0.0252,0.8143,0.7719,-0.2567,0.01,0.0784,-0.0416,0.0637,-0.0765,0.0338,-0.067,-2.0575,0.0325
243501,0.65,0.507,-0.0411,False,False,4.7991,0.2424,-0.1883,1.5136,0.0145,-0.4438,0.3368,-0.2726,0.5601,-0.2875,-0.0,-0.0,0.3362,0.4771,-0.1174,0.8157,0.804,-0.2807,0.01,0.079,-0.0696,0.0776,-0.0558,0.0029,0.0689,-1.6498,0.0325
243601,0.65,0.672,0.0071,False,False,4.5793,0.249,-0.2018,1.5205,0.0145,-0.4438,0.3199,0.0004,0.001,-0.0237,0.0066,0.0249,0.3362,0.3201,-0.2048,0.8157,0.8066,-0.292,0.01,0.0783,-0.0013,0.0685,-0.0741,0.0739,-0.0251,2.1756,0.0325
243701,0.65,0.9073,0.0,False,False,4.2772,-0.0081,0.337,1.2391,0.0133,-0.3651,0.335,-0.088,0.189,-0.1015,0.0041,-0.0243,0.1678,0.0826,-0.253,0.8141,0.8044,-0.2537,0.01,0.077,-0.0519,-0.0656,0.014,-0.0174,-0.0509,-2.9722,0.0325
243801,0.65,1.0444,0.0,False,False,4.0932,0.1228,0.0597,1.3852,0.0145,-0.4438,0.3026,-0.2804,0.5876,-0.3087,0.0071,-0.0243,0.3362,-0.0758,-0.2742,0.8184,0.8121,-0.2749,0.01,0.0731,-0.066,0.0721,-0.0506,0.0031,0.0796,-1.5039,0.0325
243901,0.65,1.131,0.0,False,False,3.8693,-0.1974,0.7521,1.0136,0.0119,0.381,0.2151,0.0885,-0.1919,0.021,-0.0639,0.0932,0.1715,-0.2138,-0.1951,0.8138,0.8049,-0.2542,0.01,0.0566,0.0096,-0.0325,-0.0172,-0.0698,0.0533,-1.5551,0.0325
244001,0.65,1.091,-0.0389,False,False,3.7949,-0.372,1.1588,0.7815,0.0119,0.2918,0.2632,0.1317,-0.3199,0.188,-0.0004,0.0068,0.3688,-0.2325,-0.1371,0.8072,0.7765,-0.2726,0.01,0.0784,0.0642,-0.012,-0.0145,-0.0318,0.0034,0.3339,0.0325
244101,0.65,1.1057,-0.1872,False,False,3.5519,-0.6096,1.3714,-0.1644,-0.9327,1.7479,0.2434,0.1993,-0.3823,0.2428,2.1615,0.0664,0.3088,-0.2464,0.0981,0.9426,0.8288,-0.2437,0.01,0.0755,0.0726,-0.0633,-0.03,0.0595,-0.0099,0.0982,0.0325
244201,0.65,0.1432,0.0,False,False,5.6436,0.249,-0.2018,1.5205,0.0145,-0.4442,-0.0003,-0.0,0.0,0.0007,0.0016,0.0244,0.3827,0.8279,0.4449,0.826,0.8288,-0.2437,0.01,0.0041,0.0445,-0.0751,-0.0681,0.0349,0.0377,3.0441,0.0325
244301,0.65,0.166,0.0,False,False,5.6814,0.249,-0.2018,1.5205,0.0145,-0.4379,0.0008,0.0066,-0.0106,0.0097,0.0033,-0.0145,0.4232,0.8341,0.4674,0.8294,0.8288,-0.2437,0.01,-0.0032,0.0643,-0.0774,-0.0601,-0.0062,0.0509,3.0617,0.0325
244401,0.65,0.1797,0.0,False,False,5.6968,0.249,-0.2018,1.5207,0.0146,-0.4566,0.0053,0.0,0.003,-0.0482,-0.0572,-0.1039,0.4243,0.8353,0.4814,0.8297,0.8288,-0.2437,0.01,0.0387,0.0444,-0.0778,0.0544,0.0431,0.0154,3.1132,0.0325
244501,0.65,0.142,0.0,False,False,5.6522,0.249,-0.2018,1.5206,0.014,-0.4171,0.0136,0.0,0.0002,-0.0032,-0.0013,-0.0572,0.4267,0.8317,0.4428,0.829,0.8288,-0.2437,0.01,-0.0316,0.063,-0.072,-0.0004,0.025,0.0337,3.0998,0.0325
244601,0.65,1.1903,-0.0528,False,False,3.5192,-0.4022,1.2328,0.7373,0.0136,0.4521,0.2847,0.1456,-0.3605,0.215,-0.0001,-0.0042,0.3048,-0.3671,-0.0461,0.8126,0.7763,-0.2659,0.01,0.0778,0.04,-0.052,-0.0027,0.0058,0.0679,3.0356,0.0325
244701,0.65,1.021,-0.1877,False,False,3.4347,-0.8022,1.8041,-0.4858,-0.9514,1.5303,0.2292,0.1836,-0.3599,0.4579,1.6937,-0.3126,0.3452,-0.1778,0.1681,0.9326,0.8253,-0.256,0.01,0.0761,0.0743,-0.0706,-0.028,-0.0095,-0.0589,0.2347,0.0325
244801,0.65,0.08,0.0,False,False,5.5474,0.249,-0.2018,1.5205,0.0144,-0.4473,0.0025,0.0001,-0.0001,-0.0008,0.0012,-0.0169,0.3887,0.8146,0.3642,0.8269,0.8253,-0.256,0.01,0.0302,0.0387,-0.0347,-0.0624,0.0461,0.0658,3.0817,0.0325
244901,0.65,0.1329,0.0,False,False,5.6255,0.249,-0.2018,1.5205,0.0145,-0.437,0.0015,0.0005,0.0024,0.0068,0.0097,-0.0117,0.4243,0.8283,0.4209,0.8294,0.8253,-0.256,0.01,-0.0093,0.0607,-0.0627,-0.0296,0.0642,0.0048,3.0371,0.0325
245001,0.65,0.1273,0.0,False,False,5.6188,0.249,-0.2018,1.5206,0.0142,-0.4241,-0.0008,0.0003,0.002,0.0027,-0.002,-0.025,0.4266,0.8276,0.4152,0.8291,0.8253,-0.256,0.01,-0.01,0.0613,-0.0545,0.0215,0.0128,-0.0149,3.1068,0.0325
245101,0.65,0.1553,0.0,False,False,5.6425,0.249,-0.2018,1.5205,0.0144,-0.4529,-0.0011,-0.0003,0.0003,-0.0035,-0.0029,0.015,0.3926,0.8275,0.4451,0.8258,0.8253,-0.256,0.01,-0.0279,0.0695,-0.0696,-0.0607,-0.0181,0.0791,2.895,0.0325
245201,0.65,1.037,-0.1545,False,False,3.3712,-0.7497,1.6879,-0.3176,-1.6851,1.6593,0.1537,0.172,-0.3147,0.6603,1.6254,0.0629,0.3564,-0.2247,0.3623,0.9912,0.7912,-0.2412,0.01,0.079,0.0642,-0.0741,0.041,0.0007,0.023,2.5162,0.0325
245301,0.65,1.0269,-0.0861,False,False,3.166,-0.8453,1.8932,-0.6757,-1.9945,1.569,-0.0035,0.124,-0.2818,0.8284,-0.0778,-0.2792,0.2036,-0.2015,0.507,0.9212,0.7897,-0.2772,0.01,0.0198,0.0668,-0.0781,-0.0231,-0.0655,-0.0611,2.0111,0.0325
245401,0.65,1.0067,-0.066,False,False,3.2113,-0.9763,2.0589,-1.2863,-1.8801,1.5221,0.2219,0.3875,-0.1968,0.309,0.1897,0.0937,0.3765,-0.1738,0.4576,0.7979,0.8182,-0.2631,0.01,0.0561,0.0432,-0.079,0.0792,0.0618,0.0634,-2.2811,0.0325
245501,0.65,0.9923,-0.0907,False,False,2.7076,-1.3686,2.269,-1.3063,-1.6202,0.379,0.3845,-0.1531,-0.1705,0.3351,0.5765,-0.1033,0.081,-0.1547,0.4958,0.8375,0.8199,-0.2344,0.01,0.079,-0.0644,-0.0765,0.0741,0.0591,0.0708,-0.2287,0.0325
245601,0.65,1.1668,-0.107,False,False,2.0681,-1.5746,2.1104,-1.7297,-1.6023,-0.0018,0.4287,-0.1765,0.4818,2.6089,0.175,-0.093,0.1525,-0.2728,0.792,0.8557,0.7891,-0.2371,0.01,0.0754,-0.0787,-0.0676,0.0101,0.0158,-0.0184,3.0396,0.0325
245701,0.65,0.1281,0.0055,False,False,5.3017,0.249,-0.2018,1.5206,0.0143,-0.4442,0.2364,0.0,-0.0,0.0,-0.0,0.0038,0.3358,0.7376,0.1982,0.8141,0.7891,-0.2371,0.01,0.0717,0.0729,-0.0543,-0.0709,0.0182,0.0471,2.9247,0.0325
245801,0.65,0.6174,0.0093,False,False,4.6983,0.249,-0.2018,1.5205,0.0145,-0.4438,0.3102,0.0038,-0.0004,0.0132,0.0076,0.0156,0.3362,0.4074,-0.1621,0.816,0.7919,-0.2296,0.01,0.0791,0.0271,0.0628,0.044,-0.074,-0.01,-0.7258,0.0325
245901,0.65,1.0374,0.0,False,False,3.9762,-0.1968,0.7508,1.014,0.0133,3.6184,0.0008,0.0003,-0.0002,0.0016,0.0002,0.0008,0.4664,-0.1161,-0.1793,0.8319,0.7989,-0.2424,0.01,-0.0042,-0.0293,-0.0359,0.0498,-0.0754,-0.078,2.901,0.0325
246001,0.65,1.3795,0.0,False,False,3.4287,0.1961,-0.0928,1.4644,0.0149,3.5669,-0.0444,-0.1408,0.294,-0.1917,-0.0162,-0.4333,0.3646,-0.5378,-0.0311,0.827,0.7989,-0.2424,0.01,-0.0302,-0.0423,0.057,-0.0324,-0.0011,-0.0593,0.595,0.0325
246101,0.65,1.5006,0.0,False,False,3.1289,0.249,-0.2018,1.52,0.0169,3.5217,0.0,0.0,0.0003,-0.0002,-0.0008,0.0035,0.2636,-0.693,0.1501,0.8206,0.7989,-0.2424,0.01,-0.0078,0.0235,0.08,0.0372,0.0573,0.0691,-0.7865,0.0325
246201,0.65,1.6203,0.0,False,False,2.6628,0.249,-0.2018,1.5199,0.0169,3.5218,-0.1872,0.0002,0.0314,0.0715,0.0842,-0.2992,0.2205,-0.8091,0.5046,0.8168,0.7989,-0.2424,0.01,-0.0498,0.0261,0.0799,0.0126,0.0713,-0.0466,-3.0018,0.0325
246301,0.65,1.6448,0.0,False,False,2.4281,0.249,-0.2019,1.5229,0.02,3.5125,-0.0015,0.0,0.0011,-0.0156,-0.017,0.05,0.2178,-0.7994,0.6951,0.8154,0.7989,-0.2424,0.01,0.0145,0.0349,0.0765,0.0751,0.079,-0.0762,-2.9032,0.0325
246401,0.65,0.7166,0.0,False,False,4.5129,0.0834,0.1424,1.3419,0.0145,-0.4438,0.2985,0.1768,-0.3715,0.1861,-0.0102,-0.0264,0.3362,0.2683,-0.2282,0.8165,0.7718,-0.2689,0.01,0.0781,0.0569,-0.0349,0.0794,0.0251,0.0558,-2.0195,0.0325
246501,0.65,0.969,0.0,False,False,4.1431,-0.0825,0.4979,1.1526,0.0132,-0.3583,0.3501,-0.1732,0.3778,-0.2046,0.0005,-0.0643,0.1489,-0.0212,-0.2485,0.8158,0.7758,-0.248,0.01,0.0777,-0.0644,0.0135,0.0747,0.0596,-0.072,-3.1116,0.0325
246601,0.65,1.4213,-0.0163,False,False,3.6834,-0.2099,0.782,0.9757,-3.132,2.5723,0.3384,0.0125,-0.0283,0.0164,-0.0022,-0.0111,0.6204,-0.5893,0.3518,0.8425,0.8294,-0.2677,0.01,0.0745,-0.0408,-0.0752,-0.0478,-0.0356,-0.0371,2.9303,0.0325
246701,0.65,1.5088,0.0,False,False,3.7112,0.249,-0.2012,1.5115,-3.1474,2.8877,-0.3396,0.0069,-0.0128,-0.0056,0.0045,-0.2184,-0.0,-0.6792,0.2886,0.814,0.8294,-0.2677,0.01,-0.0748,-0.0692,-0.0703,-0.079,0.0744,0.0692,-2.7105,0.0325
246801,0.65,1.5855,0.0,False,False,3.2872,0.249,-0.2007,1.5027,-3.1279,3.6031,0.0004,0.0013,0.0,0.0117,-0.008,0.0135,0.0,-0.7248,0.594,0.8243,0.8294,-0.2677,0.01,0.0002,-0.0675,-0.0759,-0.0791,0.0772,0.0744,-3.0393,0.0325
246901,0.65,1.5756,0.0,False,False,3.3825,0.249,-0.2009,1.5062,-3.1371,3.5911,-0.2445,-0.0,0.0,-0.0001,0.0001,-0.0001,-0.0,-0.727,0.5247,0.8226,0.8294,-0.2677,0.01,-0.0493,-0.0715,-0.0768,-0.0796,0.065,0.0787,-2.8053,0.0325
247001,0.65,1.5849,0.0,False,False,3.3053,0.249,-0.2009,1.5062,-3.1371,3.5911,-0.0005,0.0,-0.0,0.0003,-0.0009,-0.0048,-0.0,-0.7268,0.5808,0.8226,0.8294,-0.2677,0.01,-0.0295,-0.0397,-0.077,-0.075,0.0639,0.0766,-3.0875,0.0325
247101,0.65,1.3827,-0.0217,False,False,3.6444,-0.2057,0.7724,0.981,-3.132,2.5723,0.35,0.0287,-0.063,0.0406,-0.001,-0.0121,0.6204,-0.5978,0.3742,0.8425,0.7804,-0.2735,0.01,0.0746,-0.0366,-0.0791,0.042,0.044,-0.0572,3.1179,0.0325
247201,0.65,1.5153,0.0,False,False,3.2735,0.249,-0.2008,1.5051,-3.1381,3.1382,0.0068,0.0023,-0.0013,0.0066,-0.0009,-0.0061,0.1819,-0.7,0.5984,0.8179,0.7804,-0.2735,0.01,-0.0399,0.0719,-0.0654,0.0528,0.0376,0.0629,-2.7816,0.0325
247301,0.65,1.5195,0.0,False,False,3.2074,0.249,-0.2018,1.5213,-3.1539,3.4269,0.0062,0.0,-0.0002,0.0027,-0.0028,0.0388,0.1672,-0.6942,0.6424,0.8106,0.7804,-0.2735,0.01,-0.0444,0.079,-0.0629,0.0107,0.0784,0.0715,-2.6052,0.0325
247401,0.65,1.5463,0.0,False,False,3.1617,0.249,-0.2005,1.5002,-3.1258,3.5692,0.2072,0.0,0.0,-0.0001,0.0001,0.0037,0.0,-0.7111,0.6832,0.8232,0.7804,-0.2735,0.01,0.043,-0.0703,-0.0767,-0.0673,0.0712,0.0735,-2.9925,0.0325
247501,0.65,1.5509,0.0,False,False,3.0608,0.249,-0.2009,1.5062,-3.1371,3.5911,-0.2715,0.0007,-0.0005,-0.0121,0.0104,0.0112,0.0684,-0.694,0.7565,0.8208,0.7804,-0.2735,0.01,-0.0731,0.0794,-0.0653,0.0423,0.0421,0.0667,-2.8207,0.0325
247601,0.65,1.0715,0.0,False,False,3.9216,-0.3246,1.0451,0.8478,0.0119,0.298,0.2415,0.1485,-0.3512,0.2016,0.0059,-0.0038,0.2893,-0.1562,-0.1747,0.8088,0.8106,-0.2631,0.01,0.0741,0.0735,-0.0105,-0.0528,-0.0411,0.0361,-1.7679,0.0325
247701,0.65,1.0509,-0.0063,False,False,3.8608,-0.4152,1.2652,0.7186,0.0125,0.2917,0.3518,0.0887,-0.2159,0.0686,-0.0703,-0.7763,0.3302,-0.1608,-0.1319,0.809,0.7982,-0.2524,0.01,0.0783,-0.0075,-0.0506,0.0665,0.0011,0.0197,0.5561,0.0325
247801,0.65,1.1238,-0.0564,False,False,3.6877,-0.4283,1.2983,0.6979,0.0136,0.452,0.286,0.1662,-0.4198,0.2534,0.0007,0.0217,0.2933,-0.2463,-0.0911,0.8134,0.8083,-0.2533,0.01,0.079,0.0513,-0.0682,0.0798,0.0287,0.0591,2.7475,0.0325
247901,0.65,1.0971,-0.2022,False,False,3.5743,-0.5981,1.6003,0.2447,-0.0883,1.0367,0.2674,0.2369,-0.1225,0.8285,0.4039,-2.3398,0.0979,-0.247,-0.0209,0.8401,0.8031,-0.2568,0.01,0.0739,0.0519,-0.0389,0.0718,-0.0769,-0.0392,-2.9647,0.0325
248001,0.65,1.0851,-0.0917,False,False,3.3491,-0.7911,1.7828,-0.4416,-2.1762,1.7059,-0.0013,0.1661,-0.2999,0.7471,-0.1792,-0.0356,0.1288,-0.2587,0.5038,0.9508,0.7923,-0.2631,0.01,0.051,0.0533,-0.0777,0.0174,-0.0773,0.0285,-2.1178,0.0325
248101,0.65,1.0252,-0.0612,False,False,2.9865,-0.8324,1.8609,-0.6717,-1.9653,1.4769,0.0055,0.0802,-0.1846,0.5742,-0.1178,-0.0923,0.1739,-0.2161,0.5407,0.9191,0.7722,-0.2493,0.01,0.0316,0.0799,-0.0441,-0.0758,0.0067,-0.0233,0.236,0.0325
248201,0.65,1.5214,0.0,False,False,3.0286,0.2329,-0.1675,1.4837,-3.1229,2.83,0.0921,-0.1343,0.2763,-0.1422,0.0024,0.4741,0.2088,-0.6741,0.7714,0.8249,0.7722,-0.2493,0.01,0.031,-0.0749,-0.0754,-0.0426,0.0771,0.0778,0.463,0.0325
248301,0.65,1.5346,0.0,False,False,3.1252,0.249,-0.2006,1.5013,-3.1265,3.5844,-0.0007,0.0035,-0.0029,0.0173,-0.0034,0.0381,0.0066,-0.7065,0.7097,0.8235,0.7722,-0.2493,0.01,0.0034,0.0782,-0.0539,0.066,0.0126,0.0695,-2.9483,0.0325
248401,0.65,1.5346,0.0,False,False,3.1288,0.249,-0.2006,1.5021,-3.1296,3.5741,0.0018,-0.0004,0.0016,-0.0104,0.0206,0.0105,0.0041,-0.7073,0.707,0.8228,0.7722,-0.2493,0.01,0.0219,0.0779,-0.0778,0.066,0.0246,0.0721,-2.9689,0.0325
248501,0.65,1.5367,0.0,False,False,3.1314,0.249,-0.2008,1.5039,-3.131,3.5982,-0.0592,0.0001,-0.0039,0.1151,-0.2955,-0.504,0.0106,-0.7096,0.7066,0.8237,0.7722,-0.2493,0.01,-0.0412,0.0797,-0.0422,-0.0245,0.013,0.0724,-1.959,0.0325
248601,0.65,1.0925,-0.1484,False,False,3.0126,-0.8309,1.8641,-0.577,-2.0412,1.6648,-0.0814,0.1568,-0.3017,0.7431,-1.1646,0.0428,0.2345,-0.2184,0.5481,0.9391,0.831,-0.2665,0.01,-0.0461,0.0791,-0.0724,-0.0255,-0.0432,0.0171,0.6514,0.0325
248701,0.65,1.592,0.0,False,False,3.1414,0.249,-0.2005,1.5,-3.1272,3.5496,0.2666,0.0,0.0001,-0.0013,-0.0105,0.3633,0.053,-0.7055,0.6987,0.8214,0.831,-0.2665,0.01,0.0678,0.0774,-0.0759,0.0025,0.0236,0.0782,-2.1214,0.0325
248801,0.65,1.5959,0.0,False,False,3.1351,0.249,-0.2006,1.5007,-3.1226,3.6096,0.0004,0.0002,-0.0001,0.0023,-0.0077,-0.0499,0.0131,-0.7083,0.7033,0.8249,0.831,-0.2665,0.01,0.0237,0.0748,-0.0575,-0.0183,0.0347,0.0744,-2.3421,0.0325
248901,0.65,1.5944,0.0,False,False,3.126,0.249,-0.2005,1.5003,-3.1253,3.5746,-0.0022,0.0025,-0.0024,-0.006,0.002,0.0072,0.0173,-0.7052,0.7088,0.823,0.831,-0.2665,0.01,0.0359,0.0763,-0.0226,0.0737,0.0361,0.0715,-2.8245,0.0325
249001,0.65,1.5951,0.0,False,False,3.1284,0.249,-0.2005,1.5003,-3.1253,3.5745,-0.0022,-0.0004,0.0002,-0.0022,0.0046,0.0321,0.0014,-0.7064,0.7069,0.8234,0.831,-0.2665,0.01,0.0259,0.0789,-0.0243,-0.0145,0.0002,0.0786,-3.0897,0.0325
249101,0.65,1.1398,-0.1452,False,False,2.889,-0.7896,1.7791,-0.4654,-2.2684,1.7587,-0.0539,0.2103,-0.3576,0.9894,-0.7458,-0.0185,0.1259,-0.259,0.6468,0.9365,0.8064,-0.2807,0.01,-0.0171,0.0793,-0.0742,0.0024,0.0587,0.0168,-1.9089,0.0325
249201,0.65,1.5549,0.0,False,False,2.9272,0.249,-0.2012,1.5105,-3.1397,3.4191,-0.0008,-0.0001,0.0009,-0.0137,0.0069,-0.0063,0.1453,-0.6428,0.8324,0.8136,0.8064,-0.2807,0.01,0.0027,0.076,-0.0276,0.0679,-0.0132,0.0761,-3.1052,0.0325
249301,0.65,1.5741,0.0,False,False,2.9723,0.249,-0.2005,1.4999,-3.1274,3.5517,-0.0019,0.0,-0.0023,0.0281,-0.0368,-0.0129,0.0473,-0.67,0.8142,0.821,0.8064,-0.2807,0.01,-0.0094,0.0712,-0.0206,0.0313,0.0174,0.0663,-1.7101,0.0325
249401,0.65,1.5754,0.0,False,False,2.9754,0.249,-0.2005,1.4999,-3.1273,3.5503,0.0011,0.0005,-0.0008,-0.0004,-0.0018,0.0274,0.0189,-0.6723,0.8119,0.8217,0.8064,-0.2807,0.01,0.0228,0.0766,-0.0275,0.0775,0.0666,0.0427,-3.0678,0.0325
249501,0.65,1.5799,0.0,False,False,2.9179,0.249,-0.2009,1.5065,-3.1374,3.5911,0.0004,0.0003,0.0002,0.0008,0.0021,0.0063,-0.0,-0.6613,0.8531,0.8226,0.8064,-0.2807,0.01,-0.0202,0.0788,0.0618,0.0336,0.0655,0.0671,-3.1259,0.0325
249601,0.65,1.0543,-0.1082,False,False,3.0379,-0.836,1.8694,-0.6903,-1.9393,1.7543,-0.0259,0.1145,-0.2696,0.7844,-0.3855,0.2636,0.2066,-0.2102,0.5173,0.9111,0.8068,-0.2832,0.01,-0.0432,0.0771,-0.0711,-0.0305,0.0615,0.048,-2.4326,0.0325
249701,0.65,1.2731,0.0,False,False,4.0779,-0.3067,1.0047,0.8501,-3.1298,3.0997,-0.0018,0.0016,-0.0031,-0.0057,-0.0034,-0.0214,0.1426,-0.4612,0.1567,0.82,0.8068,-0.2832,0.01,0.005,0.0441,0.0713,0.038,0.0332,0.0673,-2.1853,0.0325
249801,0.65,1.2291,0.0,False,False,4.2138,-0.2849,0.9532,0.8871,-3.1407,3.1546,-0.0104,-0.1247,0.3194,0.1578,-0.2662,2.2,0.1386,-0.4091,0.0893,0.8172,0.8068,-0.2832,0.01,-0.0091,-0.0325,0.0731,-0.0509,0.0303,-0.0062,-2.3615,0.0325
249901,0.65,1.5576,0.0,False,False,2.9113,0.249,-0.2018,1.5213,-3.1539,3.4275,-0.0039,0.0002,-0.0046,0.0665,-0.0866,0.0748,0.1017,-0.6408,0.8414,0.8117,0.8068,-0.2832,0.01,0.0092,0.0458,0.0024,-0.0643,-0.058,0.0618,-2.7489,0.0325
250001,0.65,1.5432,0.0,False,False,2.7269,0.249,-0.201,1.5072,-3.1334,3.4285,0.0008,-0.0002,0.0001,0.0022,-0.0136,-0.0022,0.088,-0.5746,0.9544,0.8149,0.8068,-0.2832,0.01,0.0049,0.059,0.0354,0.0353,0.0517,0.051,-2.9399,0.0325
250101,0.65,1.1337,-0.2505,False,False,2.9468,-0.7614,1.7401,-0.284,-2.2477,1.9894,-0.2932,0.2514,-0.3026,0.908,-2.1724,0.2565,0.4169,-0.2696,0.6161,0.9706,0.7948,-0.2797,0.01,-0.0666,0.076,-0.0753,0.0193,-0.0632,0.0673,2.3167,0.0325
250201,0.65,1.2774,0.0,False,False,4.1237,-0.2504,0.8738,0.9272,-3.1352,2.6802,-0.1485,0.0765,-0.1749,0.09,0.0096,-0.0565,0.2509,-0.4722,0.1109,0.82,0.7948,-0.2797,0.01,-0.0573,0.0785,0.0673,0.0574,-0.0435,-0.0782,-0.7751,0.0325
250301,0.65,1.5502,0.0,False,False,3.2138,0.249,-0.2027,1.5356,-3.1753,3.0477,-0.2913,0.0013,-0.0009,0.0013,-0.0016,-0.0355,0.0965,-0.7097,0.6431,0.8117,0.7948,-0.2797,0.01,-0.0738,0.013,0.0513,-0.0688,-0.0621,0.004,-2.848,0.0325
250401,0.65,1.5442,0.0,False,False,2.8389,0.249,-0.2012,1.5101,-3.1388,3.4494,0.0039,-0.0001,0.0037,-0.0575,0.0754,0.0457,0.0925,-0.6195,0.8895,0.8147,0.7948,-0.2797,0.01,-0.0363,0.0728,-0.0384,0.057,0.0305,-0.0265,-2.5957,0.0325
250501,0.65,1.5331,0.0,False,False,2.7585,0.249,-0.2015,1.5154,-3.1461,3.423,-0.035,0.0,-0.0084,0.1311,-0.1787,-0.2567,0.1102,-0.5862,0.9357,0.8123,0.7948,-0.2797,0.01,-0.0404,0.0751,0.038,0.0694,0.0588,0.0141,-2.4046,0.0325
250601,0.65,1.2707,-0.143,False,False,2.8101,-0.6287,1.5533,0.1582,-2.65,2.1433,0.0295,0.1974,-0.203,0.4265,-1.3533,0.0041,0.3138,-0.3562,0.7733,0.9565,0.8047,-0.2659,0.01,0.0321,0.0508,-0.0491,-0.0593,-0.0147,0.0784,3.1369,0.0325
250701,0.65,1.5503,0.0,False,False,3.0993,0.249,-0.2015,1.515,-3.1512,3.2323,-0.2478,0.0,0.0,-0.0,0.0,-0.0,0.1186,-0.6833,0.7186,0.8143,0.8047,-0.2659,0.01,-0.0646,0.0654,-0.0064,-0.0141,-0.0297,0.067,-1.3597,0.0325
250801,0.65,1.5689,0.0,False,False,3.0072,0.249,-0.2005,1.5001,-3.1273,3.5444,0.0034,0.0,-0.0003,0.0053,-0.0072,0.0114,0.015,-0.68,0.79,0.8215,0.8047,-0.2659,0.01,-0.0372,0.0758,-0.0244,0.046,0.0534,0.0314,-3.0293,0.0325
250901,0.65,1.5729,-0.0027,False,False,2.9524,0.249,-0.2009,1.5062,-3.1371,3.5911,-0.0014,0.0004,0.002,-0.0337,0.0079,-0.0309,0.0241,-0.67,0.8302,0.822,0.8047,-0.2659,0.01,0.0018,0.0703,0.0288,0.0751,-0.0318,0.0575,-3.0845,0.0325
251001,0.65,1.5691,0.0,False,False,2.8557,0.249,-0.2009,1.5063,-3.1372,3.5911,-0.0018,-0.0001,-0.0005,0.0034,-0.0086,-0.0387,0.0061,-0.6408,0.8936,0.8224,0.8047,-0.2659,0.01,-0.0055,0.0545,-0.0157,0.07,0.0386,0.0371,-2.9752,0.0325
251101,0.65,1.0163,-0.0705,False,False,3.188,-0.862,1.9423,-0.9055,-1.9021,1.5343,-0.0082,0.0606,-0.2175,0.7268,0.0611,0.1867,0.399,-0.178,0.4661,0.8685,0.8161,-0.28,0.01,0.0481,0.0787,-0.0782,0.0365,-0.0024,0.0453,2.8208,0.0325
251201,0.65,1.0438,-0.0689,False,False,2.7367,-1.1044,2.1422,-1.3699,-1.6851,1.392,0.2191,0.4116,-0.1964,0.2415,-0.0535,0.3188,0.3842,-0.1995,0.4966,0.8051,0.8214,-0.2704,0.01,0.0656,0.0497,-0.0761,0.0745,0.0389,-0.0364,-2.4343,0.0325
251301,0.65,1.4131,0.0,False,False,3.7678,-0.2123,0.7873,0.9741,-3.1229,2.8015,0.0806,0.0394,-0.0821,0.0598,-0.0004,-0.7167,0.2379,-0.5911,0.297,0.8275,0.8214,-0.2704,0.01,0.0383,0.0276,0.0735,0.0547,-0.022,0.0523,-0.4142,0.0325
251401,0.65,1.454,0.0,False,False,3.8004,-0.06,0.4503,1.1578,-3.1298,2.6703,0.2794,0.0033,-0.0072,0.0035,-0.0024,-0.0299,0.2386,-0.6319,0.2487,0.8213,0.8214,-0.2704,0.01,0.0621,0.0221,0.0664,-0.072,-0.0446,-0.0363,-3.0622,0.0325
251501,0.65,1.5829,0.0,False,False,3.1166,0.249,-0.2005,1.5,-3.1267,3.5275,0.2543,0.0,0.0001,-0.0012,-0.0087,0.3836,0.0274,-0.7005,0.714,0.8209,0.8214,-0.2704,0.01,0.0655,0.0503,-0.0252,-0.0786,-0.0397,0.0729,-3.0099,0.0325
251601,0.65,1.5908,0.0,False,False,2.9732,0.249,-0.2009,1.5063,-3.1372,3.5911,0.0064,0.0004,0.0012,-0.0327,0.0426,-0.0249,0.0213,-0.6759,0.8162,0.822,0.8214,-0.2704,0.01,-0.028,0.0765,0.0043,0.0765,0.0358,0.0539,-2.6473,0.0325
251701,0.65,1.0047,-0.129,False,False,2.8212,-1.1638,2.145,-1.4533,-1.8734,1.2356,0.295,0.1656,-0.1125,0.1434,-0.2511,1.6434,0.5057,-0.2051,0.5257,0.8073,0.7743,-0.248,0.01,0.0783,-0.0048,-0.0774,-0.0713,0.0185,-0.0626,-2.5676,0.0325
251801,0.65,1.2645,0.0,False,False,4.0526,-0.2508,0.8741,0.9359,-3.1454,2.6632,-0.1996,-0.0786,0.1493,0.2982,-0.461,1.3777,0.3866,-0.4814,0.1587,0.8301,0.7743,-0.248,0.01,-0.0363,-0.0722,-0.0429,-0.0516,-0.0738,-0.0527,2.5314,0.0325
251901,0.65,1.4982,0.0,False,False,3.3801,0.249,-0.2016,1.5175,-3.1539,3.2269,0.0007,-0.0003,0.0023,-0.0354,0.0321,0.0261,0.0913,-0.7073,0.5227,0.8143,0.7743,-0.248,0.01,-0.0172,0.0785,0.071,0.0613,-0.0389,0.0577,-2.4354,0.0325
252001,0.65,1.5163,0.0,False,False,3.1305,0.249,-0.2009,1.5068,-3.1343,3.452,-0.0006,0.0026,-0.0048,0.0018,0.0025,0.0083,0.1161,-0.6893,0.6974,0.8149,0.7743,-0.248,0.01,-0.0031,0.0781,0.0369,0.063,0.0481,0.0249,-2.6885,0.0325
252101,0.65,1.5252,0.0,False,False,3.0949,0.249,-0.2009,1.5058,-3.1333,3.4899,0.0006,0.0025,-0.0006,-0.0595,0.0639,-0.0699,0.0793,-0.6904,0.7262,0.8172,0.7743,-0.248,0.01,0.0151,0.0783,0.0472,0.0606,-0.0163,0.0569,-1.8018,0.0325
252201,0.65,0.9924,-0.1278,False,False,2.8486,-1.1939,2.2526,-1.3719,-1.8715,0.8712,0.3364,0.2757,-0.1433,0.0638,0.2378,1.5028,0.2346,-0.137,0.5329,0.823,0.8282,-0.2458,0.01,0.0789,0.0097,-0.0734,0.079,-0.0467,0.0782,-2.2494,0.0325
252301,0.65,1.4874,0.0,False,False,3.0865,-0.1146,0.568,1.1148,0.0121,3.6891,-0.2106,0.0859,-0.1878,0.103,-0.0008,0.0144,0.6998,-0.6537,0.1862,0.8415,0.8282,-0.2458,0.01,-0.0597,0.0674,0.0687,-0.0747,-0.0542,-0.0199,2.108,0.0325
252401,0.65,1.6464,0.0002,False,False,2.0832,0.249,-0.2018,1.52,0.0169,3.5218,-0.0043,-0.0002,0.0001,0.0004,0.0028,-0.0248,0.3367,-0.6887,0.9435,0.8235,0.8282,-0.2458,0.01,0.0063,0.0732,0.0487,0.0779,0.0791,-0.0399,2.6531,0.0325
252501,0.65,1.6288,0.0,False,False,1.9388,0.249,-0.2018,1.52,0.0169,3.5218,0.0006,0.0003,0.0002,-0.0004,-0.0022,0.0012,0.2786,-0.6241,1.041,0.8227,0.8282,-0.2458,0.01,-0.0083,0.0765,0.0687,0.0799,0.0721,0.0569,-0.9747,0.0325
252601,0.65,1.5916,0.0,False,False,1.6862,0.249,-0.1971,1.5354,0.0183,3.4993,0.0015,0.0007,0.0002,0.0143,0.0086,-0.0163,0.2211,-0.4906,1.1949,0.8165,0.8282,-0.2458,0.01,-0.0163,0.0755,0.0536,0.08,0.0727,0.0729,-0.9687,0.0325
252701,0.65,0.9841,-0.1113,False,False,2.7921,-1.1485,2.1937,-1.3578,-1.6847,1.0427,0.3358,0.224,-0.1074,-0.0321,0.3182,1.1873,0.2661,-0.169,0.4907,0.8181,0.7982,-0.2388,0.01,0.0777,0.0045,-0.0606,0.0729,0.0178,0.068,1.0752,0.0325
252801,0.65,1.1859,-0.0857,False,False,2.072,-1.5715,2.1107,-1.7489,-1.6334,-0.0059,0.44,-0.1523,0.4778,2.436,-0.0374,-0.1354,0.1582,-0.2675,0.7978,0.8572,0.789,-0.2867,0.01,0.0798,-0.0735,-0.0696,-0.0376,-0.0467,-0.025,2.0936,0.0325
252901,0.65,1.5517,0.0,False,False,2.8219,0.1428,0.0179,1.4076,0.0121,3.6892,-0.2996,-0.033,0.069,-0.0359,-0.0,0.0001,0.7,-0.7574,0.3802,0.8415,0.789,-0.2867,0.01,-0.0778,0.0184,0.0794,-0.0521,0.0538,-0.0418,2.7737,0.0325
253001,0.65,1.4325,0.0,False,False,1.2151,0.249,-0.1971,1.5348,0.0135,4.116,0.0003,-0.0002,0.0004,-0.0095,-0.0087,-0.0418,0.2491,-0.1418,1.3517,0.8178,0.789,-0.2867,0.01,-0.0729,0.0783,0.045,0.08,0.0722,0.0724,2.5136,0.0325
253101,0.65,1.4404,0.0,False,False,1.2151,0.249,-0.1971,1.5348,0.0135,4.116,0.0001,0.0001,0.0001,0.0031,0.0034,-0.0092,0.1419,-0.1402,1.3638,0.7997,0.789,-0.2867,0.01,-0.0497,0.0783,0.0527,0.0799,-0.002,0.0746,1.375,0.0325
253201,0.65,1.4402,0.0,False,False,1.2151,0.249,-0.1971,1.5348,0.0135,4.116,-0.0003,0.0001,-0.0003,-0.0037,-0.0033,0.0449,0.1843,-0.1416,1.3624,0.8024,0.789,-0.2867,0.01,-0.0621,0.0797,0.0707,0.0776,-0.0589,0.077,1.8929,0.0325
253301,0.65,1.2125,-0.0958,False,False,2.0704,-1.5739,2.1083,-1.7224,-1.6264,-0.0123,0.4357,-0.173,0.4544,2.7537,-0.015,-0.169,0.1644,-0.2681,0.7955,0.8573,0.8245,-0.2758,0.01,0.0781,-0.0779,-0.0709,0.0229,-0.0342,-0.0369,2.7995,0.0325
253401,0.65,0.7228,0.0101,False,False,4.5437,0.249,-0.2018,1.5205,0.0145,-0.4438,0.3569,0.0004,-0.0005,0.0011,0.0003,-0.003,0.3362,0.2932,-0.2152,0.8154,0.8245,-0.2758,0.01,0.0788,-0.0666,-0.0606,0.0632,0.0167,0.0706,-0.2606,0.0325
253501,0.65,1.455,0.0,False,False,3.0986,-0.1423,0.6292,1.081,0.0137,3.6043,0.0956,0.1153,-0.2551,0.1402,-0.0001,0.0002,0.4,-0.6582,0.1696,0.8283,0.7899,-0.2444,0.01,0.0401,0.0649,0.0712,-0.0785,0.0207,0.0081,2.4218,0.0325
253601,0.65,0.2636,0.0108,False,False,5.1363,0.249,-0.2018,1.521,0.0122,2.6909,0.3631,0.0006,-0.0009,0.0006,0.0003,-0.0034,0.0315,0.6725,0.0714,0.8199,0.7899,-0.2444,0.01,0.0795,-0.0674,-0.0306,-0.0069,0.0498,-0.016,-2.2372,0.0325
253701,0.65,0.9024,0.0063,False,False,4.2584,0.249,-0.2018,1.521,0.0122,2.6909,0.316,-0.0,-0.0,0.0,-0.0,-0.005,0.2025,0.0667,-0.2654,0.8154,0.7949,-0.283,0.01,0.0748,-0.0199,-0.0316,0.0457,0.064,0.03,0.9681,0.0325
253801,0.65,1.1945,0.0,False,False,3.8204,0.1543,-0.0061,1.4199,0.0127,2.8572,0.2794,0.1156,-0.2384,0.1165,-0.0159,-0.0535,0.3188,-0.2768,-0.1931,0.8078,0.8154,-0.2598,0.01,0.0748,0.0735,0.0759,0.0023,0.0766,0.0477,-0.6653,0.0325
253901,0.65,1.4632,-0.0407,False,False,3.0962,-0.2661,0.9086,0.9257,0.0122,3.1736,0.2734,0.2513,-0.5778,0.3337,-0.0112,0.7997,0.188,-0.6303,0.1706,0.816,0.8273,-0.2535,0.01,0.0694,0.0732,-0.076,-0.0756,0.0796,-0.0763,-0.6485,0.0325
254001,0.65,0.0953,0.0,False,False,5.3802,0.249,-0.2018,1.5208,0.0134,3.1068,0.3355,0.0,0.0007,-0.0121,0.0524,-3.0745,0.2265,0.7407,0.265,0.8145,0.8273,-0.2535,0.01,0.0775,0.079,-0.01,0.0157,0.0662,0.0791,-1.1978,0.0325
254101,0.65,0.1177,0.0,False,False,5.3386,0.249,-0.2027,1.5346,0.0314,2.9893,0.3348,-0.0002,-0.0299,0.4874,0.5472,-2.285,0.1657,0.7311,0.2315,0.8096,0.8273,-0.2535,0.01,0.0772,0.0789,-0.0548,0.0618,0.0753,0.0748,-2.157,0.0325
254201,0.65,0.2124,0.0,False,False,5.2107,0.249,-0.2027,1.535,0.0305,2.8816,0.2272,0.0,0.0071,-0.1141,-0.1508,-0.3021,0.2076,0.6826,0.142,0.8075,0.8273,-0.2535,0.01,0.0573,-0.0338,-0.0527,-0.0016,0.0332,0.0773,-0.0406,0.0325
254301,0.65,0.2414,0.0,False,False,5.1775,0.249,-0.2018,1.521,0.0123,3.1731,-0.1753,0.0026,-0.0015,0.0067,-0.0074,0.2736,0.1037,0.6708,0.1146,0.8161,0.8273,-0.2535,0.01,-0.05,-0.0342,-0.0234,-0.069,0.0559,0.0361,-2.5647,0.0325
254401,0.65,1.436,-0.0417,False,False,2.9992,-0.4672,1.3815,0.8292,-1.3282,1.6906,0.0325,0.014,-0.0317,0.0594,0.2585,-0.4179,0.0997,-0.5879,0.4203,1.0962,0.8065,-0.2845,0.01,0.0288,-0.02,-0.0358,0.0729,-0.0113,-0.0769,-2.6266,0.0325
254501,0.65,1.0138,-0.0811,False,False,2.7789,-0.9798,2.0903,-1.3342,-1.7914,1.3442,0.2037,0.3635,-0.2457,0.2886,-0.1894,0.3978,0.7,-0.2001,0.495,0.7978,0.7955,-0.2462,0.01,0.0559,0.0501,-0.0554,-0.0795,0.0581,0.0182,3.1096,0.0325
254601,0.65,0.1647,0.0074,False,False,5.2499,0.249,-0.2018,1.5205,0.0145,-0.4438,0.287,0.0,-0.0,-0.0008,-0.001,-0.0003,0.3362,0.7185,0.1603,0.8142,0.7955,-0.2462,0.01,0.0789,0.0543,-0.0738,-0.0652,0.0177,0.0625,2.2195,0.0325
254701,0.65,0.9175,0.0,False,False,4.2698,0.2388,-0.1808,1.5098,0.0145,-0.4438,0.3392,-0.1828,0.3838,-0.1959,0.0042,-0.0022,0.3362,0.0726,-0.2704,0.8175,0.7989,-0.2604,0.01,0.0776,-0.0796,-0.0363,-0.014,-0.0664,0.0569,0.9627,0.0325
254801,0.65,1.3808,0.0,False,False,3.401,0.2033,-0.1078,1.4726,0.0127,2.8572,0.2159,-0.0539,0.1113,-0.0575,0.0,-0.0006,0.238,-0.5588,-0.0169,0.8092,0.7922,-0.282,0.01,0.0558,0.0099,0.0777,-0.0132,0.0421,0.048,-1.5558,0.0325
254901,0.65,1.2928,-0.1116,False,False,3.0288,-0.5861,1.4641,0.3277,-1.2222,2.2565,0.0145,0.2073,-0.2434,0.6746,0.0722,0.2848,0.1625,-0.4357,0.3587,1.0699,0.823,-0.2839,0.01,-0.0068,0.0453,-0.0732,0.0655,-0.0158,0.0395,-2.5624,0.0325
255001,0.65,0.1242,0.0108,False,False,5.2872,0.249,-0.2018,1.521,0.0122,2.6909,0.3676,0.0,0.0022,0.0067,-0.0001,-0.0208,0.1244,0.735,0.1827,0.8175,0.823,-0.2839,0.01,0.0799,-0.0764,-0.0717,0.0793,0.019,0.0319,0.3311,0.0325
255101,0.65,0.1308,0.0,False,False,5.2915,0.249,-0.2018,1.5203,0.0155,3.056,-0.1797,0.0002,-0.0002,0.0003,0.0013,-0.0058,0.2359,0.7119,0.2008,0.8128,0.823,-0.2839,0.01,-0.0499,0.0266,0.0085,-0.0488,-0.0287,0.0593,0.0953,0.0325
255201,0.65,0.1254,0.0,False,False,5.537,0.249,-0.2018,1.521,0.0122,2.6909,0.2691,0.0,-0.0,0.0,-0.0,-0.0064,0.3977,0.7919,0.3859,0.8102,0.823,-0.2839,0.01,0.067,-0.0315,-0.0773,0.0594,0.0358,0.0743,3.1327,0.0325
255301,0.65,0.0929,0.0,False,False,5.4739,0.249,-0.2018,1.5208,0.0133,2.8302,-0.1413,0.0,-0.0,0.0,0.0,0.0,0.3418,0.7666,0.3375,0.8084,0.823,-0.2839,0.01,-0.0528,0.0726,0.0123,-0.0093,-0.049,0.0224,0.57,0.0325
255401,0.65,1.2733,-0.1245,False,False,2.8696,-0.6101,1.5168,0.2943,-1.6808,2.0011,-0.0633,0.1952,-0.2179,0.6994,-0.5176,0.1067,0.1283,-0.4103,0.5422,1.0913,0.7944,-0.2891,0.01,-0.0322,0.0784,-0.0136,-0.0566,0.0103,0.0209,-1.0396,0.0325
255501,0.65,1.0159,-0.0558,False,False,2.2917,-1.5177,2.2293,-1.2636,-1.6238,0.1548,0.3895,0.0568,-0.0711,0.567,0.2051,0.0939,0.3295,-0.1735,0.5662,0.885,0.8075,-0.2303,0.01,0.0788,-0.0326,-0.0783,0.0615,-0.0314,0.034,2.7021,0.0325
255601,0.65,0.7799,0.0062,False,False,4.4987,0.249,-0.2018,1.521,0.0122,2.6909,0.3133,0.008,-0.0082,-0.0029,-0.0029,0.003,0.0899,0.2569,-0.2319,0.8183,0.8075,-0.2303,0.01,0.0793,0.0166,-0.0567,-0.0158,0.0074,0.0503,-0.8583,0.0325
255701,0.65,1.4048,0.0,False,False,3.3836,0.2363,-0.1758,1.5077,0.0122,2.9137,-0.0051,-0.0062,0.0127,-0.0067,0.0007,0.1045,0.2213,-0.5668,-0.007,0.8107,0.809,-0.274,0.01,-0.009,0.0367,0.0796,-0.0172,-0.0502,-0.0542,-1.0152,0.0325
255801,0.65,1.0763,-0.1278,False,False,2.992,-0.8081,1.8218,-0.4346,-1.9605,2.0538,0.0585,0.1549,-0.3069,0.8499,0.5826,0.2976,0.3586,-0.2262,0.5289,0.9646,0.8098,-0.2549,0.01,0.0584,0.0769,-0.0759,0.035,0.0151,0.0776,1.6122,0.0325
255901,0.65,1.3097,0.0,False,False,3.5776,-0.4995,1.4869,0.561,-3.1276,2.6997,0.3298,-0.0663,0.1794,-0.1002,0.0895,1.276,0.3409,-0.4858,0.4828,0.8296,0.8098,-0.2549,0.01,0.0737,-0.0271,0.0423,0.0548,-0.0624,0.0263,-2.3018,0.0325
256001,0.65,1.2741,0.0,False,False,3.8782,-0.4325,1.3109,0.6694,-3.1315,2.6015,-0.0102,0.0004,-0.0011,-0.0008,-0.0111,0.0321,0.5206,-0.4633,0.3133,0.8386,0.8098,-0.2549,0.01,0.0484,0.0583,0.0651,-0.0188,-0.0473,-0.0322,2.4289,0.0325
256101,0.65,1.2616,0.0,False,False,3.9507,-0.4101,1.2546,0.7033,-3.1319,2.5742,0.0465,-0.0066,0.0213,-0.0071,-0.0169,0.2543,0.6144,-0.4505,0.272,0.8422,0.8098,-0.2549,0.01,0.0385,0.0083,0.0704,0.0726,-0.0679,-0.0333,2.3371,0.0325
256201,0.65,1.2616,0.0,False,False,3.9584,-0.4049,1.2417,0.711,-3.132,2.5736,-0.0026,0.0018,-0.0036,0.0031,-0.0059,-0.0037,0.6165,-0.4504,0.2663,0.8423,0.8098,-0.2549,0.01,0.0394,0.0405,0.0482,0.0652,-0.0184,-0.0646,-0.467,0.0325
256301,0.65,1.0203,-0.0769,False,False,3.245,-0.8637,1.9434,-0.8643,-2.0737,1.6682,0.1008,0.0837,-0.2271,0.4779,-0.2857,-0.1663,0.3462,-0.1895,0.5025,0.8734,0.8048,-0.2603,0.01,0.0721,0.0778,-0.067,0.0306,-0.0366,0.0001,1.322,0.0325
256401,0.65,0.9816,-0.0471,False,False,2.8141,-1.0915,2.1779,-1.4248,-1.791,1.2542,0.2865,0.0094,-0.091,0.191,0.0463,-0.3839,0.6318,-0.1817,0.4877,0.8022,0.7781,-0.2679,0.01,0.0704,-0.0327,-0.0677,0.0713,-0.0205,0.0009,2.92,0.0325
256501,0.65,1.1253,-0.0008,False,False,3.912,0.2478,-0.1995,1.5198,0.0122,2.691,0.3557,-0.2201,0.4518,-0.2317,-0.0,-0.0041,0.1298,-0.2173,-0.2422,0.8173,0.7781,-0.2679,0.01,0.0773,-0.0761,0.0122,-0.0154,-0.0106,-0.0684,-1.0187,0.0325
256601,0.65,1.0564,0.0,False,False,3.9069,-0.2435,0.8566,0.9544,0.0154,3.0566,0.2041,0.0722,-0.1651,0.0927,0.0008,-0.0205,0.2859,-0.1576,-0.1631,0.8124,0.7894,-0.2455,0.01,0.0583,0.0134,0.004,-0.017,0.077,0.0365,-0.777,0.0325
256701,0.65,1.3398,0.0,False,False,3.4458,-0.2128,0.787,0.9934,0.0151,3.5616,0.0005,-0.0038,0.0089,-0.0047,-0.0039,0.0279,0.3534,-0.4688,-0.0221,0.8265,0.8331,-0.2578,0.01,-0.0122,-0.017,-0.0505,-0.0706,-0.0158,-0.0709,-0.9377,0.0325
256801,0.65,1.4276,0.0,False,False,3.3852,-0.0554,0.4389,1.1836,0.0168,3.5211,0.0004,0.0286,-0.0582,0.0434,0.004,0.0267,0.2196,-0.5609,-0.0146,0.8173,0.8331,-0.2578,0.01,0.0072,-0.061,0.0163,0.0514,0.0676,0.0382,-2.5728,0.0325
256901,0.65,0.0966,-0.0022,False,False,5.5247,0.249,-0.2018,1.521,0.0122,2.691,0.0011,0.0001,0.0,0.0004,0.0003,0.0036,0.3989,0.7897,0.3761,0.8101,0.8331,-0.2578,0.01,0.0082,-0.04,-0.0684,0.0606,-0.0139,0.0751,3.1357,0.0325
257001,0.65,0.1728,0.0,False,False,5.2641,0.249,-0.2018,1.5203,0.0154,3.0581,-0.0037,0.0002,0.0012,0.0057,-0.0032,0.0795,0.0859,0.7102,0.1731,0.8138,0.8331,-0.2578,0.01,0.0142,-0.0335,-0.0258,-0.035,-0.0435,0.0788,-2.5024,0.0325
257101,0.65,0.1879,0.0,False,False,5.2448,0.249,-0.2018,1.5203,0.0153,3.0613,0.0008,-0.0001,0.0002,-0.0011,-0.0015,0.0348,0.1499,0.6974,0.1644,0.8133,0.8331,-0.2578,0.01,0.0098,0.0009,0.0061,-0.005,-0.0207,0.0605,-0.9973,0.0325
257201,0.65,1.1665,0.0,False,False,3.7481,-0.1467,0.6388,1.0763,0.0113,3.1735,0.0469,0.1653,-0.3663,0.2017,-0.006,0.5048,0.4093,-0.2903,-0.1432,0.817,0.7826,-0.2362,0.01,0.0258,0.0616,-0.0467,0.0429,0.0019,-0.0297,2.1868,0.0325
257301,0.65,1.1764,-0.0361,False,False,3.466,-0.4181,1.2717,0.7214,0.0234,2.8215,0.3459,0.1045,-0.262,0.1629,0.0059,0.0155,0.4217,-0.3654,-0.0048,0.8058,0.7765,-0.2725,0.01,0.0756,-0.0175,-0.0734,0.0151,-0.0239,-0.0632,2.8833,0.0325
257401,0.65,1.0795,-0.1034,False,False,3.2407,-0.7928,1.7756,-0.497,-2.049,1.8596,0.1066,0.1511,-0.3075,0.707,0.1738,0.3359,0.3947,-0.2352,0.4907,0.9416,0.8179,-0.2418,0.01,0.0789,0.0721,-0.0563,0.0424,-0.0573,0.0779,2.5089,0.0325
257501,0.65,0.1419,0.0,False,False,5.3081,0.249,-0.2018,1.5203,0.0155,3.056,-0.1016,0.0,0.0001,0.0001,0.0003,-0.0027,0.1195,0.7223,0.206,0.8135,0.8179,-0.2418,0.01,-0.0312,-0.0508,0.0063,-0.0157,-0.0192,0.0659,-2.7445,0.0325
257601,0.65,1.2542,0.0,False,False,3.5182,-0.2141,0.7899,0.9916,0.0161,3.5381,0.0019,0.0204,-0.0463,0.0273,-0.0072,0.1567,0.37,-0.4249,-0.0543,0.8258,0.7835,-0.2706,0.01,0.0108,-0.0283,-0.0532,0.0623,-0.0544,-0.0738,1.9467,0.0325
257701,0.65,0.2048,0.0112,False,False,5.1695,0.249,-0.2018,1.521,0.0122,2.6909,0.3482,0.0002,-0.0003,0.0001,0.0004,-0.0034,0.1713,0.6858,0.1014,0.8162,0.7835,-0.2706,0.01,0.0797,-0.0494,-0.077,0.0717,0.0662,-0.0056,-0.1497,0.0325
257801,0.65,0.1347,0.0096,False,False,5.2703,0.249,-0.2018,1.521,0.0122,2.6909,0.3539,0.0066,-0.0121,0.0011,0.0219,0.0221,0.1911,0.7274,0.1736,0.8158,0.8189,-0.281,0.01,0.0778,-0.0688,-0.0774,0.0143,0.0362,0.0163,1.6905,0.0325
257901,0.65,0.2196,0.0,False,False,5.2504,0.249,-0.2021,1.5259,0.0216,3.03,0.3329,-0.0001,-0.0154,0.2495,0.2713,-1.2595,0.0553,0.7061,0.1609,0.8128,0.8561,-0.2304,0.01,0.0779,0.0791,-0.076,-0.0493,0.0036,0.0795,-3.0628,0.0325
258001,0.7000000000000001,0.1001,0.0,False,False,5.4338,0.249,-0.2018,1.5205,0.0144,3.0366,-0.3218,0.0009,0.0002,-0.0178,0.0843,1.8053,0.1908,0.7608,0.3006,0.8135,0.8561,-0.2304,0.01,-0.0717,-0.0509,-0.0264,0.0532,0.0488,0.0787,-1.6107,0.0325
258101,0.7000000000000001,0.1464,0.0,False,False,5.3511,0.249,-0.2018,1.5204,0.0149,3.0692,-0.3141,0.0,0.0008,-0.0128,-0.0315,0.4297,0.1624,0.7349,0.2411,0.8135,0.8561,-0.2304,0.01,-0.0643,-0.027,-0.0384,-0.0334,0.0242,0.0798,-1.8245,0.0325
258201,0.7000000000000001,0.2086,0.0,False,False,5.2648,0.249,-0.2018,1.5206,0.0141,3.0931,-0.0027,0.0007,-0.0008,0.0003,0.0045,-0.1084,0.1268,0.7076,0.1752,0.8144,0.8561,-0.2304,0.01,-0.0059,-0.0211,-0.0425,-0.0695,0.0217,0.0785,-1.5432,0.0325
258301,0.7000000000000001,0.1167,0.0148,False,False,5.3172,0.249,-0.2018,1.521,0.0122,2.6909,0.3556,0.0,-0.0,0.0001,0.0,-0.0049,0.1539,0.746,0.2063,0.817,0.8159,-0.2543,0.01,0.0775,-0.0779,-0.0783,0.0728,0.0459,0.0562,1.7671,0.035
258401,0.7000000000000001,1.0194,-0.052,False,False,2.2377,-1.5444,2.2235,-1.3047,-1.5977,0.0208,0.4,0.0122,-0.0031,0.8697,-0.002,0.1909,0.3166,-0.1861,0.5827,0.8857,0.786,-0.2589,0.01,0.0775,-0.039,-0.0758,0.0675,-0.0569,0.0555,1.5421,0.035
258501,0.7000000000000001,1.0127,-0.0667,False,False,2.3256,-1.5475,2.2522,-1.2729,-1.6962,0.1275,0.3406,-0.0311,-0.0541,0.7054,-0.0885,0.3878,0.2997,-0.1561,0.5717,0.8841,0.8113,-0.2625,0.01,0.0713,-0.0431,-0.0694,0.0683,-0.078,0.0684,2.9287,0.035
258601,0.7000000000000001,0.9889,-0.0539,False,False,2.4436,-1.324,2.2256,-1.2692,-1.7398,0.1433,0.3443,0.1561,-0.1434,0.2136,-0.0038,0.2711,0.3141,-0.1492,0.5601,0.867,0.8069,-0.2302,0.01,0.0774,-0.0043,-0.0787,0.071,-0.07,0.0555,2.5056,0.035
258701,0.7000000000000001,0.9768,-0.0608,False,False,2.7052,-1.2636,2.2316,-1.3281,-1.623,0.7929,0.357,0.0367,-0.0668,0.1102,0.1674,0.4291,0.0528,-0.1649,0.5085,0.8234,0.7841,-0.2706,0.01,0.0792,-0.0297,-0.0616,0.0782,-0.0183,0.0507,-2.4649,0.035
258801,0.7000000000000001,1.0276,-0.0831,False,False,2.8349,-1.0655,2.1098,-1.3577,-1.7304,1.2986,0.3408,-0.1264,-0.1233,0.1104,0.4244,0.5697,0.4778,-0.2013,0.4822,0.8059,0.8019,-0.2894,0.01,0.0787,-0.0593,-0.0797,0.053,0.0651,0.0635,1.8155,0.035
258901,0.7000000000000001,0.9922,-0.0346,False,False,3.0005,-0.9638,2.0782,-1.3192,-1.9041,1.3169,0.3316,-0.059,-0.0901,0.0034,0.1446,-0.0874,0.6363,-0.1823,0.487,0.7989,0.7952,-0.2324,0.01,0.0746,-0.0526,-0.077,0.0724,-0.0394,-0.0789,2.3205,0.035
259001,0.7000000000000001,1.023,-0.1266,False,False,3.0353,-0.8628,1.9469,-0.9232,-1.9766,1.6287,0.1019,0.1615,-0.3625,1.0188,-0.5213,0.1579,0.2975,-0.1916,0.5203,0.8604,0.7991,-0.2751,0.01,0.0734,0.076,-0.0781,0.0752,0.0562,0.0335,-0.5191,0.035
259101,0.7000000000000001,1.0771,-0.135,False,False,3.0697,-0.8262,1.8457,-0.6602,-1.8883,1.7731,0.1016,0.1462,-0.342,0.8669,0.7889,0.2411,0.224,-0.2137,0.4966,0.9165,0.8358,-0.2597,0.01,0.0796,0.0773,-0.0681,0.065,0.0682,0.0624,-1.5896,0.035
259201,0.7000000000000001,0.1479,0.0,False,False,5.3,0.249,-0.2018,1.5208,0.0132,2.9908,-0.0023,0.001,-0.0011,0.0006,0.0013,-0.0319,0.1751,0.7166,0.2057,0.8123,0.8358,-0.2597,0.01,-0.0258,-0.0306,-0.063,-0.0319,-0.0496,0.0758,-1.6595,0.035
259301,0.7000000000000001,0.1586,0.0,False,False,5.2851,0.249,-0.2018,1.5203,0.0155,3.056,0.0017,0.003,-0.0059,-0.0007,0.0156,-0.029,0.1005,0.7158,0.1894,0.8136,0.8358,-0.2597,0.01,-0.0105,-0.0477,-0.0479,0.0719,-0.0214,0.0686,-3.0705,0.035
259401,0.7000000000000001,0.1741,0.0,False,False,5.2653,0.249,-0.2018,1.5209,0.0129,3.1382,-0.2134,-0.0,-0.0001,0.0023,-0.0101,0.4889,0.1675,0.705,0.1783,0.8154,0.8358,-0.2597,0.01,-0.0495,-0.07,-0.06,-0.0678,-0.0739,0.0548,-2.387,0.035
259501,0.7000000000000001,0.0946,0.0,False,False,5.4131,0.249,-0.2018,1.5207,0.0138,3.1038,-0.3263,-0.0,-0.0003,0.0051,-0.0221,0.6779,0.3456,0.7445,0.2948,0.8141,0.8358,-0.2597,0.01,-0.0655,-0.0603,0.0338,0.0097,0.0066,0.0592,0.6589,0.035
259601,0.7000000000000001,1.0214,-0.0595,False,False,3.2423,-0.8811,1.9909,-1.017,-2.0106,1.6695,0.0067,0.0635,-0.1598,0.4679,-0.0266,0.4011,0.4001,-0.1721,0.4854,0.8407,0.8312,-0.2496,0.01,-0.0313,0.0766,0.0009,0.0771,-0.0455,0.066,1.6375,0.035
259701,0.7000000000000001,0.1495,0.0,False,False,5.3013,0.249,-0.2018,1.5203,0.0155,3.056,-0.1502,-0.0,0.0,-0.0,0.0,0.0,0.2468,0.7156,0.2083,0.8127,0.8312,-0.2496,0.01,-0.0375,-0.0576,-0.0072,-0.0479,-0.0592,0.0286,0.9039,0.035
259801,0.7000000000000001,0.0772,0.0,False,False,5.4925,0.249,-0.2018,1.5207,0.0138,2.8146,-0.0016,0.0024,-0.0006,0.002,-0.0127,-0.0427,0.3761,0.7739,0.3483,0.8096,0.8312,-0.2496,0.01,-0.0047,-0.0517,-0.0434,0.0347,-0.0725,0.0724,0.9449,0.035
259901,0.7000000000000001,0.0986,0.0,False,False,5.3895,0.249,-0.2018,1.5209,0.0127,2.8576,-0.192,0.0022,-0.0002,0.0112,0.0142,0.1492,0.4038,0.7364,0.2787,0.8064,0.8312,-0.2496,0.01,-0.0386,-0.0795,-0.0787,0.033,0.0543,0.0661,2.905,0.035
260001,0.7000000000000001,0.1364,0.0,False,False,5.3209,0.249,-0.2018,1.521,0.0125,2.9536,-0.1512,0.0027,-0.0024,0.0064,0.0119,0.6467,0.1203,0.7253,0.2173,0.8125,0.8312,-0.2496,0.01,-0.0362,-0.0489,-0.0336,-0.0405,-0.0039,0.0772,-2.515,0.035
260101,0.7000000000000001,1.0229,-0.0862,False,False,3.1897,-0.8553,1.9204,-0.8106,-2.099,1.7893,-0.0076,0.0824,-0.2411,0.8448,0.0395,0.3796,0.43,-0.198,0.5148,0.8796,0.7947,-0.2654,0.01,0.0718,0.0735,-0.0488,0.0349,-0.0216,0.0553,2.3582,0.035
260201,0.7000000000000001,1.0256,-0.0839,False,False,3.211,-0.8906,2.0157,-1.0761,-2.0717,1.5728,-0.0044,0.0993,-0.2785,0.8861,0.0465,0.2881,0.3937,-0.1763,0.5065,0.8318,0.8202,-0.2823,0.01,0.0274,0.0664,-0.0606,0.0175,0.0425,0.0217,1.4607,0.035
260301,0.7000000000000001,0.0785,0.0,False,False,5.3953,0.249,-0.2018,1.5203,0.0155,3.056,-0.0014,0.0003,0.0019,-0.0113,-0.0005,0.0016,0.2665,0.7458,0.2779,0.8127,0.8202,-0.2823,0.01,-0.002,0.0263,0.0012,-0.0764,-0.0238,0.0784,2.1703,0.035
260401,0.7000000000000001,0.109,0.0,False,False,5.322,0.249,-0.2018,1.5203,0.0153,3.0604,-0.2358,0.0042,-0.0043,0.0077,-0.0127,0.132,0.1029,0.7266,0.217,0.8135,0.8202,-0.2823,0.01,-0.063,0.035,-0.0509,-0.0767,-0.0335,0.0771,-2.7741,0.035
260501,0.7000000000000001,0.0852,0.0,False,False,5.3741,0.249,-0.2018,1.5203,0.0155,3.0561,-0.003,0.0,-0.0001,0.0015,-0.0025,0.116,0.2312,0.7384,0.2605,0.8128,0.8202,-0.2823,0.01,0.0134,0.0089,-0.0307,-0.0155,-0.0147,0.0769,-0.9376,0.035
260601,0.7000000000000001,0.0985,0.0,False,False,5.3404,0.249,-0.2018,1.5206,0.014,3.0178,-0.0009,-0.0001,0.0001,-0.0005,-0.0013,-0.0311,0.1397,0.731,0.2328,0.8129,0.8202,-0.2823,0.01,-0.0242,0.0046,-0.0375,-0.0732,-0.0535,0.0636,-2.1576,0.035
260701,0.7000000000000001,0.9831,-0.062,False,False,3.209,-0.8747,1.9747,-1.0461,-2.0265,1.5907,-0.0125,0.0885,-0.2401,0.7568,0.0709,-0.0058,0.4677,-0.1832,0.4906,0.8328,0.781,-0.2463,0.01,0.0537,0.0689,-0.0507,0.0048,-0.0451,-0.0248,2.7416,0.035
260801,0.7000000000000001,0.0584,0.0139,False,False,5.3721,0.249,-0.2018,1.5206,0.0142,2.7841,0.3514,0.0,-0.0,-0.0,0.0,0.0007,0.3273,0.7494,0.2587,0.8095,0.781,-0.2463,0.01,0.0775,-0.0798,-0.0797,0.0665,-0.0453,0.0752,2.876,0.035
260901,0.7000000000000001,0.34,0.0,False,False,4.9723,-0.3328,1.0646,0.836,0.0142,2.8032,0.2871,0.1336,-0.3176,0.1845,-0.0023,0.0664,0.0382,0.5493,0.082,0.8149,0.8155,-0.258,0.01,0.0782,0.0513,-0.0182,-0.0546,-0.0284,-0.0739,-2.0419,0.035
261001,0.7000000000000001,0.4575,0.0,False,False,4.8474,0.0855,0.1381,1.3441,0.0145,-0.4438,0.3332,-0.0888,0.1872,-0.0984,0.0001,0.0,0.3362,0.5088,-0.0929,0.8145,0.7708,-0.2687,0.01,0.079,-0.0512,-0.0658,0.0437,0.077,0.0216,2.1746,0.035
261101,0.7000000000000001,0.5227,0.0102,False,False,4.8018,0.249,-0.2018,1.5205,0.0145,-0.4438,0.3368,0.0001,-0.0002,0.0001,-0.0,-0.0,0.3362,0.4788,-0.1154,0.8156,0.7787,-0.238,0.01,0.0795,-0.0266,-0.0197,-0.0729,0.0273,0.0444,-2.1742,0.035
261201,0.7000000000000001,0.5228,0.0,False,False,4.5627,-0.5209,1.5434,0.5457,0.0122,2.6909,0.3106,-0.0404,0.1137,-0.073,0.0016,0.009,0.1615,0.3419,0.0179,0.8164,0.7993,-0.2805,0.01,0.0759,-0.0235,0.0396,0.005,0.0072,-0.0759,0.467,0.035
261301,0.7000000000000001,0.6362,0.0,False,False,4.3657,-0.5391,1.5951,0.5121,0.0122,2.6911,0.3185,-0.0705,0.1283,-0.2035,-0.0001,0.1456,0.2835,0.2388,-0.0182,0.8132,0.8097,-0.2885,0.01,0.0739,-0.0535,0.014,0.0087,-0.0429,-0.0704,1.5177,0.035
261401,0.7000000000000001,0.0994,0.0,False,False,5.3567,0.249,-0.2018,1.521,0.0125,3.158,-0.3,0.0038,-0.0071,0.0035,0.0087,0.3829,0.3749,0.7277,0.2546,0.816,0.8171,-0.2607,0.01,-0.0795,0.0356,0.0071,0.0226,-0.0195,-0.038,2.1175,0.035
261501,0.7000000000000001,0.0774,0.0,False,False,5.4071,0.249,-0.2018,1.5203,0.0155,3.056,-0.3437,0.0,0.0024,-0.0381,-0.0416,0.1755,0.4068,0.743,0.2914,0.8121,0.8171,-0.2607,0.01,-0.0795,-0.0307,-0.0658,-0.0526,0.0775,0.0341,1.984,0.035
261601,0.7000000000000001,0.0518,0.0,False,False,5.4357,0.249,-0.2018,1.521,0.0122,2.6909,0.377,0.0,-0.0,0.0001,-0.0,-0.0088,0.3647,0.7726,0.3054,0.811,0.8171,-0.2607,0.01,0.0773,-0.0784,-0.0784,0.0749,0.056,0.0559,3.0935,0.035
261701,0.7000000000000001,0.1729,-0.0023,False,False,5.2483,0.249,-0.2031,1.5423,0.0401,2.9041,0.284,0.0005,0.0094,-0.1706,-0.2333,-0.5022,0.129,0.699,0.1642,0.8073,0.8171,-0.2607,0.01,0.0556,-0.0767,-0.0725,-0.0371,0.0171,0.055,-2.799,0.035
261801,0.7000000000000001,0.6639,0.0,False,False,4.3894,-0.4969,1.4774,0.5877,0.0122,2.6909,0.3123,-0.0781,0.212,-0.134,0.0006,0.0024,0.3355,0.2421,-0.042,0.8118,0.8024,-0.2367,0.01,0.0765,-0.0304,0.0628,0.0417,-0.0782,-0.0377,2.5988,0.035
261901,0.7000000000000001,0.2017,0.0,False,False,5.2296,0.249,-0.2018,1.5204,0.0148,3.0644,0.3355,0.0,0.0012,-0.0201,0.0868,-3.1025,0.3034,0.6868,0.1612,0.8128,0.8144,-0.2342,0.01,0.0774,0.0748,-0.025,0.0784,0.0789,0.0793,0.1707,0.035
262001,0.7000000000000001,0.9525,0.0012,False,False,4.2014,-0.1039,0.5446,1.1272,0.0137,-0.399,0.3059,0.0177,-0.0388,0.0201,0.0046,-0.0332,0.2498,0.0271,-0.249,0.8176,0.8152,-0.2648,0.01,0.0794,0.0248,0.0545,-0.0186,-0.0628,-0.0102,0.9059,0.035
262101,0.7000000000000001,1.0371,0.0,False,False,4.1276,-0.0368,0.3987,1.2056,0.0153,-0.1935,0.2962,0.0789,-0.1703,0.0924,-0.0036,-0.1154,0.2261,-0.0448,-0.2608,0.8165,0.8218,-0.2417,0.01,0.0795,0.0469,0.026,-0.0214,0.0767,0.0731,1.0133,0.035
262201,0.7000000000000001,1.0298,0.0,False,False,4.094,0.0567,0.1989,1.3122,0.014,-0.4183,0.3142,0.1926,-0.4072,0.2142,0.0066,-0.0361,0.2902,-0.0694,-0.2659,0.8154,0.7811,-0.2358,0.01,0.0789,0.0623,-0.0373,0.0162,0.0201,-0.0191,-2.5535,0.035
262301,0.7000000000000001,1.0381,0.0,False,False,3.9879,-0.2989,0.981,0.9305,-0.1919,1.3997,0.3484,0.0011,-0.0006,-0.0182,0.0262,-1.3179,0.0972,-0.0995,-0.1824,0.8692,0.8075,-0.2337,0.01,0.0771,-0.0268,-0.0342,0.0734,0.0448,0.0188,-1.6419,0.035
262401,0.7000000000000001,1.0433,0.0,False,False,3.9903,-0.1566,0.6602,1.0737,0.0276,-0.1431,0.2129,0.094,-0.1988,-0.0276,-0.17,-0.6242,0.2793,-0.1361,-0.2288,0.814,0.7725,-0.2667,0.01,0.0594,0.0383,0.014,0.0703,-0.034,-0.055,2.9539,0.035
262501,0.7000000000000001,1.0783,0.0,False,False,3.9439,-0.2299,0.8256,0.9725,0.012,0.2699,0.3359,0.1034,-0.2352,0.1332,-0.0061,-0.8567,0.4276,-0.1759,-0.2135,0.8069,0.7891,-0.2826,0.01,0.0788,0.0018,-0.0757,-0.0176,-0.0038,0.0323,2.9276,0.035
262601,0.7000000000000001,1.1226,0.0,False,False,3.9284,-0.2003,0.7586,1.0092,0.0152,0.0857,0.3201,0.1273,-0.2867,0.1593,0.0001,0.0092,0.3342,-0.1817,-0.2101,0.8133,0.8145,-0.2431,0.01,0.0787,0.0155,-0.0652,0.0794,-0.0695,-0.0794,0.7904,0.035
262701,0.7000000000000001,1.085,0.0,False,False,3.8957,-0.2514,0.8739,0.9562,0.0292,-0.0999,0.3196,0.015,-0.0581,0.3348,0.3897,-1.4737,0.2621,-0.1929,-0.1903,0.8139,0.7846,-0.2699,0.01,0.0769,-0.0084,-0.0176,0.0268,0.0031,0.0567,0.0644,0.035
262801,0.7000000000000001,1.0777,0.0,False,False,3.8489,-0.3141,1.0203,0.8621,0.0117,0.3311,0.2838,0.1531,-0.3605,0.2073,0.0003,-0.0782,0.248,-0.2029,-0.1626,0.8109,0.7759,-0.2622,0.01,0.0792,0.0587,-0.0275,-0.0372,-0.0262,-0.0557,-1.2212,0.035
262901,0.7000000000000001,1.0895,-0.0615,False,False,3.875,-0.3272,1.0475,0.8925,-0.1925,1.4516,0.3162,0.0293,-0.0684,0.0349,0.0127,-1.0198,0.2727,-0.1699,-0.1599,0.8592,0.8287,-0.2797,0.01,0.0792,0.0078,0.0054,0.0615,-0.0722,-0.0224,2.2246,0.035
263001,0.7000000000000001,0.0462,15.0,True,False,5.4821,0.249,-0.2018,1.5206,0.0142,-0.011,-0.2345,0.0004,-0.0004,-0.0012,-0.0012,0.3582,0.4524,0.8044,0.2999,0.8156,0.8287,-0.2797,0.01,-0.072,0.0634,-0.0212,-0.0692,-0.0691,-0.0799,2.933,0.035
263101,0.7000000000000001,1.1084,-0.0837,False,False,2.1246,-1.5794,2.1667,-1.4941,-1.5717,-0.0396,0.4702,-0.076,0.34,1.9475,0.1977,-0.313,0.277,-0.2331,0.6737,0.8606,0.8144,-0.2317,0.01,0.0772,-0.0687,-0.0634,0.0721,-0.0271,-0.0492,3.0969,0.035
263201,0.7000000000000001,1.1775,-0.1232,False,False,2.0652,-1.5701,2.1026,-1.7001,-1.5725,-0.0075,0.4127,-0.1305,0.4334,2.7836,0.4167,-0.1431,0.1484,-0.278,0.7854,0.8562,0.79,-0.2561,0.01,0.0714,-0.0715,-0.0788,0.07,0.0751,-0.0293,2.9464,0.035
263301,0.7000000000000001,0.075,0.0066,False,False,5.3483,0.249,-0.2018,1.5205,0.0145,-0.4438,0.2899,0.0,0.0,0.0,0.0,0.0009,0.3362,0.753,0.2332,0.814,0.79,-0.2561,0.01,0.08,0.0727,0.0672,-0.0785,0.0771,0.0357,2.9747,0.035
263401,0.7000000000000001,0.0543,-0.0071,False,False,5.3894,0.249,-0.2018,1.5205,0.0145,-0.4438,0.2819,0.0,-0.0,0.0,-0.0,-0.0055,0.3362,0.7658,0.2638,0.8143,0.791,-0.2447,0.01,0.0797,0.0698,-0.0594,-0.0778,0.0745,0.0249,2.1303,0.035
263501,0.7000000000000001,0.0739,0.0071,False,False,5.3796,0.249,-0.2018,1.5205,0.0145,-0.4438,0.3066,0.0003,-0.0005,-0.0007,-0.0012,0.0001,0.3362,0.7629,0.2564,0.8142,0.7947,-0.2315,0.01,0.0799,0.0459,0.0608,-0.076,0.0694,0.0125,2.9111,0.035
263601,0.7000000000000001,0.1077,0.0044,False,False,5.3312,0.249,-0.2018,1.5205,0.0145,-0.4438,0.2601,0.0004,-0.0001,-0.0006,-0.0002,0.012,0.3362,0.7476,0.2202,0.814,0.8254,-0.2594,0.01,0.0758,0.0771,0.0213,-0.0795,0.0737,0.0406,2.2392,0.035
263701,0.7000000000000001,0.2047,0.0079,False,False,5.164,0.249,-0.2018,1.5205,0.0145,-0.4438,0.327,0.0032,-0.0033,0.0129,0.0,-0.0127,0.3362,0.6824,0.1001,0.8142,0.7971,-0.2821,0.01,0.0796,0.0046,0.0181,-0.0592,0.0372,-0.0737,1.91,0.035
263801,0.7000000000000001,0.16,0.0062,False,False,5.2382,0.249,-0.2018,1.5205,0.0145,-0.4438,0.2802,0.0,0.0001,-0.0011,0.0,0.0034,0.3362,0.7138,0.152,0.8141,0.8247,-0.2852,0.01,0.0796,0.0777,-0.0101,-0.0789,0.0183,-0.0413,2.4178,0.035
263901,0.7000000000000001,0.7288,0.0,False,False,4.5527,0.0788,0.1522,1.3368,0.0145,-0.4438,0.3393,-0.1751,0.3754,-0.178,-0.0,-0.0225,0.3362,0.3002,-0.2125,0.8145,0.7953,-0.2283,0.01,0.0787,-0.0757,-0.0495,-0.0246,0.073,0.078,-1.1039,0.035
264001,0.7000000000000001,0.6314,0.0091,False,False,4.6389,0.249,-0.2018,1.5205,0.0145,-0.4438,0.3442,0.004,-0.0042,-0.0071,-0.0083,0.0049,0.3362,0.3644,-0.185,0.8159,0.8051,-0.2836,0.01,0.0763,-0.0649,-0.0516,0.0183,0.0385,0.0433,2.4765,0.035
264101,0.7000000000000001,0.6562,0.0,False,False,4.6386,0.0865,0.136,1.3453,0.0145,-0.4438,0.3308,-0.1593,0.3358,-0.1765,-0.0,-0.0026,0.3362,0.3645,-0.1844,0.8145,0.7888,-0.2343,0.01,0.0798,-0.0485,0.0253,0.0522,-0.05,0.0668,-0.0451,0.035
264201,0.7500000000000001,0.5777,0.0,False,False,4.514,-0.489,1.4561,0.6012,0.0122,2.6909,0.3614,-0.14,0.3791,-0.2612,-0.0216,0.0128,0.1257,0.31,-0.0243,0.8174,0.7907,-0.255,0.01,0.0778,-0.0552,0.0721,0.0704,0.0763,-0.0464,1.0084,0.035
264301,0.7500000000000001,0.3335,0.0,False,False,4.8982,-0.6749,2.0405,0.1537,0.0114,3.2581,-0.2481,-0.2195,-0.1951,-0.6683,-0.0429,3.1357,0.1666,0.4593,0.3223,0.8161,0.7907,-0.255,0.01,-0.0489,-0.0689,-0.0691,0.0794,0.0673,-0.0737,0.8487,0.035
264401,0.7500000000000001,0.9251,0.0,False,False,4.1912,-0.1961,0.7491,1.0146,0.0145,-0.4438,0.3457,-0.0287,0.0646,-0.0359,0.0001,0.0032,0.3362,0.0375,-0.2232,0.8153,0.789,-0.2343,0.01,0.0796,-0.0321,-0.022,0.0498,0.0345,-0.0215,0.0507,0.0375
264501,0.7500000000000001,1.0103,0.0,False,False,4.0084,-0.2971,0.9805,0.8842,0.015,0.0755,0.2484,0.0533,-0.1247,0.0759,-0.0189,-0.8186,0.2558,-0.0927,-0.19,0.8139,0.7804,-0.2322,0.01,0.0747,0.0484,0.0509,-0.0327,-0.0787,0.0086,0.1406,0.0375
264601,0.7500000000000001,1.0549,0.0,False,False,3.9409,-0.2407,0.8502,0.9584,0.0133,-0.2787,0.3696,-0.0144,0.0401,-0.015,-0.0265,-1.6261,0.3489,-0.1649,-0.204,0.8214,0.772,-0.2704,0.01,0.0786,-0.0469,-0.054,-0.0124,-0.003,0.0579,1.5537,0.0375
264701,0.7500000000000001,1.0661,0.0,False,False,3.9226,-0.2876,0.9585,0.897,0.0141,-0.0272,0.3014,-0.0001,0.0001,0.0028,-0.0127,-2.9079,0.3809,-0.1642,-0.1872,0.8157,0.7846,-0.2518,0.01,0.079,0.0073,0.0334,-0.0747,-0.0214,-0.0655,2.3113,0.0375
264801,0.7500000000000001,1.074,0.0,False,False,3.9029,-0.2462,0.8629,0.9513,0.0133,-0.3737,0.2935,0.1187,-0.2717,0.1529,-0.0,0.0,0.1903,-0.1716,-0.1852,0.8148,0.7774,-0.2329,0.01,0.0789,0.0414,-0.0097,-0.0034,0.0576,0.0402,-1.4075,0.0375
264901,0.7500000000000001,0.0573,-0.0013,False,False,5.541,0.249,-0.2018,1.5205,0.0144,-0.4507,0.0003,0.0002,-0.0004,-0.0006,-0.0001,0.0355,0.3808,0.8103,0.3671,0.8232,0.7912,-0.138,0.0131,-0.0245,0.0744,0.0609,-0.077,-0.0342,0.0758,3.0513,0.0375
265001,0.7500000000000001,0.211,0.0,False,False,5.3643,0.249,-0.2018,1.5211,0.012,0.2255,-0.3084,0.0003,-0.0001,-0.0028,0.0165,0.5975,0.485,0.7696,0.2061,0.8075,0.7955,-0.1352,0.01,-0.076,-0.0181,-0.0412,-0.0574,-0.0373,-0.0794,3.0489,0.0375
265101,0.7500000000000001,0.0947,-0.0257,False,False,5.5111,0.249,-0.2018,1.5206,0.0141,-0.4183,-0.2854,0.003,-0.0059,-0.0025,-0.0055,0.0528,0.3771,0.8055,0.3406,0.8237,0.7971,-0.1213,0.01,-0.0737,0.072,0.0297,-0.0489,-0.069,-0.0767,3.0846,0.0375
265201,0.7500000000000001,0.1853,0.0,False,False,5.414,0.249,-0.2018,1.5205,0.0146,-0.1661,0.0006,0.0002,-0.0001,0.0026,0.0008,0.038,0.4493,0.7851,0.2464,0.8209,0.7971,-0.1213,0.01,-0.026,0.026,0.0232,-0.0541,-0.0683,-0.0793,3.1239,0.0375
265301,0.7500000000000001,1.0659,0.0,False,False,3.8871,-0.3254,1.0471,0.846,0.0145,-0.438,0.3061,0.1182,-0.2755,0.1705,0.0095,0.0562,0.3276,-0.1658,-0.1682,0.8203,0.7941,-0.2559,0.01,0.0783,0.0189,-0.0402,-0.0149,-0.0628,-0.002,-1.9535,0.0375
265401,0.7500000000000001,1.073,0.0,False,False,3.8542,-0.3327,1.0642,0.8366,0.0123,0.4065,0.2846,0.1076,-0.2559,0.1496,-0.0077,-0.3369,0.3248,-0.1856,-0.1599,0.8109,0.7886,-0.2609,0.01,0.079,0.0427,-0.0121,-0.0141,-0.0726,0.0322,2.527,0.0375
265501,0.7500000000000001,1.0283,-0.0535,False,False,3.8641,-0.4279,1.2927,0.748,-0.1925,1.477,0.2883,0.0338,-0.0749,0.0609,0.0096,-0.8007,0.2002,-0.1356,-0.1197,0.8634,0.8078,-0.2671,0.01,0.0753,0.01,0.0116,0.0711,-0.0412,-0.0057,0.9962,0.0375
265601,0.8000000000000002,1.17,-0.0173,False,False,3.6662,-0.3469,1.0981,0.8166,0.0136,0.4521,0.2658,0.2173,-0.5199,0.3026,-0.0,-0.0004,0.3814,-0.3075,-0.1099,0.8103,0.7939,-0.2654,0.01,0.0747,0.0681,-0.078,-0.0491,0.0287,0.0389,2.9253,0.0375
265701,0.8000000000000002,1.1503,-0.1046,False,False,3.7205,-0.3962,1.2178,0.7496,0.0155,0.3236,0.372,0.0374,-0.0799,-0.0696,-0.1416,-1.4323,0.3604,-0.2561,-0.1095,0.8098,0.8281,-0.2757,0.01,0.0759,-0.045,-0.0601,0.0256,-0.034,-0.0018,2.2843,0.04
265801,0.8000000000000002,0.9857,-0.0815,False,False,3.2347,-0.9019,2.0462,-1.0008,-1.9401,1.5768,-0.0118,0.1231,-0.2885,0.9074,0.0793,-0.1016,0.4328,-0.1426,0.4689,0.8578,0.8227,-0.2688,0.01,0.0506,0.0702,-0.078,0.0122,-0.0132,-0.0257,2.822,0.04
265901,0.8000000000000002,1.0075,-0.0558,False,False,2.7401,-1.2075,2.232,-1.3863,-1.8195,0.4376,0.1502,-0.0652,-0.1456,0.0031,0.4582,-0.2048,0.5417,-0.1455,0.5291,0.8383,0.8237,-0.292,0.01,0.0401,-0.0558,-0.073,0.0409,0.0223,-0.0651,-0.6375,0.04
266001,0.8000000000000002,0.0883,0.0,False,False,5.4926,0.249,-0.2018,1.5205,0.0145,-0.4438,0.2851,0.0,0.0005,-0.0086,0.0236,0.0815,0.3362,0.7967,0.3371,0.8186,0.8237,-0.292,0.01,0.0798,0.0762,0.0028,-0.0512,0.0497,0.0302,3.0769,0.04
266101,0.8000000000000002,0.2237,0.0037,False,False,5.1865,0.249,-0.2018,1.5205,0.0145,-0.4438,0.2792,0.0051,-0.0074,-0.0399,-0.0258,0.007,0.3362,0.6924,0.1155,0.8142,0.8155,-0.2492,0.01,0.0773,0.0502,-0.071,-0.0368,0.0004,0.0635,2.1217,0.04
266201,0.8000000000000002,0.1903,0.008,False,False,5.1949,0.249,-0.2018,1.5205,0.0145,-0.4438,0.2993,0.0005,-0.0007,0.0001,-0.0003,-0.0091,0.3362,0.696,0.1212,0.8143,0.7973,-0.2695,0.01,0.0795,0.0393,-0.0284,-0.0774,-0.012,0.0367,-1.7063,0.04
266301,0.8000000000000002,0.263,0.0084,False,False,5.1155,0.249,-0.2018,1.5205,0.0145,-0.4438,0.3078,0.0,0.0,-0.0001,0.0001,0.0001,0.3362,0.6599,0.0674,0.8143,0.7824,-0.2511,0.01,0.0766,0.0123,0.0608,-0.0728,0.0066,-0.0795,2.3213,0.04
266401,0.8000000000000002,0.3597,0.0093,False,False,5.0214,0.249,-0.2018,1.5205,0.0145,-0.4438,0.3207,0.0005,0.0094,0.0015,-0.0023,-0.0112,0.3362,0.6118,0.0068,0.8146,0.8181,-0.2496,0.01,0.0723,-0.0636,-0.0737,-0.0553,-0.0646,-0.0556,-0.1648,0.04
266501,0.8000000000000002,0.4661,0.0106,False,False,4.8909,0.249,-0.2018,1.5205,0.0145,-0.4438,0.359,0.0029,-0.0048,0.006,0.0001,-0.004,0.3362,0.5358,-0.0675,0.8143,0.8405,-0.2656,0.01,0.0791,-0.0641,-0.0572,-0.0181,0.0383,0.0605,1.9622,0.04
266601,0.8000000000000002,0.0737,0.0,False,False,5.4128,0.249,-0.2018,1.5206,0.014,-0.1088,-0.2811,-0.0,-0.0001,0.0009,-0.0038,0.5629,0.4278,0.7843,0.2464,0.819,0.8405,-0.2656,0.01,-0.0789,0.0459,-0.0707,-0.0407,-0.0709,-0.0797,3.0495,0.04
266701,0.8000000000000002,0.0653,0.0,False,False,5.428,0.249,-0.2018,1.5205,0.0144,-0.1525,-0.313,-0.0,-0.0,0.0008,-0.0033,0.1757,0.4275,0.7887,0.2585,0.8203,0.8405,-0.2656,0.01,-0.0709,-0.0606,-0.0797,-0.0581,-0.0752,-0.0784,2.9305,0.04
266801,0.8000000000000002,0.0639,-0.001,False,False,5.4785,0.249,-0.2018,1.5207,0.0138,-0.4035,-0.3229,0.0,0.0015,-0.0243,-0.0268,0.227,0.3618,0.7966,0.3185,0.8217,0.8405,-0.2656,0.01,-0.079,0.0522,-0.0395,-0.0642,-0.0525,-0.0796,3.0742,0.04
266901,0.8500000000000002,0.0825,0.0,False,False,5.5071,0.249,-0.2018,1.5205,0.0145,-0.4438,0.2782,0.0003,0.0025,0.0098,0.0001,-0.0115,0.3362,0.7988,0.35,0.8178,0.8405,-0.2656,0.01,0.0795,0.0777,-0.0326,-0.0769,0.0758,0.0423,3.0544,0.04
267001,0.8500000000000002,0.5696,0.0043,False,False,4.7683,0.249,-0.2018,1.5205,0.0145,-0.4438,0.3294,0.0071,-0.0054,-0.0472,-0.0211,0.008,0.3362,0.4562,-0.1316,0.8158,0.7913,-0.2218,0.01,0.0766,-0.03,-0.073,0.0674,0.0273,-0.0295,-0.7542,0.0425
267101,0.8500000000000002,0.6474,0.0,False,False,4.6221,0.2249,-0.1522,1.495,0.0145,-0.4438,0.3452,-0.1425,0.2935,-0.151,-0.0,-0.004,0.3362,0.3514,-0.1949,0.817,0.7646,-0.2473,0.01,0.0796,-0.0729,-0.0745,-0.0285,0.0114,0.0297,-0.3041,0.0425
267201,0.8500000000000002,0.6909,0.0083,False,False,4.5324,0.2016,-0.1041,1.4703,0.0145,-0.4438,0.3177,-0.007,0.0192,0.0011,0.0187,-0.0168,0.3362,0.2835,-0.2231,0.8162,0.7731,-0.2862,0.01,0.0776,-0.0089,-0.0362,-0.0518,0.0623,0.0019,-2.9784,0.0425
267301,0.8500000000000002,0.715,0.0,False,False,4.544,0.196,-0.0927,1.4644,0.0145,-0.4438,0.3337,-0.0714,0.1485,-0.0884,-0.0089,-0.0139,0.3362,0.2923,-0.2204,0.8164,0.7674,-0.2367,0.01,0.0785,-0.0461,-0.0717,0.0737,0.0541,0.0588,-0.4083,0.0425
267401,0.8500000000000002,0.9227,0.0,False,False,4.3094,0.1152,0.0757,1.3769,0.0145,-0.4438,0.3217,-0.0691,0.145,-0.0766,0.0002,0.0026,0.3362,0.1048,-0.2681,0.8167,0.8168,-0.2318,0.01,0.0793,-0.0181,0.0123,-0.0153,0.0735,0.0272,-2.5949,0.0425
267501,0.8500000000000002,1.0272,0.0,False,False,4.08,-0.1183,0.5762,1.1099,0.0139,-0.2416,0.3412,-0.065,0.1423,-0.0665,-0.0493,-1.8341,0.2969,-0.0784,-0.2492,0.8193,0.7783,-0.2333,0.01,0.0786,-0.0461,-0.045,-0.0438,0.03,-0.0385,2.0641,0.0425
267601,0.8500000000000002,1.134,-0.016,False,False,3.8274,-0.2775,0.9349,0.9106,0.0133,0.4433,0.3298,0.1485,-0.3346,0.2147,0.0024,0.0293,0.258,-0.2182,-0.1678,0.8134,0.8257,-0.2753,0.01,0.0785,0.023,-0.0688,-0.0633,-0.0586,0.0635,-0.3718,0.0425
267701,0.8500000000000002,0.9574,-0.0928,False,False,3.3242,-0.9269,2.1117,-1.102,-2.0178,1.5806,-0.0013,0.1183,-0.3265,1.0538,0.0333,0.1725,0.3986,-0.1268,0.4807,0.8407,0.8017,-0.2973,0.01,0.0128,0.0733,-0.076,0.0635,0.057,0.0125,0.6235,0.0425
267801,0.8500000000000002,0.9712,-0.1352,False,False,3.1759,-1.0394,2.1849,-1.3711,-1.9397,1.3641,0.0986,0.5206,0.1378,0.137,-0.3026,-1.6928,0.4302,-0.1379,0.4784,0.8021,0.8135,-0.2665,0.01,0.041,0.0671,0.0046,-0.0042,0.0727,-0.0473,-0.9829,0.0425
267901,0.9000000000000002,0.9818,-0.0623,False,False,2.9414,-1.1313,2.1823,-1.4114,-1.8151,1.3209,0.3451,-0.0387,-0.0992,0.0776,0.107,0.6017,0.4519,-0.1714,0.4817,0.8061,0.7943,-0.2446,0.01,0.0782,-0.0453,-0.0775,0.0522,-0.0463,0.0778,1.3105,0.0425
268001,0.9000000000000002,0.9466,-0.034,False,False,2.8576,-1.1273,2.2427,-1.4572,-1.8486,1.2102,0.3007,0.0364,-0.0328,0.0587,-0.0563,-0.2534,0.5752,-0.152,0.4923,0.8042,0.7747,-0.2501,0.01,0.0782,-0.0273,-0.0446,-0.0008,0.0253,-0.0243,-1.9682,0.045
268101,0.9000000000000002,0.9805,-0.0592,False,False,2.6753,-1.3825,2.3422,-1.341,-1.8041,0.2486,0.3412,0.1233,-0.1408,0.0955,0.2878,0.1301,0.1674,-0.1143,0.5301,0.845,0.8298,-0.2785,0.01,0.0793,-0.0152,-0.0697,0.0467,-0.0336,-0.0311,-0.3336,0.045
268201,0.9000000000000002,0.0638,-0.0058,False,False,5.4115,0.249,-0.2018,1.5209,0.013,-0.3519,0.3193,0.0007,-0.0015,0.0006,0.0005,-2.4989,0.3721,0.7807,0.2514,0.8255,0.8298,-0.2785,0.01,0.0667,-0.0275,0.0367,-0.0426,-0.0616,-0.0757,1.6037,0.045
268301,0.9000000000000002,0.6292,0.011,False,False,4.7021,0.249,-0.2018,1.5205,0.0145,-0.4438,0.3577,-0.0,0.0,0.0,0.0,0.0006,0.3362,0.4101,-0.1604,0.8159,0.8257,-0.2388,0.01,0.0777,-0.0759,-0.0564,0.0046,-0.0003,0.017,-0.0541,0.045
268401,0.9000000000000002,0.7466,0.0,False,False,4.5272,0.1971,-0.095,1.4656,0.0145,-0.4438,0.324,-0.1138,0.2356,-0.1223,-0.001,-0.0023,0.3362,0.2796,-0.2243,0.8159,0.8381,-0.2794,0.01,0.0774,-0.0478,-0.0357,-0.067,-0.0042,-0.01,2.2097,0.045
268501,0.9000000000000002,0.0639,0.0,False,False,5.4168,0.249,-0.2018,1.5206,0.014,-0.125,-0.2971,0.0005,0.0009,-0.0279,-0.0146,0.5358,0.4335,0.7856,0.2492,0.8195,0.8381,-0.2794,0.01,-0.0736,-0.0058,-0.0538,0.0047,-0.065,-0.0799,2.9886,0.045
268601,0.9000000000000002,0.0609,0.0,False,False,5.4175,0.249,-0.2018,1.5205,0.0144,0.046,-0.337,0.0057,-0.0104,-0.0045,0.0264,0.9042,0.4407,0.7862,0.2492,0.8136,0.8381,-0.2794,0.01,-0.0781,-0.0422,-0.065,-0.0501,-0.0668,-0.0786,2.7977,0.045
268701,0.9000000000000002,0.0565,0.0,False,False,5.4745,0.249,-0.2018,1.5206,0.014,-0.2378,-0.2841,0.0012,0.0008,-0.0511,-0.0255,1.3058,0.4157,0.801,0.2976,0.8229,0.8381,-0.2794,0.01,-0.0772,0.0383,-0.0502,-0.0553,0.0117,-0.0692,3.1247,0.045
268801,0.9000000000000002,0.0726,0.0,False,False,5.4778,0.249,-0.2018,1.5205,0.0144,-0.4452,0.2501,-0.0,0.0,-0.0,-0.0,-0.0,0.3456,0.7959,0.3208,0.821,0.8381,-0.2794,0.01,0.0732,0.0729,-0.0324,-0.0687,0.025,0.075,2.7231,0.045
268901,0.9000000000000002,0.752,0.0,False,False,4.4718,0.129,0.0467,1.392,0.0145,-0.4438,0.3191,0.1043,-0.2151,0.1039,-0.0011,-0.0012,0.3362,0.2369,-0.2371,0.8149,0.8103,-0.3013,0.01,0.0788,0.0498,0.0095,0.0222,-0.0091,-0.0314,-1.1634,0.045
269001,0.9000000000000002,0.9892,0.0,False,False,4.0905,-0.0981,0.5319,1.1338,0.0153,-0.1934,0.3194,0.1226,-0.2216,-0.5363,-0.6385,-0.0475,0.0814,-0.0585,-0.2388,0.8139,0.7856,-0.2736,0.01,0.0778,0.0494,0.024,-0.0765,0.0326,-0.001,-2.0064,0.045
269101,0.9000000000000002,1.0668,0.0,False,False,4.0978,0.0171,0.283,1.2676,0.0143,-0.2292,0.3062,0.0975,-0.2085,0.1163,-0.0243,-0.9279,0.2802,-0.0725,-0.2688,0.8176,0.8252,-0.2431,0.01,0.0788,0.0402,-0.0127,0.0281,0.0428,-0.0066,2.3871,0.045
269201,0.9000000000000002,1.116,0.0,False,False,3.9463,-0.2543,0.8813,0.9412,0.0121,0.2815,0.3095,0.1011,-0.2316,0.1286,0.0105,-0.455,0.4002,-0.1661,-0.206,0.8069,0.8376,-0.2685,0.01,0.0784,0.0275,-0.0234,0.0282,-0.0461,0.0584,2.3868,0.045
269301,0.9000000000000002,0.0669,0.0,False,False,5.4895,0.249,-0.2018,1.5206,0.0139,-0.4126,-0.3167,-0.0,-0.0001,0.0009,-0.0039,0.1788,0.3503,0.7996,0.3261,0.8223,0.8376,-0.2685,0.01,-0.0793,0.0733,0.0164,-0.0611,-0.0764,-0.0716,2.5543,0.045
269401,0.9000000000000002,0.065,0.0,False,False,5.4262,0.249,-0.2018,1.5208,0.0131,-0.297,0.284,0.0001,0.0,0.0043,-0.0134,-1.582,0.4173,0.787,0.2601,0.8248,0.8376,-0.2685,0.01,0.0799,0.077,0.0623,0.0649,-0.0451,0.0716,2.9491,0.045
269501,0.9000000000000002,0.0623,0.0,False,False,5.4919,0.249,-0.2018,1.5208,0.0134,-0.3765,-0.2439,0.0012,-0.0022,-0.0028,-0.0042,0.2365,0.3921,0.8034,0.3202,0.8249,0.8376,-0.2685,0.01,-0.0742,0.0786,0.0183,-0.0648,0.0293,-0.0797,3.0959,0.045
269601,0.9000000000000002,0.0791,0.0,False,False,5.508,0.249,-0.2018,1.5205,0.0144,-0.4441,0.2579,0.0,-0.0,-0.0,0.0003,-0.0034,0.3386,0.8023,0.3452,0.8209,0.8376,-0.2685,0.01,0.0732,0.0724,0.0191,-0.0715,0.0779,0.0203,3.0786,0.045
269701,0.9000000000000002,1.1165,0.0,False,False,3.9023,-0.2112,0.7833,0.9961,0.0126,0.1677,0.3347,0.0217,-0.0483,0.0223,0.024,-2.481,0.1962,-0.2029,-0.2019,0.8123,0.8087,-0.28,0.01,0.0737,-0.0335,-0.0744,-0.0568,-0.0671,0.0659,-0.9525,0.045
269801,0.9000000000000002,1.1646,0.0,False,False,3.8497,-0.2436,0.857,0.9542,0.0152,0.0856,0.2904,0.1743,-0.3968,0.2141,-0.0099,0.0476,0.4067,-0.2412,-0.1903,0.8122,0.8232,-0.2681,0.01,0.0747,0.0372,-0.0668,-0.0271,0.0093,0.0615,3.0515,0.045
269901,0.9000000000000002,1.1365,-0.2244,False,False,3.5095,-0.6544,1.6219,0.1032,-0.4158,1.468,0.2664,0.279,-0.3225,0.4005,2.3225,0.2823,0.3301,-0.2641,0.0271,0.9055,0.8297,-0.2368,0.01,0.079,0.0552,-0.0734,0.037,0.0593,-0.0252,-1.6715,0.045
270001,0.9000000000000002,0.8581,-0.1601,False,False,3.3256,-1.0616,2.357,-1.4913,-2.0712,1.3547,0.2092,0.2493,-0.2068,0.4978,0.1471,1.9122,0.6518,-0.0704,0.4906,0.7984,0.7668,-0.2477,0.01,0.0717,0.0509,-0.0693,-0.0527,0.0424,-0.0621,2.1952,0.045
270101,0.9000000000000002,1.0104,-0.0469,False,False,3.0165,-1.1025,2.202,-1.4365,-1.857,1.2174,0.3117,-0.005,-0.0468,0.1213,-0.1046,-0.397,0.5892,-0.1552,0.4721,0.8035,0.838,-0.2636,0.01,0.0758,-0.0389,-0.0499,-0.0052,0.0067,0.0046,0.999,0.045
270201,0.9000000000000002,0.0558,0.0,False,False,5.4513,0.249,-0.2018,1.5208,0.0134,-0.2746,0.2195,0.0004,0.0031,-0.0033,-0.0267,-1.4492,0.4029,0.7938,0.281,0.8237,0.838,-0.2636,0.01,0.0549,0.0277,0.0279,-0.0541,0.0258,0.0039,3.0832,0.045
270301,0.9000000000000002,0.0638,0.0,False,False,5.4298,0.249,-0.2018,1.5203,0.0152,-0.1949,-0.0001,-0.0003,0.0001,0.0003,0.0,-0.0456,0.4069,0.7884,0.2612,0.8212,0.838,-0.2636,0.01,0.0049,0.0443,-0.0015,-0.0156,-0.0223,-0.0779,2.9204,0.045
270401,0.9000000000000002,0.0784,0.0,False,False,5.5092,0.249,-0.2018,1.5205,0.0145,-0.4438,0.1559,0.0002,-0.0001,-0.0005,-0.0007,0.003,0.3362,0.801,0.3491,0.8193,0.838,-0.2636,0.01,0.056,0.0728,0.0494,-0.0725,-0.0351,0.0175,3.0138,0.045
270501,0.9000000000000002,0.0663,0.0,False,False,5.4258,0.249,-0.2018,1.5206,0.0139,-0.2412,0.3584,0.0013,-0.0018,0.0132,-0.0471,-1.8177,0.4214,0.7874,0.2591,0.823,0.838,-0.2636,0.01,0.0765,-0.0167,-0.0781,-0.0186,0.0438,-0.0185,2.9207,0.045
270601,0.9000000000000002,0.9294,-0.0874,False,False,3.0239,-1.1318,2.2766,-1.474,-1.8796,1.2162,0.3053,-0.1589,-0.1216,0.1846,0.4467,-0.5403,0.5877,-0.1264,0.4738,0.8033,0.7902,-0.2293,0.01,0.0713,-0.0627,-0.0672,0.0227,0.0708,0.051,-1.3449,0.045
270701,0.9000000000000002,0.9576,-0.0677,False,False,2.7802,-1.1869,2.3193,-1.4944,-1.6967,1.2236,0.287,-0.0813,0.0688,-0.0539,0.4793,0.3209,0.6022,-0.1454,0.4544,0.8063,0.8034,-0.2238,0.01,0.07,-0.0463,-0.0165,0.0419,0.0381,0.0619,0.6466,0.045
270801,0.9000000000000002,0.9423,-0.0572,False,False,2.6826,-1.4242,2.3936,-1.2477,-1.808,0.2969,0.3591,0.0206,-0.1929,0.2727,0.1782,0.281,0.1754,-0.0732,0.5161,0.8558,0.8362,-0.2718,0.01,0.0774,-0.0334,-0.0695,0.0783,-0.0459,0.0682,1.8982,0.045
270901,0.9000000000000002,0.0586,0.0,False,False,5.4435,0.249,-0.2018,1.5205,0.0144,-0.4476,0.2801,0.0,0.0031,-0.0352,-0.0268,0.0271,0.3604,0.7892,0.2894,0.8231,0.8362,-0.2718,0.01,0.0798,0.0748,0.0053,0.0422,-0.0288,0.0731,3.0042,0.045
271001,0.9000000000000002,0.0586,0.0,False,False,5.4309,0.249,-0.2018,1.5205,0.0147,-0.1689,-0.2163,0.0,0.0,-0.0002,0.001,-0.0504,0.4257,0.7894,0.2609,0.8208,0.8362,-0.2718,0.01,-0.0662,0.0492,-0.0098,-0.0115,-0.0648,-0.0792,2.7739,0.045
271101,0.9000000000000002,0.071,0.0,False,False,5.4086,0.249,-0.2018,1.5203,0.0153,-0.1933,-0.1955,0.0024,-0.0016,-0.0193,-0.0232,0.0291,0.4136,0.7823,0.2442,0.8212,0.8362,-0.2718,0.01,-0.0489,-0.0221,-0.0363,-0.0132,-0.0671,-0.0761,2.3761,0.045
271201,0.9000000000000002,0.0831,0.0,False,False,5.3877,0.249,-0.2018,1.5206,0.0142,-0.0652,-0.228,0.0001,0.0,-0.002,0.0093,0.6982,0.391,0.7753,0.2286,0.8173,0.8362,-0.2718,0.01,-0.0652,0.0306,-0.071,-0.0243,-0.0618,-0.0798,1.0615,0.045
271301,0.9000000000000002,0.9473,-0.0461,False,False,2.6663,-1.29,2.337,-1.4027,-1.7088,0.4844,0.3272,0.0821,-0.0499,0.175,0.2946,-0.2341,0.458,-0.1216,0.4924,0.8425,0.7921,-0.3018,0.01,0.0736,-0.0242,-0.05,0.0527,-0.0239,-0.0327,1.1203,0.045
271401,0.9000000000000002,0.9763,-0.0344,False,False,2.6709,-1.3494,2.277,-1.3594,-1.7934,0.3678,0.3287,0.0271,0.0492,0.2206,0.0087,-0.0799,0.1763,-0.1464,0.5469,0.8328,0.8007,-0.2362,0.01,0.0768,-0.0363,-0.0468,0.0778,-0.0712,0.0587,2.7069,0.045
271501,0.9000000000000002,0.9433,-0.0874,False,False,2.4722,-1.4696,2.2816,-1.264,-1.6646,0.2438,0.3996,-0.0397,0.0037,0.3801,0.4982,0.4469,0.1138,-0.1504,0.5385,0.8519,0.7578,-0.2586,0.01,0.0797,-0.0524,-0.0466,0.0645,0.0326,0.0606,0.233,0.045
271601,0.9000000000000002,0.9726,-0.0533,False,False,2.3606,-1.5205,2.3124,-1.2644,-1.7406,0.1719,0.2845,-0.125,0.0261,0.5984,-0.0871,-0.1918,0.267,-0.1266,0.5547,0.8735,0.8165,-0.218,0.01,0.06,-0.0649,-0.0423,0.0717,-0.0757,-0.0297,2.3297,0.045
271701,0.9000000000000002,0.0542,-0.0085,False,False,5.4413,0.249,-0.2018,1.5205,0.0145,-0.4438,-0.0066,0.001,-0.0017,-0.0008,-0.0019,0.1194,0.3479,0.7819,0.2998,0.8165,0.8165,-0.218,0.01,-0.0017,0.0731,-0.0007,-0.0613,-0.0613,-0.0738,3.0564,0.045
271801,0.9000000000000002,0.2805,0.0079,False,False,5.1371,0.249,-0.2018,1.5205,0.0145,-0.4438,0.3295,0.0,0.0018,-0.0083,-0.0135,-0.008,0.3362,0.6702,0.0816,0.8144,0.8375,-0.2446,0.01,0.0795,-0.0054,-0.0437,-0.0741,-0.019,-0.0243,1.4381,0.045
271901,0.9000000000000002,1.1646,-0.0424,False,False,3.4632,-0.461,1.3822,0.647,0.0127,0.4214,0.2387,0.0564,-0.1468,0.0932,-0.0102,-0.3542,0.1705,-0.3609,-0.009,0.815,0.7697,-0.2809,0.01,0.0748,0.0522,-0.0114,0.0133,-0.0545,0.0061,-0.0622,0.045
272001,0.9000000000000002,1.0529,-0.1498,False,False,3.4526,-0.7576,1.7305,-0.2416,-1.1146,1.596,0.2053,0.148,-0.2739,0.3529,1.4406,-0.2653,0.3066,-0.1913,0.1979,0.9906,0.8376,-0.2534,0.01,0.0731,0.0581,-0.0584,-0.0481,-0.0143,-0.0611,-1.3474,0.045
272101,0.9000000000000002,0.0531,0.0,False,False,5.4586,0.249,-0.2018,1.5208,0.0133,-0.2831,-0.2763,0.0001,0.0017,0.0001,0.0079,0.8684,0.381,0.7955,0.2946,0.8222,0.8376,-0.2534,0.01,-0.0798,0.066,0.013,0.0369,0.0049,-0.0795,3.0272,0.045
272201,0.9000000000000002,0.0696,0.0,False,False,5.4274,0.249,-0.2018,1.5203,0.0153,-0.1935,-0.0015,-0.0003,0.0008,-0.0055,-0.0049,-0.0105,0.4007,0.7875,0.2596,0.8211,0.8376,-0.2534,0.01,0.0116,0.0006,-0.0721,-0.0062,0.0112,-0.0743,2.6807,0.045
272301,0.9000000000000002,0.9521,-0.0919,False,False,2.4984,-1.4526,2.4398,-1.3423,-1.7316,0.327,0.3471,-0.1466,0.0666,0.3158,0.287,0.6971,0.1674,-0.0869,0.5049,0.8469,0.841,-0.2505,0.01,0.0722,-0.0583,-0.0135,0.0604,0.0115,0.0784,-0.5046,0.045
272401,0.9000000000000002,0.0608,-0.0129,False,False,5.4523,0.249,-0.2018,1.5206,0.0142,-0.4258,-0.2815,0.0,0.0001,-0.0003,0.0031,0.0216,0.3699,0.7885,0.2995,0.8208,0.841,-0.2505,0.01,-0.0728,0.0686,0.0407,-0.077,-0.0175,-0.0774,3.1209,0.045
272501,0.9000000000000002,0.0569,0.0,False,False,5.4536,0.249,-0.2018,1.5204,0.0151,-0.1874,-0.2962,0.001,-0.0007,-0.006,0.0211,-0.2946,0.4111,0.7961,0.2827,0.8207,0.841,-0.2505,0.01,-0.0781,0.0323,-0.0485,-0.0144,-0.0782,-0.0682,3.0171,0.045
272601,0.9000000000000002,0.0643,-0.001,False,False,5.5096,0.249,-0.2018,1.5207,0.0138,-0.4082,-0.3212,0.0055,-0.0052,0.018,0.0136,0.2265,0.3673,0.8047,0.3411,0.8228,0.841,-0.2505,0.01,-0.0793,0.0681,0.0359,-0.064,0.0109,-0.0769,2.9432,0.045
272701,0.9000000000000002,0.0577,0.0,False,False,5.4644,0.249,-0.2018,1.5205,0.0144,-0.4534,0.2762,0.0041,-0.0044,0.0001,0.0074,0.0291,0.3938,0.7959,0.3,0.8259,0.841,-0.2505,0.01,0.0782,0.0742,0.026,0.0059,0.0787,0.0158,2.2871,0.045
272801,0.9000000000000002,0.973,-0.0565,False,False,2.5341,-1.3353,2.2982,-1.3197,-1.7319,0.2468,0.3549,0.0697,-0.1496,0.2518,0.1359,0.2638,0.282,-0.1283,0.5315,0.845,0.8,-0.3048,0.01,0.0777,-0.023,-0.072,0.0728,-0.0484,0.0588,2.86,0.045
272901,0.9000000000000002,0.9476,-0.0389,False,False,2.3937,-1.4797,2.3135,-1.2489,-1.7264,-0.1275,0.2934,0.2081,-0.0198,0.4264,0.0084,0.03,0.2718,-0.1236,0.5428,0.8709,0.7927,-0.2347,0.01,0.0679,0.0005,-0.0536,0.0775,-0.0641,-0.0006,2.5023,0.045
273001,0.9000000000000002,1.1323,-0.0985,False,False,2.1624,-1.5607,2.1732,-1.5076,-1.66,0.0554,0.4246,-0.2118,0.1406,1.1963,-0.1735,0.3875,0.0652,-0.2212,0.6872,0.8484,0.8238,-0.2951,0.01,0.077,-0.0765,-0.0677,0.0769,-0.0664,-0.0126,-2.0611,0.045
273101,0.9000000000000002,0.0816,-0.0158,False,False,5.4637,0.249,-0.2018,1.5205,0.0145,-0.4438,0.1711,-0.0,0.0,-0.0,0.0,0.0,0.3362,0.7843,0.3222,0.8138,0.8238,-0.2951,0.01,0.0593,0.076,0.0219,-0.0781,0.0417,-0.0723,2.9363,0.045
273201,0.9000000000000002,0.8545,0.0,False,False,4.3856,0.1859,-0.0718,1.4536,0.0145,-0.4438,0.3346,-0.1191,0.2486,-0.1227,0.0,-0.0059,0.3362,0.1657,-0.2597,0.8178,0.7983,-0.2359,0.01,0.0793,-0.0448,-0.0166,-0.0255,-0.0515,0.0176,0.1594,0.045
273301,0.9000000000000002,0.9442,0.0,False,False,4.2541,0.1475,0.0081,1.4121,0.0145,-0.4438,0.3063,-0.1385,0.2889,-0.1504,0.0,0.0022,0.3362,0.0572,-0.2757,0.8182,0.8295,-0.2833,0.01,0.0754,-0.0393,0.0297,0.0192,0.0277,-0.0126,-2.5684,0.045
273401,0.9000000000000002,0.9947,-0.0513,False,False,2.5784,-1.3321,2.2858,-1.3692,-1.6244,0.7072,0.3539,-0.0102,0.0539,0.1818,0.2598,-0.2339,0.119,-0.1604,0.5159,0.8288,0.8122,-0.2384,0.01,0.0773,-0.0412,-0.0359,0.0763,-0.0068,0.0499,-0.1326,0.045
273501,0.9000000000000002,1.0257,-0.0551,False,False,2.4125,-1.4323,2.2793,-1.2523,-1.6933,0.239,0.2564,0.2019,-0.1436,0.1026,0.0875,0.3313,0.117,-0.1427,0.5497,0.8544,0.8432,-0.2758,0.01,0.0603,-0.0072,-0.0779,0.0393,-0.053,0.0769,-0.65,0.045
273601,0.9000000000000002,0.0755,-0.0181,False,False,5.4486,0.249,-0.2018,1.5205,0.0145,-0.4438,0.2755,0.0007,-0.0003,-0.0018,0.0118,0.0447,0.3362,0.7812,0.3099,0.8141,0.8432,-0.2758,0.01,0.0781,0.0791,0.0303,-0.0791,0.0728,0.0041,3.1127,0.045
273701,0.9000000000000002,0.0726,0.0,False,False,5.4892,0.249,-0.2018,1.5207,0.0138,-0.404,-0.2965,0.0041,-0.0071,-0.0126,-0.0172,0.2016,0.3732,0.8012,0.323,0.8235,0.8432,-0.2758,0.01,-0.0773,0.0488,0.0167,-0.065,-0.0749,-0.0791,3.0955,0.045
273801,0.9000000000000002,0.0725,0.0,False,False,5.4063,0.249,-0.2018,1.5208,0.0133,0.1452,-0.2966,0.0001,0.0072,0.0221,-0.0005,0.6343,0.4099,0.7816,0.2422,0.8107,0.8432,-0.2758,0.01,-0.0673,-0.039,-0.0343,-0.0745,-0.066,0.0203,2.3265,0.045
273901,0.9000000000000002,0.0669,0.0,False,False,5.4591,0.249,-0.2018,1.5205,0.0144,-0.4476,0.2827,0.0,-0.0,0.0,-0.0,-0.0015,0.3603,0.7924,0.3034,0.8223,0.8432,-0.2758,0.01,0.0774,0.078,-0.0743,0.0452,0.0489,0.0074,2.6952,0.045
274001,0.9000000000000002,0.9524,-0.0561,False,False,2.4299,-1.4812,2.293,-1.2572,-1.7414,0.1278,0.3658,0.0294,-0.0309,0.405,0.0812,0.3998,0.2311,-0.1311,0.5519,0.8648,0.7867,-0.2413,0.01,0.0785,-0.0341,-0.0543,0.0592,-0.0558,0.0704,2.997,0.045
274101,0.9000000000000002,1.1148,-0.0731,False,False,2.1143,-1.5836,2.1712,-1.4938,-1.5971,0.0026,0.363,-0.1036,0.3567,1.9299,0.2113,0.0966,0.222,-0.2261,0.681,0.8586,0.8065,-0.2832,0.01,0.0564,-0.0754,-0.0588,0.0626,-0.0208,0.0243,0.9728,0.045
274201,0.9000000000000002,0.074,0.004,False,False,5.3384,0.249,-0.2018,1.5205,0.0145,-0.4438,0.2795,0.0003,0.0001,-0.0008,-0.0008,0.0017,0.3362,0.7499,0.2256,0.814,0.8065,-0.2832,0.01,0.0792,0.075,-0.0196,-0.0761,-0.0703,0.0598,2.8407,0.045
274301,0.9000000000000002,0.1963,0.0004,False,False,5.1656,0.249,-0.2018,1.5205,0.0145,-0.4438,0.1866,0.0001,0.0003,-0.0031,0.0131,0.0366,0.3362,0.683,0.1015,0.814,0.8007,-0.2932,0.01,0.0627,0.0779,-0.0684,-0.0617,0.0002,0.0211,0.8799,0.045
274401,0.9500000000000004,0.3068,0.0053,False,False,5.0699,0.249,-0.2018,1.5205,0.0145,-0.4438,0.2823,0.0068,-0.0071,0.015,0.0235,0.0145,0.3362,0.6373,0.0373,0.8145,0.8191,-0.2668,0.01,0.0786,0.067,0.074,-0.074,-0.0375,-0.0715,0.3863,0.045
274501,0.9500000000000004,0.5163,0.007,False,False,4.8242,0.249,-0.2018,1.5205,0.0145,-0.4438,0.3272,0.0007,-0.0005,0.0007,0.0004,-0.035,0.3362,0.4935,-0.1033,0.815,0.7986,-0.2375,0.01,0.079,0.0007,0.0566,0.0747,-0.0499,-0.0289,-0.2174,0.0475
274601,0.9500000000000004,0.5356,0.01,False,False,4.7807,0.249,-0.2018,1.5205,0.0145,-0.4438,0.3577,0.0,0.0024,0.0073,0.0001,-0.0071,0.3362,0.4646,-0.1255,0.8156,0.7752,-0.2399,0.01,0.0786,-0.0684,-0.042,0.02,-0.0666,-0.0214,0.2982,0.0475
274701,0.9500000000000004,0.1869,0.0,False,False,5.3684,0.249,-0.2018,1.5205,0.0145,0.0534,-0.3249,0.0012,0.0028,0.0093,0.0293,0.9864,0.424,0.7699,0.2119,0.8133,0.7784,-0.1529,0.01,-0.0776,-0.0249,-0.0137,-0.0781,-0.0437,-0.0749,2.4694,0.0475
274801,0.9500000000000004,0.1781,0.0,False,False,5.402,0.249,-0.2018,1.5205,0.0145,0.0582,-0.1767,0.0006,0.0042,0.011,0.0134,1.4025,0.4135,0.7806,0.2385,0.8132,0.7818,-0.135,0.01,-0.0428,-0.0299,-0.0041,0.0185,-0.0695,0.0691,1.9014,0.0475
274901,0.9500000000000004,0.0602,-0.0015,False,False,5.5416,0.249,-0.2018,1.5205,0.0144,-0.4452,-0.0013,-0.0002,0.001,-0.0003,0.0005,-0.0059,0.3548,0.8077,0.3731,0.8203,0.7804,-0.1312,0.0122,-0.0235,0.0316,0.0463,-0.0605,-0.0051,-0.0045,3.1061,0.0475
275001,0.9500000000000004,0.0683,0.0031,False,False,5.5255,0.249,-0.2018,1.5205,0.0145,-0.4438,0.1793,-0.0,0.0,-0.0,0.0,0.0005,0.3362,0.8026,0.3644,0.818,0.7831,-0.1264,0.01,0.0512,0.0029,0.0567,-0.0701,0.0118,-0.0259,3.0822,0.0475
275101,0.9500000000000004,0.7032,0.0076,False,False,4.6173,0.249,-0.2018,1.5205,0.0145,-0.4438,0.3655,0.0003,-0.0005,0.0003,-0.0001,-0.002,0.3362,0.3483,-0.1933,0.8162,0.8233,-0.2254,0.01,0.0791,-0.0469,0.0624,0.0084,0.0296,0.0602,-0.3374,0.0475
275201,0.9500000000000004,0.9015,0.0,False,False,3.7685,-0.594,1.7638,0.398,0.0136,0.4521,0.1586,0.0803,-0.264,0.1838,0.0,0.0001,0.0181,-0.0765,-0.0191,0.8198,0.7841,-0.3024,0.01,0.0592,0.0675,-0.0771,0.0696,-0.0163,-0.0386,-2.4142,0.0475
275301,0.9500000000000004,1.1637,-0.1714,False,False,3.4344,-0.5757,1.531,0.2816,-0.121,1.171,0.2573,0.2257,-0.2093,0.7409,0.2622,-1.7239,0.2886,-0.3488,0.0106,0.8399,0.783,-0.2732,0.01,0.0698,0.0387,-0.0721,0.0442,-0.0765,-0.0235,1.512,0.0475
275401,0.9500000000000004,0.9653,-0.1086,False,False,3.3136,-0.837,1.8912,-0.5122,-1.4818,1.6718,0.2368,0.063,-0.1789,0.2291,1.1416,0.3249,0.2801,-0.1618,0.337,0.9679,0.7868,-0.2295,0.01,0.0771,0.0074,-0.0486,0.0693,0.0769,0.0644,-0.2944,0.0475
275501,0.9500000000000004,0.8864,-0.0908,False,False,3.1543,-0.9357,2.1365,-1.083,-1.7531,1.497,0.004,0.1081,-0.2786,0.887,-0.0589,0.3107,0.2388,-0.1115,0.4446,0.8534,0.7607,-0.25,0.01,-0.0376,0.0761,-0.0673,0.0382,0.0372,0.0455,-1.8431,0.0475
275601,0.9500000000000004,0.9225,-0.054,False,False,2.5849,-1.3568,2.3976,-1.3694,-1.636,0.4712,0.3272,-0.0165,0.2173,0.1865,0.2697,-0.2313,0.2874,-0.1107,0.479,0.8423,0.799,-0.2147,0.01,0.0735,-0.041,0.0086,0.0782,0.0119,0.0596,2.0139,0.0475
275701,0.9500000000000004,1.0769,-0.0734,False,False,2.1239,-1.574,2.1618,-1.5037,-1.5988,0.0368,0.4465,-0.0593,0.2764,2.0314,0.1479,-0.1491,0.2839,-0.2285,0.6819,0.8605,0.7829,-0.2313,0.01,0.0746,-0.0652,-0.0767,0.0759,-0.0491,-0.0073,2.6794,0.0475
275801,0.9500000000000004,0.1137,0.0064,False,False,5.3234,0.249,-0.2018,1.5205,0.0145,-0.4438,0.2797,0.0,0.0001,0.0002,0.0,0.0012,0.3362,0.745,0.2143,0.8141,0.7829,-0.2313,0.01,0.0799,0.0789,-0.0697,-0.0788,-0.0091,0.0498,2.4017,0.0475
275901,0.9500000000000004,0.302,0.0072,False,False,5.1178,0.249,-0.2018,1.5205,0.0145,-0.4438,0.2565,0.0,0.0,-0.0,-0.0001,-0.0,0.3362,0.6609,0.069,0.8142,0.8387,-0.2381,0.01,0.0725,0.0423,-0.0731,-0.0739,-0.0083,-0.0627,-0.5869,0.0475
276001,0.9500000000000004,0.9323,0.0,False,False,4.2629,0.1078,0.091,1.3688,0.0145,-0.4438,0.2996,-0.0853,0.1792,-0.0938,0.0001,-0.0127,0.3362,0.0665,-0.2721,0.8169,0.8162,-0.2685,0.01,0.0736,-0.0259,-0.0016,0.0703,-0.0373,0.0005,-0.5271,0.0475
276101,0.9500000000000004,1.0221,0.0,False,False,4.0545,-0.1651,0.6799,1.0534,0.0122,0.1843,0.3512,0.0115,-0.0216,0.0132,0.0129,-2.6635,0.2082,-0.0854,-0.2321,0.8138,0.8006,-0.273,0.01,0.0793,-0.033,-0.075,-0.0094,-0.0284,0.0205,-1.9297,0.0475
276201,1.0,1.0705,0.0,False,False,3.9446,-0.2532,0.879,0.9422,0.0135,0.4487,0.2963,0.148,-0.3395,0.192,-0.0018,-0.051,0.2495,-0.139,-0.1952,0.8137,0.8201,-0.2702,0.01,0.075,0.0283,-0.0621,-0.0159,-0.0424,0.0524,0.4607,0.0475
276301,1.0,1.0787,-0.083,False,False,3.5815,-0.5443,1.5573,0.4984,-0.1874,1.3562,0.3191,-0.0086,0.0199,-0.0682,0.1035,-1.3738,0.0922,-0.2511,-0.0224,0.8677,0.7777,-0.2574,0.01,0.0753,-0.0238,-0.023,0.0679,0.0017,-0.0643,-2.2085,0.05
276401,1.0,1.1719,-0.2349,False,False,3.3433,-0.6876,1.6922,-0.0925,-0.0869,1.3674,0.1629,0.2116,-0.2542,0.719,0.6474,-2.3344,0.2455,-0.3564,0.0473,0.8356,0.7954,-0.2908,0.01,0.0566,0.0497,-0.0733,-0.0501,0.0272,0.0697,0.613,0.05
276501,1.0,0.999,-0.1079,False,False,3.1989,-0.8901,2.0034,-0.7951,-1.9958,1.5585,-0.0035,0.1258,-0.3309,1.0765,-0.0177,0.3834,0.3285,-0.1609,0.4939,0.9075,0.8182,-0.2154,0.01,0.0453,0.0751,-0.0792,0.0725,0.0612,0.0576,2.0027,0.05
276601,1.0,0.9068,-0.0397,False,False,2.842,-1.2443,2.3523,-1.5132,-1.765,1.0247,0.3114,0.0519,0.0939,0.2112,0.1632,-0.1851,0.5923,-0.1241,0.4647,0.8167,0.7629,-0.2724,0.01,0.0764,-0.0276,-0.022,0.0645,-0.0683,0.041,-1.5947,0.05
276701,1.0,0.9719,-0.0533,False,False,2.3387,-1.497,2.3472,-1.2989,-1.6586,0.1529,0.4023,0.0861,0.3597,0.7699,0.0056,0.1835,0.3244,-0.1316,0.5281,0.8675,0.7974,-0.2968,0.01,0.0784,-0.03,0.0178,0.0754,-0.0705,0.0445,2.8582,0.05
276801,1.0,0.056,0.0023,False,False,5.3452,0.249,-0.2018,1.5205,0.0145,-0.4438,0.2776,0.0,-0.0,0.0,-0.0,-0.0,0.3362,0.7521,0.2308,0.814,0.7974,-0.2968,0.01,0.0799,0.0787,-0.0691,-0.0789,0.0155,-0.0686,2.3761,0.05
276901,1.0,0.2045,0.0064,False,False,5.2404,0.249,-0.2018,1.5205,0.0145,-0.4438,0.2849,0.0,0.002,0.0044,-0.0017,-0.0098,0.3362,0.7149,0.1533,0.8143,0.8436,-0.2397,0.01,0.079,0.0677,0.0335,-0.0363,0.0761,-0.0251,1.1438,0.05
277001,1.0,0.0603,0.0,False,False,5.4661,0.249,-0.2018,1.5205,0.0144,-0.454,0.275,-0.0,0.0,-0.0001,-0.0002,-0.0017,0.3975,0.7965,0.3004,0.8263,0.8436,-0.2397,0.01,0.0786,0.0788,-0.044,0.0358,-0.0495,-0.0759,2.9211,0.05
277101,1.0,0.0646,0.0,False,False,5.4495,0.249,-0.2018,1.5205,0.0144,-0.448,0.2814,0.0045,-0.0017,0.0045,-0.0207,-0.0713,0.3629,0.7906,0.2942,0.8231,0.8436,-0.2397,0.01,0.0791,0.0739,-0.0491,-0.0644,-0.0434,-0.0752,2.8178,0.05
277201,1.0,0.0586,-0.0029,False,False,5.4712,0.249,-0.2018,1.5205,0.0145,-0.4438,0.2688,0.0,0.0,-0.0002,-0.0003,-0.0002,0.3362,0.794,0.3164,0.8205,0.8436,-0.2397,0.01,0.0779,0.0767,-0.0666,-0.0772,0.0615,0.0572,2.888,0.05
277301,1.0,0.1059,0.0,False,False,5.3901,0.249,-0.2018,1.5204,0.0149,0.0796,0.4155,0.0005,-0.0001,-0.0076,-0.0547,-1.0262,0.3347,0.7741,0.2338,0.8128,0.8436,-0.2397,0.01,0.0765,-0.0597,-0.0007,0.0481,-0.027,0.0761,-0.5597,0.05
277401,1.0,0.1728,0.0072,False,False,5.2002,0.249,-0.2018,1.5205,0.0145,-0.4438,0.3064,0.0008,-0.0009,0.0031,-0.0002,-0.0093,0.3362,0.6982,0.1251,0.8142,0.7916,-0.2815,0.01,0.0797,0.035,-0.0646,-0.0454,-0.0129,-0.0135,-0.491,0.05
277501,1.0,0.3312,0.008,False,False,5.0758,0.249,-0.2018,1.5205,0.0145,-0.4438,0.2959,0.0,-0.0,-0.0008,-0.0011,-0.0013,0.3362,0.6401,0.0418,0.8141,0.8463,-0.2502,0.01,0.0779,0.0313,-0.06,-0.0683,-0.0739,-0.0699,1.9057,0.05
277601,1.0,0.0844,0.0,False,False,5.4126,0.249,-0.2018,1.5206,0.0139,-0.2431,0.2692,-0.0,-0.0004,0.0072,-0.0311,-1.2813,0.3498,0.7809,0.2564,0.8211,0.8463,-0.2502,0.01,0.0745,0.0509,-0.0652,-0.0768,-0.013,0.0792,2.5829,0.05
277701,1.0,0.1083,0.0,False,False,5.3818,0.249,-0.2018,1.5203,0.0152,0.0862,-0.33,0.0016,-0.0031,-0.0022,-0.0061,0.0504,0.4391,0.7748,0.2215,0.812,0.8463,-0.2502,0.01,-0.078,-0.0426,-0.0609,-0.0088,0.0377,-0.0165,2.5617,0.05
277801,1.0,0.0664,-0.0043,False,False,5.4491,0.249,-0.2018,1.5205,0.0145,-0.4438,0.2847,-0.0,0.0001,-0.0016,0.0063,0.0272,0.3362,0.7864,0.3032,0.8183,0.8463,-0.2502,0.01,0.0792,0.078,-0.0017,-0.0784,0.0142,0.0595,2.9371,0.05
277901,1.0,0.0903,0.0,False,False,5.4075,0.249,-0.2018,1.5205,0.0144,-0.1536,-0.2167,-0.0,-0.0,0.0001,-0.0005,0.0257,0.3685,0.7807,0.2454,0.8198,0.8463,-0.2502,0.01,-0.0584,-0.0223,-0.0711,-0.0533,-0.0794,-0.0784,1.4722,0.05
278001,1.0,0.2772,0.0077,False,False,5.1082,0.249,-0.2018,1.5205,0.0145,-0.4438,0.2736,0.0016,-0.0033,0.0014,-0.0004,0.0,0.3362,0.6564,0.0622,0.8145,0.8075,-0.2566,0.01,0.0777,0.0644,-0.0049,-0.0606,-0.0748,-0.071,-0.0315,0.05
278101,1.0,0.4229,0.005,False,False,4.955,0.249,-0.2018,1.5205,0.0145,-0.4438,0.2949,0.0001,-0.0003,-0.0001,-0.0001,-0.0508,0.3362,0.5744,-0.033,0.8148,0.7989,-0.2255,0.01,0.0674,-0.0451,0.029,-0.0536,-0.0766,-0.0792,-2.312,0.05
278201,1.0,0.6432,0.0068,False,False,4.6221,0.249,-0.2018,1.5205,0.0145,-0.4438,0.3411,0.0002,-0.0004,0.0002,-0.0004,-0.0361,0.3362,0.3523,-0.1897,0.8153,0.8049,-0.2835,0.01,0.0798,-0.0209,-0.0474,-0.0405,-0.0207,0.0691,-1.6935,0.05
278301,1.0,0.8117,0.0,False,False,4.4172,0.0588,0.1943,1.3145,0.0144,-0.4438,0.3252,-0.0929,0.1994,-0.0973,0.0012,-0.0023,0.3362,0.1918,-0.2516,0.8181,0.8062,-0.2718,0.01,0.0799,-0.0134,0.0567,-0.0161,0.053,-0.0473,-2.0819,0.05
278401,1.0,0.8645,0.0075,False,False,4.3088,0.1615,-0.0211,1.4273,0.0145,-0.4438,0.3226,-0.0055,0.0114,-0.0059,0.0,-0.0,0.3362,0.1027,-0.2707,0.8179,0.7867,-0.2927,0.01,0.0776,0.0006,-0.0324,-0.0606,-0.0595,0.0112,3.006,0.05
278501,1.0,0.955,0.0,False,False,4.1802,0.0029,0.3134,1.2512,0.0152,-0.1939,0.2989,0.1267,-0.27,0.1385,-0.0145,-0.2159,0.2114,-0.0001,-0.264,0.8154,0.7867,-0.2733,0.01,0.0781,0.0435,-0.0337,0.0409,0.0577,0.0273,2.4958,0.05
278601,1.0,1.1244,0.0,False,False,4.017,0.1329,0.0385,1.3963,0.0142,-0.4566,0.313,-0.0686,0.1437,-0.0729,-0.0045,-0.0928,0.4141,-0.1577,-0.2751,0.8282,0.8095,-0.2529,0.01,0.0772,-0.0056,0.0283,0.0421,-0.0623,-0.0748,3.1026,0.05
278701,1.0,1.1435,-0.0537,False,False,3.8029,-0.2537,0.88,0.9416,0.0136,0.4508,0.2978,0.18,-0.413,0.233,0.0001,-0.0006,0.3319,-0.2461,-0.1706,0.8116,0.8118,-0.2871,0.01,0.0757,0.0369,-0.0732,0.0588,-0.0467,0.0329,2.9804,0.05
278801,1.0,1.1194,-0.1728,False,False,3.5619,-0.5307,1.5308,0.4871,-0.002,0.5737,0.2751,0.1329,-0.1674,0.2864,0.6646,-2.2624,0.1668,-0.2672,-0.0268,0.8197,0.8027,-0.2488,0.01,0.0762,0.0226,-0.0404,0.0723,-0.0612,0.0451,-1.654,0.05
278901,1.0,1.2196,-0.2363,False,False,3.3962,-0.6191,1.5717,0.1309,-0.1775,1.5447,0.27,0.2931,-0.2569,1.1716,0.3077,-2.1522,0.2684,-0.3515,0.0305,0.8509,0.83,-0.2235,0.01,0.0756,0.0682,-0.0765,0.0261,0.0433,-0.0698,-0.9092,0.05
279001,1.0,0.9607,-0.0908,False,False,3.1619,-0.8999,2.0428,-0.9695,-2.1036,1.9269,0.0025,0.1512,-0.3359,1.0081,0.0396,-0.1321,0.2866,-0.1657,0.5308,0.8541,0.7683,-0.2347,0.01,-0.0125,0.0736,-0.077,0.0678,0.0156,-0.0078,-0.2861,0.05
279101,1.0,0.9404,-0.067,False,False,2.8993,-1.1943,2.2635,-1.4416,-1.5703,1.1837,0.2892,0.3853,-0.0034,0.0807,0.0317,0.7248,0.3974,-0.1571,0.4271,0.8105,0.7777,-0.2228,0.01,0.0793,0.0393,-0.0381,0.048,-0.0243,-0.029,2.1796,0.05
279201,1.0,0.9524,-0.0626,False,False,2.4279,-1.4053,2.2674,-1.2511,-1.6932,0.2733,0.3727,0.0838,-0.0389,0.3062,0.3305,0.2235,0.1397,-0.144,0.5496,0.8515,0.7689,-0.2647,0.01,0.0793,-0.0258,-0.0554,0.0672,-0.0096,0.061,1.1391,0.05
279301,1.0,0.0472,14.9856,True,False,5.4355,0.249,-0.2018,1.5205,0.0144,-0.4538,0.2847,-0.0,0.0,0.0004,-0.0002,-0.0732,0.3962,0.7826,0.2876,0.8202,0.7766,-0.2225,0.0158,0.0793,0.0739,0.0614,-0.079,0.0721,0.0444,3.115,0.05
279401,1.0,0.1284,0.0068,False,False,5.3205,0.249,-0.2018,1.5205,0.0145,-0.4438,0.2795,-0.0,0.0,0.0,0.0,0.0,0.3362,0.7441,0.2121,0.8141,0.8158,-0.2341,0.01,0.0798,0.0786,-0.0216,-0.0778,0.0025,0.048,2.7789,0.05
279501,1.0,0.2447,0.0075,False,False,5.1957,0.249,-0.2018,1.5205,0.0145,-0.4438,0.2827,-0.0,0.0,-0.0,0.0,0.0,0.3362,0.6963,0.1219,0.8142,0.8171,-0.2167,0.01,0.0799,0.077,0.019,-0.0698,-0.0576,0.0121,1.7066,0.05
279601,1.0,0.3068,0.0069,False,False,5.0498,0.249,-0.2018,1.5205,0.0145,-0.4438,0.2763,0.0003,-0.0005,0.0007,0.0011,0.0052,0.3362,0.6267,0.0251,0.8143,0.7762,-0.2581,0.01,0.0761,0.0483,-0.0315,-0.0595,0.0717,-0.0499,1.3532,0.05
279701,1.0,0.4755,0.0089,False,False,4.8245,0.249,-0.2018,1.5205,0.0145,-0.4438,0.3144,-0.0,-0.0,0.0,-0.0001,-0.0001,0.3362,0.4937,-0.1022,0.8146,0.7568,-0.257,0.01,0.0777,-0.0115,-0.074,0.0265,0.0088,-0.0092,-1.9783,0.05
279801,1.0,0.1034,0.0,False,False,5.4966,0.249,-0.2018,1.5207,0.0136,-0.2539,-0.3424,0.0081,-0.0158,-0.0004,0.0339,1.3034,0.4161,0.8059,0.3143,0.8237,0.7642,-0.1473,0.01,-0.071,-0.0309,0.0664,-0.0639,-0.0403,-0.0294,3.0364,0.05
279901,1.0,0.1069,0.0063,False,False,5.4609,0.249,-0.2018,1.5205,0.0145,-0.4438,0.2844,0.0002,0.0001,-0.0011,-0.0008,0.005,0.3362,0.7892,0.3125,0.8183,0.7658,-0.1371,0.01,0.0798,0.0745,0.0378,-0.0716,0.0669,0.0797,3.0236,0.05
280001,1.0,0.2173,0.0,False,False,5.3368,0.2469,-0.1988,1.5388,0.038,-0.005,0.0354,-0.2444,0.4778,0.1349,0.4924,-0.0011,0.314,0.7561,0.1967,0.8107,0.7663,-0.1373,0.01,0.0258,-0.0656,0.0776,-0.0172,0.0711,0.066,1.8159,0.05
280101,1.0,0.1699,0.0,False,False,5.4073,0.249,-0.2018,1.5205,0.0146,-0.0454,-0.07,0.0008,-0.0016,0.0018,-0.0027,-0.3267,0.3622,0.7806,0.2453,0.8164,0.7665,-0.1374,0.01,-0.0303,-0.0668,-0.0522,-0.0317,-0.009,-0.0317,0.4437,0.05
280201,1.0,0.4648,0.0074,False,False,4.8224,0.249,-0.2018,1.5205,0.0145,-0.4438,0.246,-0.0,0.0,0.0,0.0,-0.0,0.3362,0.4923,-0.103,0.8145,0.7681,-0.2796,0.01,0.0696,0.0262,-0.0527,0.0142,-0.0554,-0.0428,0.6127,0.05
280301,1.0,0.6592,0.0088,False,False,4.6232,0.249,-0.2018,1.5205,0.0145,-0.4438,0.302,-0.0,-0.0,0.0,-0.0,-0.0,0.3362,0.3528,-0.1907,0.816,0.804,-0.2609,0.01,0.0752,-0.0107,-0.0698,-0.0232,-0.0729,0.007,-2.6801,0.05
280401,1.0,0.7898,0.0,False,False,4.4254,0.2412,-0.1858,1.5123,0.0145,-0.4438,0.3118,0.0644,-0.1284,0.0725,0.0171,0.0179,0.3362,0.1974,-0.2519,0.819,0.8124,-0.3071,0.01,0.0763,0.0081,-0.0665,-0.0214,-0.062,0.0496,-2.5652,0.05
280501,1.0,1.0957,-0.0637,False,False,3.7524,-0.4483,1.3493,0.6669,0.0136,0.4521,0.2696,0.183,-0.4703,0.2871,0.0005,0.0141,0.1335,-0.1885,-0.0921,0.8171,0.8209,-0.2166,0.01,0.0792,0.074,-0.0734,0.0349,-0.0247,0.0408,0.4945,0.05
280601,1.0,1.1183,-0.246,False,False,3.4173,-0.6503,1.6729,0.0992,-0.1446,1.3633,0.2345,0.2915,-0.1667,1.163,0.3946,-2.5439,0.2881,-0.3166,0.0288,0.8438,0.775,-0.2846,0.01,0.0724,0.0789,-0.0438,-0.0519,0.0773,-0.0784,-0.7949,0.05
280701,1.0,1.0029,-0.1703,False,False,3.238,-0.8668,1.9785,-0.4781,-1.3125,1.6721,0.22,0.1831,-0.3657,0.741,1.3761,0.0434,0.3437,-0.1597,0.3032,0.9831,0.8243,-0.2595,0.01,0.0795,0.0659,-0.0779,0.0731,0.0673,0.0096,1.1709,0.05
280801,1.0,0.9385,-0.0374,False,False,2.8648,-1.2441,2.3923,-1.4922,-1.716,1.2153,0.3016,-0.0566,0.0435,-0.0143,0.0588,0.3175,0.3744,-0.1003,0.4546,0.8103,0.8266,-0.2405,0.01,0.079,-0.0423,-0.023,0.036,-0.0068,0.0039,2.1794,0.05
280901,1.0,0.9528,-0.0536,False,False,2.5468,-1.3631,2.3162,-1.2978,-1.5319,0.4559,0.2177,0.0032,-0.0327,0.2582,0.372,0.1829,0.2091,-0.149,0.4794,0.8446,0.7866,-0.2421,0.01,0.0492,-0.0366,-0.0459,0.0637,0.0456,0.0528,1.6186,0.05
281001,1.0,0.9929,-0.0756,False,False,2.282,-1.4981,2.2369,-1.2669,-1.5417,0.0356,0.3921,0.0995,-0.0085,0.6343,0.3661,0.281,0.331,-0.1873,0.5501,0.8805,0.7747,-0.2283,0.01,0.078,-0.0202,-0.0664,0.0704,0.0249,0.0632,2.8792,0.05
281101,1.0,0.0618,-0.0048,False,False,5.4025,0.249,-0.2018,1.5205,0.0144,-0.4449,0.2791,-0.0,0.0001,-0.0008,0.0024,-0.0298,0.3435,0.7701,0.2726,0.815,0.7759,-0.2197,0.0135,0.0798,0.0789,-0.0354,-0.0715,0.0373,0.0748,2.9482,0.05
281201,1.0,0.1984,0.0059,False,False,5.157,0.249,-0.2018,1.5205,0.0145,-0.4438,0.3194,0.0005,0.0023,0.0091,-0.0004,-0.0475,0.3362,0.6793,0.095,0.8143,0.7807,-0.2861,0.01,0.0783,0.0111,0.0543,-0.0659,0.0768,-0.0751,0.7891,0.05
281301,1.0,0.2336,0.0111,False,False,5.1171,0.249,-0.2018,1.5205,0.0145,-0.4438,0.3319,0.0,-0.0,0.0,0.0,0.0008,0.3362,0.6609,0.0677,0.8146,0.7921,-0.2905,0.01,0.077,-0.0404,-0.0193,-0.0727,0.0439,0.0608,2.3699,0.05
281401,1.0,0.2368,0.0078,False,False,5.0937,0.249,-0.2018,1.5205,0.0145,-0.4438,0.3123,0.0023,-0.0046,0.0016,0.0002,-0.0166,0.3362,0.6492,0.0529,0.8144,0.7628,-0.2907,0.01,0.0784,0.0136,0.0206,-0.0767,0.076,-0.0154,0.0819,0.05
281501,1.0,0.4496,0.0077,False,False,4.9357,0.249,-0.2018,1.5205,0.0145,-0.4438,0.3017,0.0,0.0002,0.0008,-0.0,-0.0084,0.3362,0.563,-0.0434,0.8145,0.8161,-0.2226,0.01,0.0797,0.0481,0.0683,-0.0421,-0.0062,0.0226,-1.6135,0.05
281601,1.0,0.5503,0.009,False,False,4.7433,0.249,-0.2018,1.5205,0.0145,-0.4438,0.3288,-0.0,0.0,0.0,0.0,0.0007,0.3362,0.4391,-0.1411,0.815,0.7774,-0.2579,0.01,0.0764,-0.0383,-0.0585,-0.0152,0.0697,-0.0533,0.4638,0.05
281701,1.0,0.8721,0.0,False,False,4.2982,0.1097,0.0871,1.3709,0.0145,-0.4438,0.2978,0.1449,-0.2981,0.1526,-0.0131,-0.0323,0.3362,0.0942,-0.2713,0.818,0.7656,-0.2653,0.01,0.0789,0.0677,0.0378,0.015,0.0257,-0.0026,-1.854,0.05
281801,1.0,1.0285,0.0,False,False,4.089,-0.1202,0.5803,1.1081,0.0121,0.2841,0.3107,0.1634,-0.3596,0.1972,-0.0042,-0.4896,0.4448,-0.0852,-0.2598,0.8061,0.7927,-0.2741,0.01,0.0783,0.0444,-0.0551,-0.0123,-0.0549,0.0092,2.6045,0.05
281901,1.0,1.0199,-0.0088,False,False,3.8734,-0.355,1.1176,0.8053,0.0136,0.452,0.2794,0.1847,-0.4437,0.2595,0.0009,0.0194,-0.0,-0.1475,-0.1412,0.8203,0.7935,-0.2991,0.01,0.0789,0.0665,-0.051,-0.0376,0.0223,-0.0069,-2.856,0.05
282001,1.0,1.1372,-0.0471,False,False,3.7125,-0.4205,1.2786,0.7102,0.012,0.2914,0.2617,0.1416,-0.3556,0.214,0.0002,-0.0061,0.1526,-0.2537,-0.0935,0.8109,0.7986,-0.2129,0.01,0.0781,0.0627,-0.0359,-0.0287,-0.0693,0.0567,-2.0457,0.05
282101,1.0,1.1098,-0.0517,False,False,3.5703,-0.5311,1.5723,0.527,0.0122,0.3995,0.2371,0.1174,-0.3338,0.2152,0.0053,0.2696,0.1324,-0.2509,-0.021,0.8153,0.8035,-0.2257,0.01,0.078,0.0684,-0.0541,0.0616,-0.0007,0.0499,-2.6961,0.05
282201,1.0,1.1008,-0.1287,False,False,3.4547,-0.6446,1.6862,0.1409,-0.135,1.2759,0.3463,-0.0751,0.0282,-0.5263,0.4125,-1.3685,0.1926,-0.29,0.0203,0.8469,0.7768,-0.2643,0.01,0.0789,-0.0296,-0.0255,-0.0761,-0.0558,-0.018,0.8099,0.05
282301,1.0,1.0234,-0.1277,False,False,3.2628,-0.8123,1.8687,-0.3073,-1.1215,1.9059,0.2625,0.0861,-0.2046,0.0823,1.4636,0.1152,0.4556,-0.2061,0.2419,0.9839,0.7969,-0.2467,0.01,0.0791,0.0114,-0.0686,-0.0226,-0.0079,0.021,2.7944,0.05
282401,1.0,0.9224,-0.0755,False,False,3.1575,-0.9374,2.1326,-0.9688,-1.9164,1.5937,-0.0103,0.0737,-0.28,0.9558,0.0068,-0.1081,0.2996,-0.1139,0.4831,0.8819,0.7923,-0.2126,0.01,0.0249,0.0668,-0.0788,0.0386,0.0295,-0.0404,2.3225,0.05
282501,1.0,0.9262,-0.0447,False,False,3.0144,-1.1107,2.3275,-1.4694,-1.9162,1.2879,0.3139,0.122,-0.1342,0.0984,0.0698,-0.1721,0.5136,-0.0981,0.4847,0.8029,0.797,-0.3029,0.01,0.0773,-0.0098,-0.0668,0.0706,-0.0617,0.0374,-0.1658,0.05
282601,1.0,0.9068,-0.1152,False,False,2.9122,-1.1939,2.3097,-1.4229,-1.6523,0.9698,0.315,0.3013,0.2071,0.0013,0.5614,1.0988,0.4782,-0.1194,0.4395,0.8226,0.7757,-0.2513,0.01,0.0771,0.0172,0.0093,0.0757,0.0478,-0.0124,1.5189,0.05
282701,1.0,0.9548,-0.0787,False,False,2.6063,-1.2881,2.3159,-1.3703,-1.7304,0.4871,0.3177,0.1968,-0.1703,0.1402,0.4769,0.3263,0.3622,-0.1274,0.5137,0.8412,0.7996,-0.2591,0.01,0.0763,-0.0045,-0.0764,0.0749,0.0069,0.0165,2.1148,0.05
282801,1.0,0.9894,-0.0533,False,False,2.3091,-1.4629,2.2308,-1.2825,-1.5625,0.1065,0.3341,0.1946,-0.0373,0.5179,-0.0824,0.192,0.3164,-0.1865,0.5526,0.8704,0.7683,-0.2443,0.01,0.0738,-0.0097,-0.0736,0.0738,-0.0674,0.05,3.0948,0.05
282901,1.0,0.0495,14.9863,True,False,5.4563,0.249,-0.2018,1.5205,0.0144,-0.4495,0.2844,-0.0,0.0016,-0.0256,-0.0305,-0.0611,0.3715,0.7864,0.3088,0.8178,0.7671,-0.2018,0.0149,0.0791,0.0739,0.0669,-0.0789,0.0756,0.0021,3.0595,0.05
283001,1.0,0.1,0.0064,False,False,5.3413,0.249,-0.2018,1.5205,0.0145,-0.4438,0.2813,0.0001,-0.0001,-0.0003,-0.0,0.0057,0.3362,0.751,0.2277,0.8141,0.7849,-0.2314,0.01,0.0799,0.0787,-0.0135,-0.0751,0.0767,-0.0426,2.9166,0.05
283101,1.0,0.1492,0.0063,False,False,5.3102,0.249,-0.2018,1.5205,0.0145,-0.4438,0.2919,0.0001,0.0,-0.0014,-0.0001,0.0029,0.3362,0.7405,0.2045,0.8141,0.8343,-0.232,0.01,0.0799,0.0656,-0.0099,-0.0795,0.0712,-0.0495,2.5716,0.05
283201,1.0,0.3573,0.0063,False,False,4.9728,0.249,-0.2018,1.5205,0.0145,-0.4438,0.3141,0.0002,0.0001,-0.0059,0.0172,0.059,0.3362,0.5846,-0.0219,0.8144,0.807,-0.2934,0.01,0.0785,-0.0036,-0.0647,-0.0102,0.0018,-0.0275,1.7319,0.05
283301,1.0,0.4176,0.0062,False,False,4.907,0.249,-0.2018,1.5205,0.0145,-0.4438,0.3476,0.0057,-0.0038,0.0246,0.0131,-0.0213,0.3362,0.5458,-0.0594,0.8146,0.8113,-0.2879,0.01,0.0794,-0.0321,-0.0624,0.0728,-0.0265,-0.0594,-1.7412,0.05
283401,1.0,0.7639,0.0035,False,False,4.4905,0.0944,0.1193,1.354,0.0145,-0.4438,0.3309,-0.0283,0.0599,-0.0309,0.0003,-0.0031,0.3362,0.2498,-0.237,0.8177,0.7724,-0.2305,0.01,0.0793,-0.0282,-0.0744,0.0153,0.0786,0.0129,-0.1153,0.05
283501,1.0,0.9282,0.0,False,False,4.2825,-0.1042,0.5453,1.1271,0.015,-0.048,0.3231,0.0185,-0.0406,0.1547,0.1569,-0.7732,0.3971,0.0727,-0.2629,0.8165,0.7873,-0.2212,0.01,0.077,-0.0148,-0.0568,-0.0725,-0.0119,0.0365,1.9949,0.05
283601,1.0,1.0418,0.0,False,False,4.1029,-0.1532,0.6534,1.0681,0.0121,0.2872,0.2569,0.1258,-0.2785,0.1404,-0.011,0.1365,0.4702,-0.0697,-0.2544,0.8055,0.8288,-0.2773,0.01,0.0653,0.0173,-0.0719,-0.0511,-0.0393,-0.0284,2.794,0.05
283701,1.0,1.1031,-0.0633,False,False,3.6802,-0.4127,1.2589,0.7217,0.0136,0.4521,0.2303,0.1671,-0.4122,0.2168,-0.0314,0.2007,0.174,-0.2564,-0.0896,0.8158,0.7944,-0.3051,0.01,0.0693,0.0611,-0.0579,0.0365,-0.011,0.0682,0.1954,0.05
283801,1.0,1.1058,-0.0576,False,False,3.7023,-0.4894,1.457,0.6005,0.0126,0.4186,0.2641,0.1551,-0.4158,0.2594,0.0058,0.223,0.1507,-0.2004,-0.0671,0.8154,0.8446,-0.2564,0.01,0.0797,0.069,-0.0765,0.0703,-0.0439,0.0294,-2.0666,0.05
283901,1.0,0.0758,0.0,False,False,5.4234,0.249,-0.2018,1.5206,0.0139,-0.4143,0.2821,0.0,0.0001,0.0003,0.0003,-0.0218,0.3335,0.7833,0.2659,0.8251,0.8446,-0.2564,0.01,0.055,-0.0415,-0.0554,0.0769,-0.0609,0.0309,-0.0312,0.05
284001,1.0,0.0915,0.0,False,False,5.3953,0.249,-0.2018,1.5206,0.0141,0.117,0.0009,0.0042,-0.0082,-0.0011,0.0095,-0.008,0.3457,0.7762,0.2369,0.8118,0.8446,-0.2564,0.01,-0.0151,-0.0053,0.0032,-0.0568,-0.0538,-0.0327,0.9208,0.05
284101,1.0,0.0984,0.0,False,False,5.3869,0.249,-0.2018,1.5206,0.0143,0.0135,-0.0022,0.0043,-0.0036,0.0121,0.0127,-0.0724,0.3534,0.7739,0.2299,0.8148,0.8446,-0.2564,0.01,-0.015,-0.0049,0.0216,-0.0663,0.0009,0.0559,1.0919,0.05
284201,1.0,0.0861,0.0,False,False,5.4036,0.249,-0.2018,1.5205,0.0145,-0.0521,0.0053,0.0,-0.0,0.0003,-0.0015,-0.0808,0.3394,0.7789,0.2447,0.8165,0.8446,-0.2564,0.01,-0.029,-0.0025,0.0284,-0.0771,0.0754,0.0144,1.3759,0.05
284301,1.0,1.1337,-0.0557,False,False,3.6528,-0.4255,1.2913,0.7022,0.0136,0.452,0.2909,0.1741,-0.4383,0.2583,-0.0069,0.0342,0.1386,-0.2654,-0.0773,0.8167,0.7907,-0.2158,0.01,0.0794,0.053,-0.0679,0.0548,0.0504,0.0669,-2.0034,0.05
284401,1.0,1.1549,-0.0419,False,False,3.6077,-0.5371,1.4652,0.3544,-0.0015,0.7522,0.2175,0.0745,-0.1508,0.1529,0.0537,0.4104,0.3571,-0.2708,-0.0556,0.8133,0.8342,-0.2705,0.01,0.0759,0.0043,-0.0391,0.0703,0.0584,0.0003,2.6427,0.05
284501,1.0,0.9659,-0.0471,False,False,2.6466,-1.3703,2.2777,-1.2592,-1.6181,0.2138,0.2491,0.0663,0.0035,0.2933,0.3293,0.0834,0.266,-0.14,0.4887,0.8613,0.8091,-0.2259,0.01,0.0564,-0.0316,-0.0441,0.0774,0.0192,0.021,2.7243,0.05
284601,1.0,0.9835,-0.0594,False,False,2.4849,-1.3471,2.2504,-1.2786,-1.5512,0.3374,0.3689,-0.0308,-0.0832,0.2567,0.3028,0.1766,0.2529,-0.1731,0.5059,0.8579,0.7746,-0.298,0.01,0.0774,-0.0465,-0.0631,0.0673,0.0108,0.0447,0.8142,0.05
284701,1.0,0.9545,-0.0466,False,False,2.5777,-1.3636,2.3134,-1.2845,-1.6558,0.2363,0.3506,0.1635,0.1723,0.3294,-0.1523,0.0507,0.3042,-0.1267,0.499,0.8587,0.7907,-0.3054,0.01,0.0784,-0.0105,-0.0111,0.075,-0.0723,0.0149,2.891,0.05
284801,1.0,0.9874,-0.0424,False,False,2.6345,-1.3159,2.2786,-1.4305,-1.6412,0.7299,0.2359,-0.0262,-0.023,-0.2132,0.1205,-0.1232,0.3348,-0.17,0.5019,0.8295,0.7993,-0.2325,0.01,0.0591,-0.0459,-0.0606,-0.044,-0.0363,-0.0082,1.9463,0.05
284901,1.0,0.961,-0.0425,False,False,2.4324,-1.4394,2.2842,-1.2412,-1.7007,0.135,0.3415,0.0512,-0.1299,0.3593,0.0307,-0.0728,0.2632,-0.135,0.539,0.8684,0.7967,-0.2331,0.01,0.0747,-0.0305,-0.0729,0.0762,-0.0637,-0.0096,2.0563,0.05
285001,1.0,0.9994,-0.0528,False,False,2.3359,-1.5636,2.2658,-1.2236,-1.6303,0.1205,0.3716,-0.0562,-0.0399,0.7064,-0.0606,0.2209,0.2986,-0.1568,0.5442,0.8917,0.8003,-0.2751,0.01,0.0729,-0.0533,-0.0649,0.077,-0.0718,0.0588,1.8881,0.05
285101,1.0,1.0362,-0.0667,False,False,2.2014,-1.5633,2.2177,-1.282,-1.6129,0.1214,0.423,0.0155,-0.0136,0.8217,0.297,0.242,0.34,-0.1806,0.5901,0.8874,0.7971,-0.2887,0.01,0.0786,-0.0416,-0.0737,0.0771,-0.0084,0.0652,3.0061,0.05
285201,1.0,1.0286,-0.0655,False,False,2.2257,-1.5693,2.2212,-1.2827,-1.5545,0.0422,0.4014,0.0097,-0.0023,0.8255,0.252,0.2666,0.3342,-0.1938,0.5755,0.8862,0.7948,-0.2417,0.01,0.0746,-0.0447,-0.0745,0.0671,-0.0045,0.07,2.8708,0.05
285301,1.0,1.2253,-0.1212,False,False,2.0669,-1.5745,2.1044,-1.697,-1.5995,0.0445,0.4212,-0.1767,0.4438,2.8563,0.1681,0.3365,0.1407,-0.2699,0.7882,0.8572,0.834,-0.2894,0.01,0.0735,-0.0793,-0.0759,0.0771,0.0186,0.0596,2.5773,0.05
285401,1.0,0.07,-0.0107,False,False,5.4125,0.249,-0.2018,1.5205,0.0145,-0.4438,0.2847,0.0004,-0.0002,0.0,-0.0002,0.0016,0.3362,0.7718,0.282,0.814,0.834,-0.2894,0.01,0.08,0.079,0.0514,-0.0788,0.0784,0.0627,2.9847,0.05
285501,1.0,0.1647,0.0,False,False,5.4055,0.249,-0.2026,1.5339,0.03,-0.0854,0.2523,0.0002,-0.0054,0.0828,0.1291,-2.2904,0.4018,0.7811,0.2426,0.8148,0.8503,-0.16,0.01,0.0571,-0.0146,0.0058,-0.0145,0.0438,0.0696,2.0935,0.05
285601,1.0,0.1497,0.0,False,False,5.4217,0.249,-0.2029,1.5385,0.0368,-0.1124,0.0323,-0.0,-0.0032,0.0523,0.0573,0.086,0.3926,0.7856,0.2572,0.814,0.8503,-0.16,0.01,0.0303,-0.0061,0.0483,-0.0235,0.078,0.0282,2.541,0.05
285701,1.0,0.1549,0.0,False,False,5.4091,0.249,-0.2018,1.5208,0.0132,-0.356,0.0008,0.0019,-0.0036,-0.0004,0.0125,-0.0287,0.383,0.7798,0.2562,0.8235,0.8503,-0.16,0.01,-0.0149,-0.0437,0.0396,-0.0393,0.0248,0.0379,3.0425,0.05
285801,1.0,1.1818,-0.113,False,False,2.0685,-1.5736,2.1029,-1.6953,-1.6095,0.0127,0.4303,-0.1704,0.432,2.8539,0.1072,0.0177,0.1397,-0.2619,0.7763,0.8636,0.8265,-0.2282,0.01,0.0759,-0.0779,-0.0789,0.079,-0.0005,0.0077,2.771,0.05
285901,1.0,0.0533,-0.0021,False,False,5.4473,0.249,-0.2018,1.5205,0.0145,-0.4438,0.2834,0.002,-0.0001,-0.0126,-0.0097,-0.001,0.3362,0.7808,0.309,0.8141,0.8265,-0.2282,0.01,0.0793,0.0767,0.0429,-0.0706,0.0769,0.0661,3.0607,0.05
286001,1.0,0.0964,0.0017,False,False,5.353,0.249,-0.2018,1.5205,0.0145,-0.4438,0.279,0.0,-0.0,0.0,0.0,0.0014,0.3362,0.7546,0.2365,0.8141,0.8409,-0.2779,0.01,0.0799,0.0785,-0.0468,-0.0692,0.0673,0.0362,3.0156,0.05
286101,1.0,0.0846,0.0,False,False,5.5067,0.249,-0.2018,1.5205,0.0145,-0.4439,-0.1221,0.0004,-0.0005,-0.0006,0.0004,-0.0364,0.3594,0.8034,0.3407,0.8225,0.8409,-0.2779,0.01,-0.0331,-0.0436,0.023,-0.076,0.0498,-0.0035,3.0609,0.05
286201,1.0,0.0603,0.0,False,False,5.4457,0.249,-0.2018,1.5208,0.0134,-0.2798,-0.0021,0.0047,-0.0025,-0.0147,-0.0151,-0.0324,0.363,0.791,0.2767,0.8236,0.8409,-0.2779,0.01,0.0123,0.0245,0.0451,-0.0616,0.0048,0.0325,1.923,0.05
286301,1.0,0.0609,-0.0021,False,False,5.4663,0.249,-0.2018,1.5208,0.0132,-0.2958,-0.2802,0.0047,-0.0095,0.0026,0.0005,1.2333,0.3689,0.7974,0.2991,0.823,0.8409,-0.2779,0.01,-0.0591,-0.0419,0.0027,-0.0638,0.0613,-0.0294,2.7125,0.05
286401,1.0,0.0606,-0.0001,False,False,5.4696,0.249,-0.2018,1.5208,0.0131,-0.3281,0.007,0.0002,-0.0003,-0.0015,-0.0016,-0.1003,0.3922,0.7978,0.2958,0.8253,0.8409,-0.2779,0.01,-0.026,-0.0169,-0.0164,-0.0766,0.0704,0.0168,2.4661,0.05
286501,1.0,0.0653,0.0009,False,False,5.3386,0.249,-0.2018,1.5205,0.0145,-0.4438,0.2827,0.0078,-0.0108,0.0122,0.0093,-0.0187,0.3366,0.7501,0.2256,0.8141,0.7721,-0.2673,0.0115,0.0793,0.0773,0.0306,-0.0797,0.0758,0.0682,2.8456,0.05
286601,1.0,0.2475,0.0073,False,False,5.1883,0.249,-0.2018,1.5205,0.0145,-0.4438,0.276,0.0,0.0002,-0.0005,-0.0,0.0001,0.3362,0.6932,0.1166,0.8143,0.8087,-0.2159,0.01,0.0786,0.0684,-0.0663,-0.0551,0.0783,-0.0113,0.0498,0.05
286701,1.0,0.1186,0.0091,False,False,5.3214,0.249,-0.2018,1.521,0.0122,2.6909,0.37,-0.0,0.0,-0.0,-0.0,-0.0,0.3793,0.7391,0.2195,0.8107,0.8346,-0.2633,0.01,0.08,-0.0797,-0.0716,0.0797,0.0021,0.0278,3.1088,0.05
286801,1.0,0.0949,0.0,False,False,5.3881,0.249,-0.2028,1.5363,0.0323,2.8899,-0.0017,0.0,0.0003,-0.0047,-0.0062,0.0369,0.2208,0.7428,0.2699,0.807,0.8346,-0.2633,0.01,0.0066,-0.0397,0.0076,0.0745,-0.0675,-0.0105,-1.3398,0.05
286901,1.0,0.1429,0.0,False,False,5.3055,0.249,-0.2018,1.5211,0.012,3.2038,-0.2869,0.0011,0.0085,0.0052,0.0115,0.967,0.1356,0.7202,0.2054,0.8167,0.8346,-0.2633,0.01,-0.0699,-0.0173,-0.0639,0.0229,0.0504,0.0337,-2.3939,0.05
287001,1.0,0.1106,0.0,False,False,5.3535,0.249,-0.2027,1.5345,0.0298,2.8848,0.243,0.0001,0.0189,-0.3136,-0.4144,-0.8591,0.1868,0.7349,0.2426,0.808,0.8346,-0.2633,0.01,0.0622,-0.0092,0.0756,0.0771,-0.0508,0.0241,-2.0713,0.05
287101,1.0,0.1019,0.0,False,False,5.3747,0.249,-0.2018,1.521,0.0122,2.919,-0.2211,0.0,0.0006,-0.0105,-0.0166,0.8079,0.2561,0.738,0.2618,0.8105,0.8346,-0.2633,0.01,-0.0662,0.0559,-0.0652,0.0162,0.0541,0.0102,-0.3038,0.05
287201,1.0,0.3148,0.0103,False,False,5.0712,0.249,-0.2018,1.5205,0.0145,-0.4438,0.3205,0.0,-0.0,0.0,0.0,-0.0014,0.3362,0.6379,0.0383,0.8144,0.7856,-0.2347,0.01,0.0739,-0.0513,-0.0458,-0.0185,-0.0444,0.0441,1.1592,0.05
287301,1.0,0.4531,-0.0361,False,False,4.9274,0.2474,-0.1985,1.5188,0.0145,-0.4437,0.3392,-0.2333,0.479,-0.2456,-0.0001,-0.0138,0.3362,0.5581,-0.0487,0.8148,0.8441,-0.2481,0.01,0.0796,-0.0706,0.0334,-0.0538,0.0219,-0.0524,-1.9853,0.05
287401,1.0,0.0547,0.0,False,False,5.4775,0.249,-0.2018,1.5207,0.0136,-0.2613,0.002,-0.0,-0.0,0.0002,-0.0008,-0.0725,0.4185,0.8013,0.2989,0.824,0.8441,-0.2481,0.01,0.0358,0.0317,-0.0471,-0.0077,-0.0488,-0.0648,2.483,0.05
287501,1.0,0.0544,0.0,False,False,5.4804,0.249,-0.2018,1.5208,0.0134,-0.2791,0.0001,0.0003,-0.0006,-0.0005,0.0003,0.0284,0.4285,0.8023,0.3008,0.8248,0.8441,-0.2481,0.01,-0.004,-0.0091,-0.0706,-0.0439,-0.0507,-0.0473,3.0436,0.05
287601,1.0,0.0602,0.0,False,False,5.4713,0.249,-0.2018,1.5205,0.0144,-0.446,0.0003,0.0,0.0,-0.001,-0.0008,-0.0005,0.4065,0.7983,0.2974,0.8288,0.8441,-0.2481,0.01,0.0077,-0.0275,-0.0467,-0.0787,0.075,-0.0477,2.8334,0.05
287701,1.0,0.0547,0.0,False,False,5.4743,0.249,-0.2018,1.5206,0.0142,-0.2336,0.0537,0.0035,-0.0036,-0.0016,0.0066,0.5519,0.4229,0.8008,0.296,0.823,0.8441,-0.2481,0.01,0.0307,-0.0226,-0.0319,-0.0764,-0.0146,-0.0615,2.6279,0.05
287801,1.0,0.3669,0.0118,False,False,4.9658,0.249,-0.2018,1.5205,0.0145,-0.4438,0.3621,-0.0,-0.0,0.0001,0.0,0.0,0.3362,0.5806,-0.0263,0.8146,0.7962,-0.2805,0.01,0.0798,-0.0661,-0.0697,-0.0669,0.0558,-0.038,2.2857,0.05
287901,1.0,0.4445,0.0102,False,False,4.9125,0.249,-0.2018,1.5205,0.0145,-0.4438,0.3407,0.0,0.0,0.0001,0.0,-0.0149,0.3362,0.5493,-0.0579,0.8153,0.8256,-0.2607,0.01,0.0798,-0.0312,-0.0703,0.0206,0.0026,-0.0745,-2.2894,0.05
288001,1.0,0.7399,0.0,False,False,4.5574,0.1344,0.0355,1.3979,0.0145,-0.4438,0.3265,-0.185,0.3868,-0.2018,0.0,0.0,0.3362,0.3031,-0.2147,0.8152,0.8331,-0.249,0.01,0.0782,-0.0488,0.0411,-0.0529,0.069,-0.0466,2.9148,0.05
288101,1.0,1.1,-0.1558,False,False,3.6462,-0.4156,1.2663,0.7181,0.0099,0.4557,0.3005,0.1064,-0.2455,0.0005,0.6071,-2.2416,0.2457,-0.2769,-0.0836,0.8158,0.7545,-0.2521,0.01,0.0764,-0.02,-0.0726,-0.0267,-0.044,-0.0204,2.336,0.05
288201,1.0,1.2014,-0.0659,False,False,3.4909,-0.4821,1.3681,0.5652,-0.1983,1.591,0.2966,-0.0605,0.057,-0.2643,0.0049,-0.8388,0.1494,-0.3479,-0.0148,0.8666,0.8004,-0.2199,0.01,0.071,-0.0366,-0.0231,0.0393,-0.0688,-0.0042,-1.4377,0.05
288301,1.0,1.0038,-0.1181,False,False,3.5128,-0.8016,1.8576,-0.2308,-1.4426,1.788,0.2362,0.1507,-0.2773,0.4536,1.0519,-0.1146,0.4109,-0.1427,0.2801,1.0283,0.8322,-0.251,0.01,0.0791,0.028,-0.0771,0.039,-0.0098,-0.0022,2.934,0.05
288401,1.0,0.9321,-0.0486,False,False,2.757,-1.3115,2.2596,-1.3295,-1.5374,0.3555,0.3032,0.025,-0.0614,0.3428,0.1679,-0.2119,0.2564,-0.1621,0.4585,0.8473,0.7521,-0.2637,0.01,0.0664,-0.0363,-0.0616,0.0758,-0.0074,-0.0119,2.1336,0.05
288501,1.0,0.0781,0.0,False,False,5.4316,0.249,-0.2018,1.5208,0.0131,-0.3566,-0.4125,0.0043,-0.0068,-0.0265,-0.0309,0.9772,0.3748,0.7865,0.2779,0.8224,0.7493,-0.2115,0.01,-0.0793,-0.0727,-0.0344,-0.0772,0.0391,-0.0402,3.0714,0.05
288601,1.0,0.1002,0.0,False,False,5.4753,0.249,-0.2018,1.5204,0.0149,-0.204,-0.1661,0.0,0.002,-0.0022,0.0295,1.0176,0.4299,0.8015,0.2963,0.8219,0.7595,-0.1685,0.01,-0.046,0.0041,-0.0128,-0.0773,-0.0725,-0.0687,2.9647,0.05
288701,1.0,0.108,0.0,False,False,5.4636,0.249,-0.2018,1.5205,0.0145,-0.4388,0.0036,0.0002,0.0002,0.0004,-0.0012,-0.0064,0.4069,0.7964,0.2908,0.8288,0.7603,-0.1652,0.01,0.032,0.0068,-0.0455,-0.018,-0.0638,-0.054,2.92,0.05
288801,1.0,0.1106,0.0,False,False,5.457,0.249,-0.2018,1.5207,0.0135,-0.3896,-0.1246,0.0014,0.0036,0.0121,0.0317,-0.494,0.4042,0.7954,0.2877,0.8268,0.7604,-0.164,0.01,-0.0401,-0.001,-0.0188,-0.0762,0.0097,0.0664,3.1347,0.05
288901,1.0,0.9704,-0.067,False,False,2.786,-1.3255,2.3011,-1.3542,-1.6841,0.5413,0.314,0.0105,-0.1376,0.2134,0.083,-0.5387,0.2111,-0.1336,0.4885,0.8392,0.8108,-0.2795,0.01,0.0751,-0.0385,-0.0756,0.0775,-0.0522,-0.0526,-0.7068,0.05
289001,1.0,0.9773,-0.0635,False,False,2.7112,-1.3735,2.2709,-1.3096,-1.6753,0.2347,0.3564,-0.0475,0.0244,0.3807,0.4775,0.049,0.2478,-0.1432,0.5021,0.8467,0.8097,-0.2573,0.01,0.0745,-0.0508,-0.0409,0.0759,0.0295,0.0139,1.7426,0.05
289101,1.0,0.983,-0.069,False,False,2.5632,-1.4481,2.3176,-1.2713,-1.6675,0.2834,0.3634,-0.1088,-0.0424,0.3717,0.2346,0.2967,0.154,-0.1307,0.5124,0.8532,0.8286,-0.2427,0.01,0.0755,-0.0614,-0.0497,0.0644,-0.0091,0.0667,0.3702,0.05
289201,1.0,0.0685,0.0,False,False,5.431,0.249,-0.2018,1.5203,0.0153,-0.1932,-0.0014,0.0002,-0.0002,-0.0031,0.0034,-0.0293,0.4392,0.7898,0.2605,0.8216,0.8286,-0.2427,0.01,-0.0227,0.0262,-0.074,0.0008,-0.0658,-0.0472,2.9114,0.05
289301,1.0,0.7879,0.0,False,False,4.27,-0.3608,1.1316,0.7977,0.0121,0.3071,0.2524,0.0999,-0.2318,0.0761,-0.0835,0.0978,0.1902,0.1129,-0.1614,0.8109,0.7787,-0.2906,0.01,0.0769,0.0541,0.0111,0.0642,-0.0462,0.0646,-2.1136,0.05
289401,1.0,0.7946,0.0,False,False,4.198,-0.3981,1.2228,0.7432,0.014,0.1219,0.2927,0.1453,-0.3586,0.211,0.0108,-0.3496,0.0824,0.0793,-0.1407,0.8146,0.7672,-0.2936,0.01,0.0786,0.0531,-0.0319,0.0403,0.0075,0.052,-2.4343,0.05
289501,1.0,1.0062,0.0,False,False,4.1302,-0.1762,0.7037,1.0532,0.032,-0.1247,0.3234,0.1004,-0.2151,-0.0067,-0.1664,-0.6514,0.2725,-0.0267,-0.2367,0.8134,0.8221,-0.247,0.01,0.0791,0.0218,-0.0427,0.022,-0.0456,0.0377,0.7232,0.05
289601,1.0,0.8503,0.0,False,False,4.2241,-0.3182,1.0299,0.8563,0.0122,2.6912,0.37,-0.0354,0.0055,-0.208,0.0008,0.2371,0.0692,0.0828,-0.1822,0.8189,0.8089,-0.2907,0.01,0.0793,-0.058,-0.0656,-0.0114,0.0229,-0.004,-1.7692,0.05
289701,1.0,0.1625,0.0,False,False,5.2274,0.249,-0.2018,1.5203,0.0154,3.056,0.0014,0.0,0.0,-0.0,-0.0013,-0.0168,0.044,0.6985,0.1426,0.8142,0.8089,-0.2907,0.01,-0.0059,-0.0241,0.0109,-0.0318,0.043,0.0584,-2.9947,0.05
289801,1.0,0.0901,0.0,False,False,5.3347,0.249,-0.2018,1.521,0.0124,3.1669,-0.3017,-0.0,-0.0001,0.0014,-0.0059,0.6514,0.1745,0.7283,0.2288,0.8161,0.8089,-0.2907,0.01,-0.0762,-0.0023,-0.0401,-0.0245,0.0763,-0.0092,-1.6137,0.05
289901,1.0,0.0857,0.0,False,False,5.3381,0.249,-0.2018,1.5203,0.0154,3.0565,-0.3197,0.0027,-0.0023,-0.0031,-0.0122,0.0562,0.2602,0.7308,0.2328,0.8131,0.8089,-0.2907,0.01,-0.0797,-0.0066,-0.0287,-0.0252,0.0556,-0.0185,-1.2416,0.05
290001,1.0,0.1629,0.0,False,False,5.2218,0.249,-0.2026,1.5329,0.0294,2.9897,-0.002,-0.0,-0.0009,0.0169,0.0233,0.0214,0.2494,0.6866,0.1534,0.8091,0.8089,-0.2907,0.01,0.0168,-0.0596,0.0411,0.0156,-0.0748,0.0472,-0.5847,0.05
290101,1.0,1.0464,-0.0291,False,False,3.9384,-0.1806,0.7145,1.0336,0.0155,3.056,0.3311,0.0982,-0.2198,0.1216,-0.0,0.0001,0.1506,-0.1523,-0.189,0.8128,0.7965,-0.2981,0.01,0.0782,0.0099,-0.0624,-0.0114,-0.0742,0.0692,-2.1429,0.05
290201,1.0,1.1229,-0.2307,False,False,3.4378,-0.6663,1.6055,-0.0107,-0.4415,1.9831,0.2379,0.2728,-0.3621,0.4779,2.1608,0.2908,0.4265,-0.2899,0.0525,0.891,0.8046,-0.2679,0.01,0.0739,0.0696,-0.0795,0.0708,-0.0583,0.0182,-0.2518,0.05
290301,1.0,1.1913,-0.147,False,False,3.263,-0.5412,1.5137,0.4512,-0.169,2.1898,0.2167,0.3007,-0.3758,1.0392,0.2869,0.3499,0.3151,-0.416,0.082,0.8504,0.7541,-0.2528,0.01,0.0723,0.0781,-0.0797,-0.0111,-0.0531,0.0739,-0.1691,0.05
290401,1.0,1.1678,-0.1599,False,False,3.3812,-0.6546,1.6009,-0.0094,-0.2556,1.9528,0.0758,0.2406,-0.3429,0.5069,1.056,-0.2847,0.3781,-0.3396,0.0425,0.8553,0.7892,-0.2153,0.01,0.0068,0.0562,-0.068,0.0664,-0.0567,0.0018,0.1611,0.05
290501,1.0,0.0623,0.0,False,False,5.5158,0.249,-0.2018,1.5205,0.0143,-0.4557,-0.0023,0.0002,-0.0004,-0.0011,-0.0011,-0.0086,0.407,0.8064,0.3421,0.8252,0.8255,-0.1602,0.01,-0.0107,0.0027,-0.0036,-0.075,0.019,0.0272,3.0816,0.05
290601,1.0,0.9663,-0.0725,False,False,3.1806,-0.9814,2.1556,-1.3371,-1.8738,1.4771,0.2711,0.1441,-0.1364,0.299,-0.5829,-0.0338,0.6555,-0.1341,0.4466,0.7964,0.8188,-0.2634,0.01,0.0713,0.0375,-0.0482,-0.0004,-0.0154,0.0094,0.8201,0.05
290701,1.0,0.9468,-0.0648,False,False,3.1442,-0.9982,2.2527,-1.3486,-1.7929,1.5028,0.2159,0.1547,-0.1653,0.2989,-0.4224,-0.0158,0.5172,-0.0907,0.438,0.8048,0.8465,-0.2454,0.01,0.0735,0.0427,-0.0301,0.0336,-0.0444,0.0225,1.0029,0.05
290801,1.0,0.2122,0.0,False,False,5.2378,0.249,-0.2018,1.5211,0.012,3.1999,-0.3096,0.0079,-0.0103,0.0213,0.0077,0.9279,0.1628,0.6947,0.1588,0.8167,0.8465,-0.2454,0.01,-0.07,-0.0654,0.002,-0.0672,-0.0036,0.0382,-2.5007,0.05
290901,1.0,0.1246,0.0087,False,False,5.3483,0.249,-0.2018,1.5206,0.0143,2.7998,0.3715,0.0045,-0.0087,0.0005,0.0112,-0.0971,0.2618,0.7428,0.2387,0.8105,0.8465,-0.2454,0.01,0.0797,-0.0789,-0.0655,0.077,-0.0522,0.0058,2.9428,0.05
291001,1.0,0.1029,0.0,False,False,5.4035,0.249,-0.2018,1.521,0.0126,2.8627,-0.3646,0.0003,0.0014,-0.0136,-0.0354,0.866,0.4288,0.7472,0.2851,0.8088,0.8465,-0.2454,0.01,-0.0786,-0.0535,-0.0765,0.0312,0.0725,0.0438,2.7017,0.05
291101,1.0,0.1393,0.0,False,False,5.3407,0.249,-0.2018,1.5204,0.0148,3.0717,-0.2273,0.0,-0.0001,0.0003,-0.0015,0.0553,0.321,0.725,0.2404,0.8129,0.8465,-0.2454,0.01,-0.0689,0.0421,-0.0345,-0.0234,0.0233,0.0316,1.0653,0.05
291201,1.0,0.975,-0.0566,False,False,3.1737,-1.0523,2.2241,-1.42,-1.7583,1.339,0.2768,0.2732,-0.1527,0.1841,-0.165,0.1726,0.7,-0.1187,0.4149,0.7983,0.8452,-0.2819,0.01,0.0697,0.0333,-0.0565,0.0396,-0.0667,0.0393,2.3485,0.05
291301,1.0,0.065,0.0,False,False,5.4308,0.249,-0.2022,1.5263,0.0218,-0.1552,-0.005,-0.0,-0.0002,0.003,0.0026,0.114,0.3571,0.7865,0.2662,0.8179,0.8452,-0.2819,0.01,0.0167,0.0003,0.0497,-0.0721,-0.0719,-0.0106,0.8939,0.05
291401,1.0,0.096,0.0,False,False,5.5052,0.249,-0.2018,1.5205,0.0145,-0.4438,0.2618,0.0003,-0.0002,-0.0046,-0.0026,-0.0036,0.3362,0.7992,0.3474,0.8185,0.8452,-0.2819,0.01,0.0754,0.0755,0.0009,-0.0786,0.0678,0.067,2.7394,0.05
291501,1.0,0.0898,0.0,False,False,5.3792,0.249,-0.2018,1.5206,0.0143,-0.1446,-0.0016,0.0015,-0.0005,-0.0053,-0.0024,0.0112,0.3715,0.7723,0.2246,0.8195,0.8452,-0.2819,0.01,0.0012,0.0276,-0.0172,-0.0669,-0.0676,-0.0044,2.0658,0.05
291601,1.0,0.0881,0.0,False,False,5.3839,0.249,-0.2019,1.5216,0.0167,-0.185,0.0002,-0.0,-0.0009,0.0139,0.0168,0.0347,0.3528,0.7726,0.228,0.82,0.8452,-0.2819,0.01,0.0116,0.0222,-0.0614,-0.0636,0.034,-0.0336,1.9161,0.05
291701,1.0,0.9103,-0.0841,False,False,3.1149,-1.0053,2.1913,-1.3705,-1.6811,1.4268,0.1449,0.083,-0.0731,0.1049,0.007,1.3253,0.6845,-0.1308,0.4014,0.7972,0.7764,-0.2233,0.01,0.0445,0.0234,-0.0418,-0.0539,-0.0531,0.0575,2.8121,0.05
291801,1.0,1.0418,-0.1295,False,False,3.1799,-0.8577,1.9224,-0.7493,-1.7831,1.7347,0.07,0.1273,-0.3198,0.901,0.6753,0.3877,0.3344,-0.174,0.4399,0.9058,0.849,-0.2695,0.01,0.0679,0.0743,-0.0714,0.0685,0.0701,0.0741,1.3484,0.05
291901,1.0,0.0743,0.0,False,False,5.4219,0.249,-0.2019,1.5225,0.0177,-0.1834,0.0001,0.0008,0.0016,-0.0453,-0.0499,-0.1245,0.3982,0.7856,0.2563,0.8201,0.849,-0.2695,0.01,0.0269,0.0325,-0.0722,-0.0063,0.0073,-0.0165,2.2032,0.05
292001,1.0,0.066,0.0,False,False,5.4353,0.249,-0.2019,1.5225,0.0164,-0.0776,0.3554,0.0001,0.0053,-0.0656,-0.1624,-2.5081,0.4479,0.7916,0.2632,0.8175,0.849,-0.2695,0.01,0.0744,0.0256,-0.0014,-0.0591,-0.0677,-0.0702,2.8565,0.05
292101,1.0,0.0958,0.0,False,False,5.3856,0.249,-0.2018,1.5205,0.0144,-0.1549,-0.0013,0.0012,-0.0025,-0.0024,0.0014,-0.0141,0.3522,0.7734,0.2296,0.8196,0.849,-0.2695,0.01,-0.02,0.0489,-0.0038,-0.073,-0.0551,0.0089,1.7758,0.05
292201,1.0,0.0647,0.0,False,False,5.4457,0.249,-0.2018,1.5204,0.015,-0.182,-0.1809,0.0,0.0002,-0.0028,0.0118,-0.5057,0.3662,0.7919,0.277,0.8203,0.849,-0.2695,0.01,-0.0467,-0.0511,-0.0562,0.0516,-0.0362,-0.0595,1.6448,0.05
292301,1.0,0.9467,-0.065,False,False,3.187,-0.8808,1.9864,-0.9019,-1.9133,1.5623,-0.014,0.0624,-0.2152,0.7111,0.0155,0.1564,0.3207,-0.1638,0.4745,0.8759,0.7609,-0.2599,0.01,0.0316,0.0731,-0.0787,-0.0317,0.0751,0.0012,1.163,0.05
292401,1.0,0.96,-0.091,False,False,3.2061,-0.9665,2.1533,-1.3036,-1.982,1.479,0.2733,0.2036,-0.147,0.4378,-0.6339,-0.0332,0.5815,-0.1338,0.476,0.8028,0.8157,-0.2157,0.01,0.0757,0.0705,-0.0268,-0.0574,-0.0335,0.0098,2.3738,0.05
292501,1.0,0.1911,0.0,False,False,5.2662,0.249,-0.2018,1.5208,0.0134,3.1161,-0.2945,0.0002,-0.0003,0.0007,-0.0205,0.594,0.2043,0.704,0.1812,0.8148,0.8157,-0.2157,0.01,-0.0668,-0.0546,0.0302,-0.0048,0.0634,0.0352,-2.3435,0.05
292601,1.0,0.1739,0.0061,False,False,5.2885,0.249,-0.2018,1.5209,0.0127,2.8572,0.3191,0.0,-0.0,0.0,-0.0,-0.0006,0.1766,0.7137,0.1949,0.8104,0.8157,-0.2157,0.01,0.0701,-0.0737,-0.0744,-0.0147,-0.0534,0.0443,-2.1107,0.05
292701,1.0,0.1998,0.0,False,False,5.2576,0.249,-0.2018,1.521,0.0124,3.159,-0.3915,0.001,-0.001,-0.0027,-0.0032,1.0284,0.1026,0.7088,0.1674,0.8157,0.8157,-0.2157,0.01,-0.0767,-0.0634,-0.0232,-0.04,-0.0596,0.0542,-2.9596,0.05
292801,1.0,0.1567,0.0,False,False,5.3082,0.249,-0.2018,1.5211,0.0121,3.1737,0.3118,-0.0,0.0001,-0.0021,0.009,-2.5643,0.2423,0.7202,0.2129,0.8163,0.8157,-0.2157,0.01,0.0736,0.073,-0.0723,0.0782,0.0778,0.0773,1.8041,0.05
292901,1.0,0.9543,-0.1152,False,False,3.2057,-0.9469,2.1498,-1.2474,-1.8295,1.5211,0.1394,0.2614,-0.2782,0.6991,-0.1471,0.6835,0.5184,-0.1166,0.4407,0.8118,0.8222,-0.2792,0.01,0.053,0.0682,-0.0759,0.061,-0.0556,-0.0246,-1.0461,0.05
293001,1.0,0.0839,0.0,False,False,5.3815,0.249,-0.2018,1.521,0.0122,2.8955,-0.2169,0.0023,-0.0027,-0.0219,-0.041,0.6629,0.2914,0.7408,0.2671,0.81,0.8222,-0.2792,0.01,-0.0547,-0.0195,-0.0175,0.0434,0.0594,0.0171,-0.9286,0.05
293101,1.0,0.0614,0.0,False,False,5.4077,0.249,-0.2018,1.5209,0.0126,2.7234,0.3621,-0.0,-0.0001,0.0011,-0.0043,-0.1928,0.2934,0.7661,0.2821,0.8121,0.8222,-0.2792,0.01,0.0782,-0.0797,-0.0792,0.0784,0.0616,0.0677,2.9889,0.05
293201,1.0,0.1441,0.0,False,False,5.2749,0.249,-0.2018,1.5209,0.013,2.9846,-0.0048,0.0,0.0004,-0.0058,-0.0074,-0.0081,0.1511,0.7084,0.1853,0.8126,0.8222,-0.2792,0.01,0.0127,-0.0647,-0.0631,0.0123,-0.0473,0.0533,-1.8807,0.05
293301,1.0,0.1317,0.0,False,False,5.2884,0.249,-0.202,1.5231,0.0183,3.0437,0.2119,0.0034,-0.017,0.2406,0.2504,-1.0615,0.0746,0.7217,0.1889,0.8134,0.8222,-0.2792,0.01,0.0433,-0.06,-0.0631,-0.016,0.0582,0.0563,-2.7262,0.05
293401,1.0,0.98,-0.1135,False,False,3.1668,-0.954,2.1325,-1.2813,-2.0573,1.4831,0.2491,0.2712,-0.2052,0.6542,-0.6127,0.2009,0.6025,-0.1483,0.4993,0.805,0.8052,-0.2762,0.01,0.066,0.0692,-0.0643,0.0189,-0.0055,0.0287,2.8836,0.05
293501,1.0,1.0181,-0.1691,False,False,3.1226,-0.828,1.871,-0.447,-1.7905,1.8826,0.1491,0.1714,-0.328,0.7945,1.362,0.3066,0.4212,-0.2008,0.4484,0.9779,0.7883,-0.2529,0.01,0.075,0.0769,-0.0761,0.0616,0.0584,0.0739,2.3214,0.05
293601,1.0,1.0331,-0.0936,False,False,3.2728,-0.8629,1.9372,-0.7886,-2.0678,1.6251,-0.0264,0.129,-0.3446,1.0462,-0.0044,0.1377,0.3851,-0.186,0.4936,0.8946,0.8249,-0.2418,0.01,0.0584,0.0762,-0.0784,0.074,0.0614,0.0274,2.8797,0.05
293701,1.0,0.1295,0.0,False,False,5.331,0.249,-0.2018,1.5207,0.0136,3.1108,-0.3149,0.005,-0.0037,0.0204,0.0144,-0.017,0.2833,0.7234,0.2317,0.8145,0.8249,-0.2418,0.01,-0.078,-0.0077,-0.0742,-0.0748,0.0639,-0.0266,-0.9529,0.05
293801,1.0,0.1636,0.0,False,False,5.2834,0.249,-0.2018,1.5205,0.0146,3.0347,-0.0022,0.0028,-0.0036,-0.0305,-0.0363,-0.0305,0.1595,0.7117,0.1923,0.813,0.8249,-0.2418,0.01,-0.0061,-0.0777,-0.0563,0.0222,-0.0465,0.07,-1.4036,0.05
293901,1.0,0.0663,0.0052,False,False,5.4093,0.249,-0.2018,1.521,0.0122,2.6909,0.3641,-0.0,0.0,-0.0001,-0.0001,-0.0067,0.3232,0.7675,0.2836,0.8121,0.8249,-0.2418,0.01,0.0777,-0.08,-0.0799,0.0773,0.0753,0.0698,2.9708,0.05
294001,1.0,0.1121,0.0104,False,False,5.3419,0.249,-0.2018,1.5208,0.0131,2.7443,0.3566,-0.0,0.0,-0.0001,0.001,-0.0991,0.2107,0.7489,0.2293,0.8137,0.8249,-0.2418,0.01,0.0769,-0.0798,-0.0795,0.0335,0.0671,0.062,2.6102,0.05
294101,1.0,1.0804,-0.1475,False,False,3.0319,-0.7919,1.792,-0.3747,-1.5742,1.9688,0.0921,0.1886,-0.3319,0.7656,0.9411,0.2281,0.4605,-0.2415,0.4102,0.9811,0.8135,-0.2734,0.01,0.0517,0.071,-0.0757,0.0631,-0.0346,0.0542,2.9453,0.05
294201,1.0,0.1071,0.0,False,False,5.3219,0.249,-0.2018,1.5206,0.014,3.0951,-0.2607,0.0,0.0014,-0.0227,-0.0281,0.2074,0.1732,0.7282,0.2167,0.8145,0.8135,-0.2734,0.01,-0.0755,0.0419,-0.0021,-0.059,-0.0773,-0.0011,-1.8508,0.05
294301,1.0,0.098,0.0,False,False,5.3411,0.249,-0.2018,1.5203,0.0155,3.056,-0.2357,0.0,-0.0,-0.0,-0.0,-0.0,0.3232,0.7251,0.2408,0.8123,0.8135,-0.2734,0.01,-0.0575,-0.037,-0.073,-0.0117,0.0326,0.0153,0.135,0.05
294401,1.0,0.1721,0.0,False,False,5.2277,0.249,-0.203,1.5408,0.0388,2.9583,0.2782,0.0008,-0.0127,0.3254,0.3982,-1.6694,0.263,0.6913,0.1566,0.8072,0.8135,-0.2734,0.01,0.0798,0.0766,-0.0706,-0.0782,0.0786,0.0795,2.3207,0.05
294501,1.0,0.1794,0.0,False,False,5.2227,0.249,-0.2018,1.521,0.0126,3.1522,-0.296,0.0014,-0.0011,-0.0195,-0.0404,0.792,0.2361,0.6862,0.1527,0.8158,0.8135,-0.2734,0.01,-0.0722,-0.0452,-0.0352,-0.0642,-0.0212,0.056,-1.8486,0.05
294601,1.0,1.0573,-0.168,False,False,3.0432,-0.8096,1.8256,-0.4257,-1.7497,1.9797,0.1385,0.17,-0.3283,0.7714,1.3161,0.3311,0.4654,-0.221,0.4534,0.9733,0.8049,-0.2748,0.01,0.0651,0.0746,-0.0759,0.0734,0.0722,0.0795,3.0936,0.05
294701,1.0,1.0486,-0.1581,False,False,3.1525,-0.7967,1.8081,-0.3587,-1.5696,1.9862,0.1448,0.1627,-0.2746,0.5366,1.4492,0.3526,0.4712,-0.2193,0.3806,0.9871,0.8053,-0.2725,0.01,0.066,0.0422,-0.0742,0.0743,0.0289,0.0758,2.8936,0.05
294801,1.0,1.0094,-0.1586,False,False,3.157,-0.8511,1.9175,-0.556,-1.9851,1.7863,0.1159,0.1825,-0.3628,1.0075,1.0422,0.1782,0.3808,-0.1898,0.4951,0.9531,0.782,-0.2741,0.01,0.0766,0.0779,-0.0784,0.0716,0.0441,0.0576,2.5348,0.05
294901,1.0,0.929,-0.0579,False,False,2.4659,-1.3571,2.366,-1.332,-1.5954,0.2826,0.3557,0.095,0.0333,0.1385,0.2484,0.2905,0.2606,-0.1311,0.4897,0.8516,0.7704,-0.2758,0.01,0.0789,-0.0196,-0.0276,0.0649,0.0036,-0.0202,0.4591,0.05
295001,1.0,0.1906,0.0,False,False,5.3143,0.249,-0.2024,1.5308,0.0271,3.0072,0.3481,-0.0002,-0.0288,0.4669,0.5157,-2.1588,0.1251,0.7248,0.2115,0.8109,0.8057,-0.1672,0.01,0.078,0.067,-0.0326,0.0679,0.0732,0.0611,-2.457,0.05
295101,1.0,0.187,0.0,False,False,5.3152,0.249,-0.2018,1.5208,0.0133,3.1089,0.3494,0.0087,-0.0059,-0.025,0.0373,-2.9061,0.2341,0.7209,0.2179,0.8146,0.8057,-0.1672,0.01,0.0773,0.0634,-0.024,0.0728,0.0665,0.0726,0.5615,0.05
295201,1.0,0.1427,-0.0582,False,False,5.3691,0.249,-0.2018,1.5208,0.0132,2.8344,-0.4039,-0.0,-0.0003,0.0043,-0.0183,0.5936,0.4249,0.7401,0.2574,0.8088,0.8057,-0.1672,0.01,-0.0796,-0.0644,-0.0659,0.0045,0.033,0.0694,2.6539,0.05
295301,1.0,0.1895,0.0,False,False,5.3084,0.249,-0.2018,1.5204,0.015,3.0684,-0.3235,0.0104,-0.0107,0.0323,0.035,0.2333,0.353,0.7137,0.2187,0.8126,0.8057,-0.1672,0.01,-0.0621,-0.0495,0.0067,-0.0724,-0.0722,0.0663,2.1503,0.05
295401,1.0,0.9576,-0.0979,False,False,2.4737,-1.3009,2.2803,-1.3084,-1.5489,0.1597,0.3276,0.1546,-0.0442,0.2452,0.6329,-0.6004,0.2918,-0.1637,0.4996,0.8512,0.7695,-0.2561,0.01,0.0711,-0.0093,-0.0552,0.0777,0.0609,-0.0115,2.1753,0.05
295501,1.0,0.9656,-0.093,False,False,2.766,-1.1576,2.287,-1.4581,-1.7136,1.0073,0.3592,-0.023,-0.0638,-0.0858,0.0521,1.2293,0.698,-0.1444,0.4624,0.8181,0.7959,-0.3056,0.01,0.0794,-0.0391,-0.0616,-0.0057,0.0372,0.0315,-0.8041,0.05
295601,1.0,0.9531,-0.0575,False,False,2.5635,-1.1863,2.2787,-1.3935,-1.5937,0.4829,0.2217,0.052,-0.0118,-0.1104,-0.0595,0.6395,0.641,-0.1563,0.4807,0.8403,0.7735,-0.2728,0.01,0.0547,-0.0207,-0.0615,0.0678,-0.034,0.004,1.1631,0.05
295701,1.0,0.9451,-0.0525,False,False,2.4584,-1.3166,2.2734,-1.3023,-1.6079,0.2974,0.3425,0.0168,-0.1404,0.3095,-0.05,0.4135,0.2279,-0.1582,0.5194,0.847,0.7556,-0.2647,0.01,0.074,-0.0316,-0.0717,0.0694,-0.0667,0.0667,2.1573,0.05
295801,1.0,1.0394,-0.0616,False,False,2.2335,-1.5306,2.2158,-1.2875,-1.5998,0.1473,0.3347,0.2687,0.06,0.7173,-0.0133,0.2971,0.3031,-0.1866,0.5829,0.8876,0.8126,-0.2364,0.01,0.0699,0.0013,-0.0673,0.071,-0.0736,0.0756,0.9906,0.05
295901,1.0,0.0447,14.9989,True,False,5.4398,0.249,-0.2018,1.521,0.0122,2.6909,0.3686,0.0004,0.0032,0.0104,0.0058,-0.0045,0.3728,0.7733,0.3089,0.8108,0.8126,-0.2364,0.01,0.0797,-0.0798,-0.0799,0.0797,0.0765,0.0769,3.1412,0.05
296001,1.0,0.0892,0.008,False,False,5.3696,0.249,-0.2018,1.521,0.0122,2.6909,0.3312,0.0003,-0.0006,0.0005,-0.0,-0.0003,0.3111,0.7578,0.2529,0.8127,0.8249,-0.2427,0.01,0.0728,-0.08,-0.0799,0.0782,0.0768,0.0747,3.1202,0.05
296101,1.0,0.067,0.0,False,False,5.4481,0.249,-0.2018,1.5207,0.0137,2.8167,-0.0009,0.0003,-0.0006,0.0001,0.0009,-0.0318,0.4306,0.7611,0.3169,0.8083,0.8249,-0.2427,0.01,-0.0374,0.0548,-0.026,-0.049,0.0679,0.0093,2.2689,0.05
296201,1.0,0.2245,0.0,False,False,5.2039,0.249,-0.2018,1.5211,0.0119,3.2568,-0.3358,0.0,0.0003,-0.0055,-0.0054,1.4171,0.1967,0.6816,0.1366,0.8178,0.8249,-0.2427,0.01,-0.0701,-0.0439,-0.0648,-0.0069,-0.0105,0.047,-2.3791,0.05
296301,1.0,0.0539,-0.0084,False,False,5.4492,0.249,-0.2018,1.521,0.0122,2.6909,0.3429,0.0,0.0008,-0.0131,0.0007,-0.003,0.3617,0.776,0.3158,0.8111,0.8249,-0.2427,0.01,0.0749,-0.0791,-0.0777,0.0741,0.0493,0.0669,3.0784,0.05
296401,1.0,0.1407,0.0,False,False,5.3134,0.249,-0.2018,1.5203,0.0153,3.0611,-0.2593,0.0,0.0001,-0.0016,0.007,-0.177,0.3005,0.7171,0.2197,0.8126,0.8249,-0.2427,0.01,-0.0705,0.0066,-0.0496,-0.0423,0.0633,-0.0353,-0.5952,0.05
296501,1.0,0.0982,-0.0297,False,False,5.4823,0.249,-0.2018,1.521,0.0122,2.6909,0.3233,0.0,0.0005,-0.0029,-0.0034,0.0005,0.3945,0.7819,0.3427,0.8103,0.8403,-0.2836,0.01,0.0715,-0.0783,-0.0794,0.0755,0.0334,0.0713,3.1365,0.05
296601,1.0,0.1141,0.0,False,False,5.3679,0.249,-0.2018,1.5203,0.0155,3.056,-0.2762,0.0016,-0.0016,-0.0032,-0.0074,0.0586,0.4368,0.7283,0.2653,0.8117,0.8403,-0.2836,0.01,-0.0741,0.0402,-0.0723,-0.0251,0.0407,-0.0087,2.4389,0.05
296701,1.0,0.1279,0.0,False,False,5.3283,0.249,-0.2018,1.5205,0.0145,3.0814,-0.2396,0.0,0.0002,0.0014,-0.0054,0.195,0.3833,0.7187,0.2343,0.8131,0.8403,-0.2836,0.01,-0.0664,0.0103,-0.0165,0.0147,0.0582,0.0455,2.4299,0.05
296801,1.0,0.1927,0.0,False,False,5.2232,0.249,-0.2024,1.5299,0.0255,2.9972,0.2119,0.0008,-0.0024,0.0205,-0.0205,-1.1401,0.1021,0.6925,0.1446,0.8115,0.8403,-0.2836,0.01,0.0444,-0.0574,-0.0327,-0.0519,-0.0517,0.0547,-2.5347,0.05
296901,1.0,0.1301,0.0,False,False,5.3213,0.249,-0.2018,1.5206,0.0143,3.0879,-0.3099,0.0044,-0.0079,-0.0116,-0.0371,0.5356,0.3289,0.7186,0.2268,0.8135,0.8403,-0.2836,0.01,-0.0726,-0.0058,-0.0598,-0.0569,-0.0383,0.0427,0.4678,0.05
297001,1.0,0.0677,0.0031,False,False,5.4288,0.249,-0.2018,1.5205,0.0145,-0.4438,0.2795,0.0,0.0,0.0,0.0001,0.0019,0.3362,0.7761,0.2946,0.814,0.8282,-0.2194,0.01,0.08,0.0779,-0.0487,-0.0786,0.0749,0.0388,3.0397,0.05
297101,1.0,0.1424,0.0,False,False,5.32,-0.0102,0.3414,1.2369,0.0124,2.7092,-0.0031,-0.0086,0.0537,0.0842,-0.0084,-0.356,0.2019,0.7403,0.2177,0.8152,0.8281,-0.2231,0.01,0.0127,-0.0567,0.023,0.0734,0.0352,0.036,1.6844,0.05
297201,1.0,0.162,0.0,False,False,5.3049,0.249,-0.2018,1.5203,0.0154,3.0575,-0.2312,0.0,-0.0,0.0002,-0.0003,0.0001,0.3225,0.7135,0.2147,0.8124,0.8281,-0.2231,0.01,-0.0461,-0.0728,0.0047,0.0497,-0.0457,0.0728,0.9973,0.05
297301,1.0,0.2319,0.0,False,False,5.2159,0.249,-0.2018,1.5203,0.0154,3.0561,-0.1592,0.0006,0.0023,0.0095,-0.0007,-0.0141,0.2093,0.6842,0.1466,0.8129,0.8281,-0.2231,0.01,-0.0427,-0.0428,-0.0114,0.0473,0.0137,0.04,-1.9782,0.05
297401,1.0,0.1045,0.0,False,False,5.3904,0.249,-0.2018,1.5203,0.0155,3.056,-0.1285,-0.0,0.0,-0.0,0.0,-0.0,0.3455,0.7385,0.2779,0.8122,0.8281,-0.2231,0.01,-0.0484,0.0378,-0.0158,-0.0295,0.0204,0.0513,0.7793,0.05
297501,1.0,0.1813,0.0,False,False,5.2822,0.249,-0.2018,1.5211,0.012,3.1944,-0.3506,0.0,0.0001,-0.0017,0.0079,1.2555,0.1928,0.7099,0.192,0.8168,0.8281,-0.2231,0.01,-0.0759,-0.0425,-0.0278,0.0563,0.0046,0.0571,-1.8851,0.05
297601,1.0,0.1527,0.007,False,False,5.3003,0.249,-0.2018,1.5205,0.0145,-0.4438,0.3025,0.0002,-0.0003,0.0006,0.0001,-0.0001,0.3362,0.7372,0.197,0.8142,0.848,-0.2508,0.01,0.0797,0.0352,-0.05,-0.0765,0.0335,0.0408,0.4682,0.05
297701,1.0,0.062,0.0,False,False,5.4528,0.249,-0.2021,1.5248,0.0199,-0.0634,-0.0012,0.0001,-0.0003,0.0062,0.005,0.0459,0.4433,0.7964,0.2771,0.8163,0.848,-0.2508,0.01,0.0146,0.013,0.0064,-0.0453,0.0406,-0.069,3.0564,0.05
297801,1.0,0.087,0.0,False,False,5.4126,0.249,-0.2018,1.5205,0.0144,-0.0264,0.17,0.0003,0.0003,-0.0067,0.0308,-1.3833,0.4405,0.7847,0.2455,0.8161,0.848,-0.2508,0.01,0.0445,0.0093,0.0115,-0.0525,-0.0562,-0.0708,2.7388,0.05
297901,1.0,0.0745,0.0,False,False,5.4322,0.249,-0.2018,1.5204,0.0152,-0.1893,-0.2891,0.0,-0.0,0.0001,-0.0003,0.0117,0.3947,0.7893,0.2653,0.8207,0.848,-0.2508,0.01,-0.0727,-0.0225,0.0194,-0.0181,-0.0194,0.0611,2.4273,0.05
298001,1.0,0.0641,0.0,False,False,5.4535,0.249,-0.2018,1.5204,0.0148,-0.1768,0.0004,0.0001,-0.0002,-0.0014,-0.0008,-0.0078,0.4345,0.796,0.2785,0.8211,0.848,-0.2508,0.01,-0.009,0.0261,0.0249,-0.0496,-0.0667,0.0031,2.7663,0.05
298101,1.0,0.11,0.003,False,False,5.3234,0.249,-0.2018,1.5205,0.0145,-0.4438,0.2887,-0.0,-0.0,0.0,-0.0,-0.0,0.3362,0.7449,0.2144,0.814,0.8405,-0.2867,0.01,0.0794,0.0614,-0.0624,-0.076,0.0493,-0.0312,2.531,0.05
298201,1.0,0.0791,0.0,False,False,5.4623,0.249,-0.2018,1.5205,0.0144,-0.4528,0.3192,-0.0,0.0001,-0.0015,-0.0017,-0.0007,0.3908,0.7956,0.298,0.8261,0.8406,-0.3062,0.01,0.076,-0.008,0.0032,-0.077,0.0614,0.0304,2.5357,0.05
298301,1.0,0.0737,0.0,False,False,5.4398,0.249,-0.2023,1.5284,0.0245,-0.1554,-0.0021,-0.0,0.0005,-0.0083,-0.0112,0.0404,0.4316,0.7922,0.2677,0.8184,0.8424,-0.3283,0.01,0.0148,-0.0071,-0.0201,-0.066,-0.0642,-0.0157,2.9953,0.05
298401,1.0,0.0925,0.0,False,False,5.4554,0.249,-0.2018,1.5205,0.0144,-0.4536,0.3459,0.0029,-0.0022,0.0131,0.0006,-0.0106,0.3955,0.794,0.2916,0.8265,0.8425,-0.3281,0.01,0.0785,-0.0349,0.0439,-0.0794,0.0749,0.0776,2.4853,0.05
298501,1.0,0.1136,0.0,False,False,5.4695,0.249,-0.2018,1.5205,0.0145,-0.4438,0.2672,0.0007,0.0049,-0.0097,0.0046,0.0696,0.3362,0.7922,0.3176,0.8192,0.8411,-0.3307,0.01,0.0743,0.0678,0.0288,-0.0717,0.0678,0.0778,2.8275,0.05
298601,1.0,0.0887,-0.0016,False,False,5.3338,0.249,-0.2018,1.5205,0.0145,-0.4438,0.2907,0.008,-0.0046,0.025,0.0135,-0.0197,0.3362,0.7487,0.2217,0.8143,0.8279,-0.2963,0.01,0.0795,0.0709,0.0489,-0.0736,0.0594,0.0595,2.7798,0.05
298701,1.0,0.0751,0.0002,False,False,5.3483,0.249,-0.2018,1.5208,0.0133,-0.2877,0.0011,0.0002,0.0001,0.0014,-0.0003,0.0091,0.3524,0.7601,0.2021,0.8236,0.8211,-0.3762,0.01,0.0016,-0.0027,0.0227,-0.0769,-0.0526,-0.0516,1.7802,0.05
298801,1.0,0.0645,0.0,False,False,5.3425,0.249,-0.2018,1.5204,0.0151,0.0891,0.0046,0.0004,0.0033,-0.01,-0.0031,-0.2393,0.4526,0.7616,0.1905,0.8118,0.8183,-0.3847,0.0142,0.0258,-0.05,-0.0452,-0.0406,-0.0778,-0.0795,2.4547,0.05
298901,1.0,0.0863,0.0,False,False,5.3724,0.249,-0.2018,1.5208,0.0133,-0.2897,0.0026,0.0014,-0.0015,0.0012,-0.0025,0.0603,0.2552,0.7647,0.2313,0.8203,0.8221,-0.3756,0.01,0.0256,0.0537,-0.0516,-0.0425,0.0289,0.0706,-0.0082,0.05
299001,1.0,0.0808,0.0,False,False,5.3693,0.249,-0.2018,1.5208,0.0134,-0.3884,0.2036,0.004,-0.0005,-0.0126,-0.01,-1.6213,0.3679,0.7671,0.222,0.8253,0.8221,-0.3756,0.01,0.0511,0.004,0.0505,-0.0437,-0.0544,0.0663,2.5536,0.05
299101,1.0,0.0725,0.0061,False,False,5.3224,0.249,-0.2018,1.5205,0.0145,-0.4438,0.2861,-0.0,-0.0,0.0,0.0001,0.0025,0.3362,0.7448,0.2135,0.8141,0.7586,-0.2696,0.01,0.08,0.0777,0.0686,-0.0739,0.0759,0.0106,2.8714,0.05
299201,1.0,0.1379,0.0045,False,False,5.2766,0.249,-0.2018,1.5205,0.0145,-0.4438,0.2997,0.0001,0.0003,-0.0043,0.0102,0.0332,0.3362,0.7286,0.1797,0.8142,0.8243,-0.274,0.01,0.08,0.055,0.0381,-0.0772,0.0251,-0.0087,0.2335,0.05
299301,1.0,0.3326,0.0122,False,False,5.0534,0.249,-0.2018,1.5205,0.0145,-0.4438,0.3595,0.0002,-0.0003,0.0001,-0.0002,-0.0024,0.3362,0.6292,0.0253,0.8153,0.84,-0.2687,0.01,0.0797,-0.0615,-0.0508,-0.0198,-0.0118,-0.0376,1.0697,0.05
299401,1.0,0.059,0.0,False,False,5.4501,0.249,-0.2018,1.5208,0.0135,-0.3825,-0.11,0.0,0.0001,-0.0013,0.0058,-0.4169,0.371,0.7931,0.2853,0.8256,0.84,-0.2687,0.01,-0.0391,-0.0139,0.062,-0.0392,-0.0199,0.0092,2.8048,0.05
299501,1.0,0.0744,0.0,False,False,5.409,0.249,-0.2018,1.5208,0.0131,-0.3774,0.2304,0.0001,0.0002,-0.0021,0.0103,-1.9424,0.3572,0.7791,0.2556,0.8241,0.84,-0.2687,0.01,0.0555,0.0029,0.0386,-0.0368,0.0543,0.0294,2.5018,0.05
299601,1.0,0.0813,0.0,False,False,5.4005,0.249,-0.2018,1.5208,0.0134,-0.3784,0.2055,0.0064,-0.0118,-0.0005,0.0289,-1.6723,0.3971,0.7778,0.2435,0.826,0.84,-0.2687,0.01,0.061,0.0331,0.0556,-0.0602,-0.0099,0.0184,2.4601,0.05
299701,1.0,0.384,0.0118,False,False,4.9662,0.249,-0.2018,1.5205,0.0145,-0.4438,0.3603,0.0,-0.0,0.0,0.0,-0.0,0.3362,0.5809,-0.0266,0.8149,0.8241,-0.2805,0.01,0.0795,-0.0629,-0.0575,-0.0627,0.0284,0.0049,1.6237,0.05
299801,1.0,0.7034,0.0,False,False,4.5311,0.2392,-0.1816,1.5102,0.0145,-0.4438,0.354,-0.1592,0.3272,-0.168,-0.0001,-0.016,0.3362,0.2827,-0.222,0.8166,0.772,-0.2674,0.01,0.0795,-0.0704,-0.0676,0.0288,-0.0773,-0.043,-2.0263,0.05
299901,1.0,0.7162,0.0,False,False,4.4991,0.1816,-0.0628,1.4489,0.0145,-0.4438,0.3121,0.1454,-0.3014,0.1561,0.0,-0.0,0.3362,0.2573,-0.2333,0.8165,0.7813,-0.2958,0.01,0.079,0.0424,-0.0524,-0.0399,0.0663,-0.0452,0.4707,0.05
