Initializing UR5e Isaac Sim Environment for SAC (2 parallel instance(s))...
Starting kit application with the following args:  ['/venv/isaac51/lib/python3.11/site-packages/isaacsim/exts/isaacsim.simulation_app/isaacsim/simulation_app/simulation_app.py', '/venv/isaac51/lib/python3.11/site-packages/isaacsim/apps/isaacsim.exp.base.python.kit', '--/app/tokens/exe-path=/venv/isaac51/lib/python3.11/site-packages/isaacsim/kit', '--/persistent/app/viewport/displayOptions=3094', '--/rtx/materialDb/syncLoads=True', '--/rtx/hydra/materialSyncLoads=True', '--/omni.kit.plugin/syncUsdLoads=True', '--/app/renderer/resolution/width=1280', '--/app/renderer/resolution/height=720', '--/app/window/width=1440', '--/app/window/height=900', '--/renderer/multiGpu/enabled=True', '--/app/fastShutdown=True', '--/app/installSignalHandlers=0', '--ext-folder', '/venv/isaac51/lib/python3.11/site-packages/isaacsim/exts', '--ext-folder', '/venv/isaac51/lib/python3.11/site-packages/isaacsim/apps', '--/physics/cudaDevice=0', '--/plugins/carb.tasking.plugin/threadCount=32', '--/plugins/omni.tbb.globalcontrol/maxThreadCount=32', '--portable', '--no-window', '--/app/window/hideUi=1', '--allow-root']
Passing the following args to the base kit application:  ['--num-envs', '2', '--total-timesteps', '600000', '--device', 'cuda', '--log-dir', '/root/run_7hr', '--resume', '/root/run_7hr_resume/ur5e_isaac_sac_final.zip', '--headless']
Starting kit application with the following args:  ['/venv/isaac51/lib/python3.11/site-packages/isaacsim/exts/isaacsim.simulation_app/isaacsim/simulation_app/simulation_app.py', '/venv/isaac51/lib/python3.11/site-packages/isaacsim/apps/isaacsim.exp.base.python.kit', '--/app/tokens/exe-path=/venv/isaac51/lib/python3.11/site-packages/isaacsim/kit', '--/persistent/app/viewport/displayOptions=3094', '--/rtx/materialDb/syncLoads=True', '--/rtx/hydra/materialSyncLoads=True', '--/omni.kit.plugin/syncUsdLoads=True', '--/app/renderer/resolution/width=1280', '--/app/renderer/resolution/height=720', '--/app/window/width=1440', '--/app/window/height=900', '--/renderer/multiGpu/enabled=True', '--/app/fastShutdown=True', '--/app/installSignalHandlers=0', '--ext-folder', '/venv/isaac51/lib/python3.11/site-packages/isaacsim/exts', '--ext-folder', '/venv/isaac51/lib/python3.11/site-packages/isaacsim/apps', '--/physics/cudaDevice=0', '--/plugins/carb.tasking.plugin/threadCount=32', '--/plugins/omni.tbb.globalcontrol/maxThreadCount=32', '--portable', '--no-window', '--/app/window/hideUi=1', '--allow-root']
Passing the following args to the base kit application:  ['--num-envs', '2', '--total-timesteps', '600000', '--device', 'cuda', '--log-dir', '/root/run_7hr', '--resume', '/root/run_7hr_resume/ur5e_isaac_sac_final.zip', '--headless']
[Info] [carb] Logging to file: /venv/isaac51/lib/python3.11/site-packages/isaacsim/kit/logs/Kit/Isaac-Sim Python/5.1/kit_20260910_131803.log
[Info] [carb] Logging to file: /venv/isaac51/lib/python3.11/site-packages/isaacsim/kit/logs/Kit/Isaac-Sim Python/5.1/kit_20260910_131803.log
[0.092s] [ext: omni.kit.async_engine-0.0.3] startup
[0.089s] [ext: omni.kit.async_engine-0.0.3] startup
[0.294s] [ext: omni.metrics.core-0.0.3] startup
[0.295s] [ext: omni.client.lib-1.1.0] startup
[0.292s] [ext: omni.metrics.core-0.0.3] startup
[0.293s] [ext: omni.client.lib-1.1.0] startup
[0.314s] [ext: omni.blobkey-1.1.2] startup
[0.314s] [ext: omni.stats-1.0.1] startup
[0.315s] [ext: omni.datastore-0.0.0] startup
[0.324s] [ext: omni.client-1.3.0] startup
[0.312s] [ext: omni.blobkey-1.1.2] startup
[0.331s] [ext: omni.ujitso.default-1.0.0] startup
[0.313s] [ext: omni.stats-1.0.1] startup
[0.314s] [ext: omni.datastore-0.0.0] startup
[0.335s] [ext: omni.hsscclient-1.1.2] startup
[0.342s] [ext: omni.gpu_foundation.shadercache.vulkan-1.0.0] startup
[0.324s] [ext: omni.client-1.3.0] startup
[0.344s] [ext: omni.assets.plugins-0.0.0] startup
[0.347s] [ext: omni.gpu_foundation-0.0.0] startup
[0.331s] [ext: omni.ujitso.default-1.0.0] startup
[0.335s] [ext: omni.hsscclient-1.1.2] startup
[0.340s] [ext: omni.gpu_foundation.shadercache.vulkan-1.0.0] startup
[0.360s] [ext: carb.windowing.plugins-1.0.0] startup
[0.343s] [ext: omni.assets.plugins-0.0.0] startup
2026-09-10T13:18:03Z [325ms] [Warning] [carb.windowing-glfw.plugin] GLFW initialization failed.
2026-09-10T13:18:03Z [325ms] [Warning] [carb] Failed to startup plugin carb.windowing-glfw.plugin (interfaces: [carb::windowing::IGLContext v1.0],[carb::windowing::IWindowing v1.5]) (impl: carb.windowing-glfw.plugin)
[0.362s] [ext: omni.kit.renderer.init-0.0.0] startup
[0.345s] [ext: omni.gpu_foundation-0.0.0] startup
[0.360s] [ext: carb.windowing.plugins-1.0.0] startup
2026-09-10T13:18:03Z [319ms] [Warning] [carb.windowing-glfw.plugin] GLFW initialization failed.
2026-09-10T13:18:03Z [319ms] [Warning] [carb] Failed to startup plugin carb.windowing-glfw.plugin (interfaces: [carb::windowing::IGLContext v1.0],[carb::windowing::IWindowing v1.5]) (impl: carb.windowing-glfw.plugin)
[0.363s] [ext: omni.kit.renderer.init-0.0.0] startup
2026-09-10T13:18:03Z [399ms] [Warning] [omni.platforminfo.plugin] failed to open the default display.  Can't verify X Server version.
2026-09-10T13:18:03Z [401ms] [Warning] [omni.platforminfo.plugin] failed to open the default display.  Can't verify X Server version.

|---------------------------------------------------------------------------------------------|
| Driver Version: 590.48.01     | Graphics API: Vulkan
|=============================================================================================|
| GPU | Name                             | Active | LDA | GPU Memory | Vendor-ID | LUID       |
|     |                                  |        |     |            | Device-ID | UUID       |
|     |                                  |        |     |            | Bus-ID    |            |
|---------------------------------------------------------------------------------------------|
| 0   | NVIDIA GeForce RTX 3070          | Yes: 0 |     | 8438    MB | 10de      | 0          |
|     |                                  |        |     |            | 2488      | 1f65d118.. |
|     |                                  |        |     |            | 81        |            |
|=============================================================================================|
| OS: 24.04.4 LTS (Noble Numbat) ubuntu, Version: 24.04.4, Kernel: 6.8.0-136-generic
| Processor: AMD EPYC 7402 24-Core Processor
| Bare Metal Cores: 24 | Bare Metal Logical Cores: 48
| Core Usage Quota: 15.36
|---------------------------------------------------------------------------------------------|
| Total Memory (MB): 142771 | Free Memory: 141080
| Total Page/Swap (MB): 32767 | Free Page/Swap: 32765
|---------------------------------------------------------------------------------------------|

|---------------------------------------------------------------------------------------------|
| Driver Version: 590.48.01     | Graphics API: Vulkan
|=============================================================================================|
| GPU | Name                             | Active | LDA | GPU Memory | Vendor-ID | LUID       |
|     |                                  |        |     |            | Device-ID | UUID       |
|     |                                  |        |     |            | Bus-ID    |            |
|---------------------------------------------------------------------------------------------|
| 0   | NVIDIA GeForce RTX 3070          | Yes: 0 |     | 8438    MB | 10de      | 0          |
|     |                                  |        |     |            | 2488      | 1f65d118.. |
|     |                                  |        |     |            | 81        |            |
|=============================================================================================|
| OS: 24.04.4 LTS (Noble Numbat) ubuntu, Version: 24.04.4, Kernel: 6.8.0-136-generic
| Processor: AMD EPYC 7402 24-Core Processor
| Bare Metal Cores: 24 | Bare Metal Logical Cores: 48
| Core Usage Quota: 15.36
|---------------------------------------------------------------------------------------------|
| Total Memory (MB): 142771 | Free Memory: 141084
| Total Page/Swap (MB): 32767 | Free Page/Swap: 32765
|---------------------------------------------------------------------------------------------|
[2.130s] [ext: omni.materialx.libs-1.0.7] startup
[2.141s] [ext: omni.kit.telemetry-0.5.2] startup
[2.199s] [ext: omni.materialx.libs-1.0.7] startup
[2.211s] [ext: omni.kit.telemetry-0.5.2] startup
[2.192s] [ext: omni.usd.config-1.0.6] startup
[2.200s] [ext: omni.gpucompute.plugins-0.0.0] startup
[2.201s] [ext: omni.usd.libs-1.0.1] startup
[2.292s] [ext: omni.usd.config-1.0.6] startup
[2.303s] [ext: omni.gpucompute.plugins-0.0.0] startup
[2.305s] [ext: omni.usd.libs-1.0.1] startup
[2.338s] [ext: omni.kit.loop-isaac-1.3.7] startup
[2.340s] [ext: omni.kit.test-2.0.1] startup
[2.383s] [ext: omni.mdl-56.0.3] startup
[2.411s] [ext: omni.iray.libs-0.0.0] startup
[2.435s] [ext: omni.kit.loop-isaac-1.3.7] startup
[2.437s] [ext: omni.kit.test-2.0.1] startup
[2.420s] [ext: omni.mdl.neuraylib-0.2.12] startup
[2.423s] [ext: omni.kit.usd.mdl-1.1.5] startup
[2.483s] [ext: omni.mdl-56.0.3] startup
[2.511s] [ext: omni.iray.libs-0.0.0] startup
[2.520s] [ext: omni.mdl.neuraylib-0.2.12] startup
[2.523s] [ext: omni.kit.usd.mdl-1.1.5] startup
[2.556s] [ext: omni.kit.pipapi-0.0.0] startup
[2.558s] [ext: omni.appwindow-1.1.10] startup
2026-09-10T13:18:05Z [2,517ms] [Warning] [carb.windowing-glfw.plugin] GLFW initialization failed.
2026-09-10T13:18:05Z [2,517ms] [Warning] [carb] Failed to startup plugin carb.windowing-glfw.plugin (interfaces: [carb::windowing::IGLContext v1.0],[carb::windowing::IWindowing v1.5]) (impl: carb.windowing-glfw.plugin)
[2.561s] [ext: omni.kit.renderer.core-1.1.0] startup
2026-09-10T13:18:05Z [2,536ms] [Warning] [carb.windowing-glfw.plugin] GLFW initialization failed.
2026-09-10T13:18:05Z [2,536ms] [Warning] [carb] Failed to startup plugin carb.windowing-glfw.plugin (interfaces: [carb::windowing::IGLContext v1.0],[carb::windowing::IWindowing v1.5]) (impl: carb.windowing-glfw.plugin)
2026-09-10T13:18:05Z [2,547ms] [Warning] [carb.windowing-glfw.plugin] GLFW initialization failed.
2026-09-10T13:18:05Z [2,547ms] [Warning] [carb] Failed to startup plugin carb.windowing-glfw.plugin (interfaces: [carb::windowing::IGLContext v1.0],[carb::windowing::IWindowing v1.5]) (impl: carb.windowing-glfw.plugin)
[2.591s] [ext: omni.kit.renderer.capture-0.0.0] startup
[2.595s] [ext: omni.kit.renderer.imgui-2.0.5] startup
2026-09-10T13:18:05Z [2,559ms] [Warning] [carb.windowing-glfw.plugin] GLFW initialization failed.
2026-09-10T13:18:05Z [2,559ms] [Warning] [carb] Failed to startup plugin carb.windowing-glfw.plugin (interfaces: [carb::windowing::IGLContext v1.0],[carb::windowing::IWindowing v1.5]) (impl: carb.windowing-glfw.plugin)
2026-09-10T13:18:05Z [2,561ms] [Warning] [carb.windowing-glfw.plugin] GLFW initialization failed.
2026-09-10T13:18:05Z [2,561ms] [Warning] [carb] Failed to startup plugin carb.windowing-glfw.plugin (interfaces: [carb::windowing::IGLContext v1.0],[carb::windowing::IWindowing v1.5]) (impl: carb.windowing-glfw.plugin)
2026-09-10T13:18:05Z [2,562ms] [Warning] [carb.windowing-glfw.plugin] GLFW initialization failed.
2026-09-10T13:18:05Z [2,562ms] [Warning] [carb] Failed to startup plugin carb.windowing-glfw.plugin (interfaces: [carb::windowing::IGLContext v1.0],[carb::windowing::IWindowing v1.5]) (impl: carb.windowing-glfw.plugin)
[2.650s] [ext: omni.kit.pipapi-0.0.0] startup
[2.651s] [ext: omni.appwindow-1.1.10] startup
2026-09-10T13:18:05Z [2,617ms] [Warning] [carb.windowing-glfw.plugin] GLFW initialization failed.
2026-09-10T13:18:05Z [2,617ms] [Warning] [carb] Failed to startup plugin carb.windowing-glfw.plugin (interfaces: [carb::windowing::IGLContext v1.0],[carb::windowing::IWindowing v1.5]) (impl: carb.windowing-glfw.plugin)
[2.656s] [ext: omni.kit.renderer.core-1.1.0] startup
2026-09-10T13:18:05Z [2,636ms] [Warning] [carb.windowing-glfw.plugin] GLFW initialization failed.
2026-09-10T13:18:05Z [2,636ms] [Warning] [carb] Failed to startup plugin carb.windowing-glfw.plugin (interfaces: [carb::windowing::IGLContext v1.0],[carb::windowing::IWindowing v1.5]) (impl: carb.windowing-glfw.plugin)
2026-09-10T13:18:05Z [2,647ms] [Warning] [carb.windowing-glfw.plugin] GLFW initialization failed.
2026-09-10T13:18:05Z [2,647ms] [Warning] [carb] Failed to startup plugin carb.windowing-glfw.plugin (interfaces: [carb::windowing::IGLContext v1.0],[carb::windowing::IWindowing v1.5]) (impl: carb.windowing-glfw.plugin)
[2.687s] [ext: omni.kit.renderer.capture-0.0.0] startup
[2.691s] [ext: omni.kit.renderer.imgui-2.0.5] startup
2026-09-10T13:18:05Z [2,661ms] [Warning] [carb.windowing-glfw.plugin] GLFW initialization failed.
2026-09-10T13:18:05Z [2,661ms] [Warning] [carb] Failed to startup plugin carb.windowing-glfw.plugin (interfaces: [carb::windowing::IGLContext v1.0],[carb::windowing::IWindowing v1.5]) (impl: carb.windowing-glfw.plugin)
2026-09-10T13:18:05Z [2,663ms] [Warning] [carb.windowing-glfw.plugin] GLFW initialization failed.
2026-09-10T13:18:05Z [2,663ms] [Warning] [carb] Failed to startup plugin carb.windowing-glfw.plugin (interfaces: [carb::windowing::IGLContext v1.0],[carb::windowing::IWindowing v1.5]) (impl: carb.windowing-glfw.plugin)
2026-09-10T13:18:05Z [2,664ms] [Warning] [carb.windowing-glfw.plugin] GLFW initialization failed.
2026-09-10T13:18:05Z [2,664ms] [Warning] [carb] Failed to startup plugin carb.windowing-glfw.plugin (interfaces: [carb::windowing::IGLContext v1.0],[carb::windowing::IWindowing v1.5]) (impl: carb.windowing-glfw.plugin)
[2.705s] [ext: omni.ui-2.27.1] startup
[2.717s] [ext: omni.kit.mainwindow-1.0.3] startup
[2.719s] [ext: carb.audio-0.1.0] startup
[2.728s] [ext: omni.uiaudio-1.0.0] startup
[2.730s] [ext: omni.kit.uiapp-0.0.0] startup
[2.730s] [ext: omni.usd.schema.metrics.assembler-107.3.1] startup
[2.733s] [ext: omni.usd.schema.physx-107.3.26] startup
[2.787s] [ext: omni.ui-2.27.1] startup
[2.773s] [ext: omni.usd.schema.geospatial-0.0.0] startup
[2.776s] [ext: omni.usd.schema.audio-0.0.0] startup
[2.780s] [ext: omni.usd.schema.anim-0.0.0] startup
[2.799s] [ext: omni.kit.mainwindow-1.0.3] startup
[2.800s] [ext: carb.audio-0.1.0] startup
[2.810s] [ext: omni.uiaudio-1.0.0] startup
[2.812s] [ext: omni.kit.uiapp-0.0.0] startup
[2.812s] [ext: omni.usd.schema.metrics.assembler-107.3.1] startup
[2.815s] [ext: omni.usd.schema.physx-107.3.26] startup
[2.804s] [ext: omni.usd.schema.flow-107.1.1] startup
[2.805s] [ext: omni.usd_resolver-1.0.0] startup
[2.810s] [ext: omni.usd.core-1.5.3] startup
[2.814s] [ext: omni.usd.schema.omni_sensors-0.0.0] startup
[2.838s] [ext: omni.usd.schema.semantics-0.0.0] startup
[2.858s] [ext: omni.usd.schema.geospatial-0.0.0] startup
[2.841s] [ext: omni.usd.schema.omniscripting-1.0.0] startup
[2.861s] [ext: omni.usd.schema.audio-0.0.0] startup
[2.865s] [ext: omni.usd.schema.anim-0.0.0] startup
[2.846s] [ext: omni.usd.schema.omni_lens_distortion-0.0.0] startup
[2.847s] [ext: omni.usd.schema.omnigraph-1.0.0] startup
[2.854s] [ext: omni.kit.window.popup_dialog-2.0.24] startup
[2.858s] [ext: omni.graph.exec-0.9.6] startup
[2.859s] [ext: omni.kit.widget.nucleus_connector-2.0.1] startup
[2.861s] [ext: omni.kit.usd_undo-0.1.8] startup
[2.862s] [ext: omni.kit.exec.core-0.13.4] startup
[2.864s] [ext: omni.kit.actions.core-1.0.0] startup
[2.867s] [ext: omni.resourcemonitor-107.0.1] startup
[2.889s] [ext: omni.usd.schema.flow-107.1.1] startup
[2.870s] [ext: omni.activity.core-1.0.3] startup
[2.889s] [ext: omni.usd_resolver-1.0.0] startup
[2.871s] [ext: omni.timeline-1.0.14] startup
[2.874s] [ext: omni.kit.commands-1.4.10] startup
[2.894s] [ext: omni.usd.core-1.5.3] startup
[2.878s] [ext: usdrt.scenegraph-7.6.1] startup
[2.898s] [ext: omni.usd.schema.omni_sensors-0.0.0] startup
[2.922s] [ext: omni.usd.schema.semantics-0.0.0] startup
[2.925s] [ext: omni.usd.schema.omniscripting-1.0.0] startup
[2.930s] [ext: omni.usd.schema.omni_lens_distortion-0.0.0] startup
[2.931s] [ext: omni.usd.schema.omnigraph-1.0.0] startup
[2.938s] [ext: omni.kit.window.popup_dialog-2.0.24] startup
[2.942s] [ext: omni.graph.exec-0.9.6] startup
[2.943s] [ext: omni.kit.widget.nucleus_connector-2.0.1] startup
[2.926s] [ext: omni.kit.audiodeviceenum-1.0.2] startup
[2.946s] [ext: omni.kit.usd_undo-0.1.8] startup
[2.946s] [ext: omni.kit.exec.core-0.13.4] startup
[2.928s] [ext: omni.hydra.usdrt_delegate-7.5.1] startup
[2.948s] [ext: omni.kit.actions.core-1.0.0] startup
[2.952s] [ext: omni.resourcemonitor-107.0.1] startup
[2.955s] [ext: omni.activity.core-1.0.3] startup
[2.956s] [ext: omni.timeline-1.0.14] startup
[2.938s] [ext: omni.hydra.scene_delegate-0.3.4] startup
[2.959s] [ext: omni.kit.commands-1.4.10] startup
[2.963s] [ext: usdrt.scenegraph-7.6.1] startup
[2.945s] [ext: omni.usd-1.13.10] startup
[2.985s] [ext: omni.inspect-1.0.2] startup
[2.987s] [ext: omni.kit.notification_manager-1.0.10] startup
[2.989s] [ext: omni.graph.core-2.184.5] startup
[2.993s] [ext: isaacsim.core.deprecation_manager-0.2.7] startup
[2.994s] [ext: omni.anim.graph.schema-107.3.3] startup
[3.013s] [ext: omni.kit.audiodeviceenum-1.0.2] startup
[3.015s] [ext: omni.hydra.usdrt_delegate-7.5.1] startup
[3.005s] [ext: omni.usd.schema.isaac-3.0.5] startup
[3.005s] [ext: omni.anim.navigation.schema-107.3.3] startup
[3.025s] [ext: omni.hydra.scene_delegate-0.3.4] startup
[3.009s] [ext: omni.kit.asset_converter-5.0.17] startup
[3.031s] [ext: omni.usd-1.13.10] startup
[3.026s] [ext: isaacsim.robot.schema-3.6.0] startup
[3.037s] [ext: omni.usd.schema.render_settings.rtx-0.0.0] startup
[3.038s] [ext: omni.kit.menu.core-1.1.2] startup
[3.039s] [ext: omni.kit.widget.path_field-2.0.11] startup
[3.040s] [ext: omni.kit.widget.context_menu-1.2.5] startup
[3.041s] [ext: omni.kit.widget.browser_bar-2.0.10] startup
[3.042s] [ext: omni.kit.clipboard-1.0.5] startup
[3.043s] [ext: omni.kit.numpy.common-0.1.3] startup
[3.045s] [ext: omni.kit.widget.options_menu-1.1.6] startup
[3.049s] [ext: omni.kit.helper.file_utils-0.1.9] startup
[3.051s] [ext: omni.ui.scene-1.11.5] startup
[3.071s] [ext: omni.inspect-1.0.2] startup
[3.072s] [ext: omni.kit.notification_manager-1.0.10] startup
[3.074s] [ext: omni.graph.core-2.184.5] startup
[3.056s] [ext: omni.kit.widget.options_button-1.0.3] startup
[3.057s] [ext: omni.kit.widget.filebrowser-2.12.3] startup
[3.078s] [ext: isaacsim.core.deprecation_manager-0.2.7] startup
[3.079s] [ext: omni.anim.graph.schema-107.3.3] startup
[3.062s] [ext: omni.kit.usd.layers-2.2.11] startup
[3.089s] [ext: omni.usd.schema.isaac-3.0.5] startup
[3.089s] [ext: omni.anim.navigation.schema-107.3.3] startup
[3.072s] [ext: omni.kit.window.filepicker-2.13.4] startup
[3.093s] [ext: omni.kit.asset_converter-5.0.17] startup
[3.108s] [ext: isaacsim.robot.schema-3.6.0] startup
[3.090s] [ext: omni.kit.hotkeys.core-1.3.10] startup
[3.094s] [ext: omni.kit.context_menu-1.8.6] startup
[3.096s] [ext: omni.kit.property.adapter.core-1.0.2] startup
[3.099s] [ext: omni.kit.window.file_exporter-1.0.33] startup
[3.118s] [ext: omni.usd.schema.render_settings.rtx-0.0.0] startup
[3.119s] [ext: omni.kit.menu.core-1.1.2] startup
[3.120s] [ext: omni.kit.widget.path_field-2.0.11] startup
[3.101s] [ext: omni.kit.widget.searchfield-1.1.8] startup
[3.120s] [ext: omni.kit.widget.context_menu-1.2.5] startup
[3.103s] [ext: omni.kit.widget.filter-1.1.4] startup
[3.122s] [ext: omni.kit.widget.browser_bar-2.0.10] startup
[3.103s] [ext: omni.kit.widget.graph-2.0.0] startup
[3.123s] [ext: omni.kit.clipboard-1.0.5] startup
[3.124s] [ext: omni.kit.numpy.common-0.1.3] startup
[3.125s] [ext: omni.kit.widget.options_menu-1.1.6] startup
[3.110s] [ext: omni.kit.widget.stage-3.1.4] startup
[3.129s] [ext: omni.kit.helper.file_utils-0.1.9] startup
[3.131s] [ext: omni.ui.scene-1.11.5] startup
[3.136s] [ext: omni.kit.widget.options_button-1.0.3] startup
[3.137s] [ext: omni.kit.widget.filebrowser-2.12.3] startup
[3.122s] [ext: omni.kit.property.adapter.usd-1.0.2] startup
[3.142s] [ext: omni.kit.usd.layers-2.2.11] startup
[3.124s] [ext: omni.kit.property.adapter.fabric-1.0.3] startup
[3.125s] [ext: omni.kit.graph.delegate.default-1.2.3] startup
[3.126s] [ext: omni.kit.window.file_importer-1.1.18] startup
[3.127s] [ext: omni.kit.stage_template.core-1.1.22] startup
[3.127s] [ext: omni.kit.menu.utils-2.0.5] startup
[3.133s] [ext: omni.kit.window.file-2.0.5] startup
[3.152s] [ext: omni.kit.window.filepicker-2.13.4] startup
[3.136s] [ext: omni.kit.widget.highlight_label-1.0.3] startup
[3.137s] [ext: omni.kit.window.drop_support-1.0.5] startup
[3.138s] [ext: omni.kit.window.content_browser_registry-0.0.6] startup
[3.138s] [ext: omni.kit.window.property-1.12.1] startup
[3.141s] [ext: omni.kit.window.content_browser-3.1.3] startup
[3.171s] [ext: omni.kit.hotkeys.core-1.3.10] startup
[3.175s] [ext: omni.kit.context_menu-1.8.6] startup
[3.156s] [ext: isaacsim.core.version-2.0.6] startup
[3.157s] [ext: omni.kit.property.usd-4.5.12] startup
[3.177s] [ext: omni.kit.property.adapter.core-1.0.2] startup
[3.180s] [ext: omni.kit.window.file_exporter-1.0.33] startup
[3.183s] [ext: omni.kit.widget.searchfield-1.1.8] startup
[3.184s] [ext: omni.kit.widget.filter-1.1.4] startup
[3.185s] [ext: omni.kit.widget.graph-2.0.0] startup
[3.170s] [ext: omni.kit.graph.editor.core-1.5.3] startup
[3.173s] [ext: omni.kit.material.library-2.0.7] startup
[3.192s] [ext: omni.kit.widget.stage-3.1.4] startup
[3.178s] [ext: omni.kit.graph.usd.commands-1.3.1] startup
[3.179s] [ext: omni.kvdb-107.3.26] startup
[3.181s] [ext: omni.usdphysics-107.3.26] startup
[3.184s] [ext: omni.physx.foundation-107.3.26] startup
[3.205s] [ext: omni.kit.property.adapter.usd-1.0.2] startup
[3.187s] [ext: omni.localcache-107.3.26] startup
[3.206s] [ext: omni.kit.property.adapter.fabric-1.0.3] startup
[3.207s] [ext: omni.kit.graph.delegate.default-1.2.3] startup
[3.189s] [ext: omni.convexdecomposition-107.3.26] startup
[3.208s] [ext: omni.kit.window.file_importer-1.1.18] startup
[3.209s] [ext: omni.kit.stage_template.core-1.1.22] startup
[3.210s] [ext: omni.kit.menu.utils-2.0.5] startup
[3.192s] [ext: omni.physics-107.3.26] startup
[3.196s] [ext: omni.physx.cooking-107.3.26] startup
[3.216s] [ext: omni.kit.window.file-2.0.5] startup
[3.219s] [ext: omni.kit.widget.highlight_label-1.0.3] startup
[3.200s] [ext: omni.physics.stageupdate-107.3.26] startup
[3.220s] [ext: omni.kit.window.drop_support-1.0.5] startup
[3.220s] [ext: omni.kit.window.content_browser_registry-0.0.6] startup
[3.221s] [ext: omni.kit.window.property-1.12.1] startup
[3.203s] [ext: omni.physx-107.3.26] startup
[3.224s] [ext: omni.kit.window.content_browser-3.1.3] startup
[3.239s] [ext: isaacsim.core.version-2.0.6] startup
[3.220s] [ext: omni.index.libs-380600.8087.0] startup
[3.220s] [ext: omni.physics.physx-107.3.26] startup
[3.240s] [ext: omni.kit.property.usd-4.5.12] startup
2026-09-10T13:18:06Z [3,180ms] [Warning] [carb] Acquiring non optional plugin interface which is not listed as dependency: [omni::physx::IPhysxBenchmarks v1.0] (plugin: <default plugin>), by client: omni.physics.physx.plugin. Add it to CARB_PLUGIN_IMPL_DEPS() macro of a client.
[3.223s] [ext: omni.index-1.0.1] startup
[3.224s] [ext: omni.volume-0.5.2] startup
[3.228s] [ext: omni.ujitso.client-0.0.0] startup
[3.229s] [ext: omni.hydra.rtx.shadercache.vulkan-1.0.0] startup
[3.230s] [ext: omni.kit.widget.searchable_combobox-1.0.6] startup
[3.231s] [ext: omni.hydra.rtx-1.0.0] startup
[3.252s] [ext: omni.kit.graph.editor.core-1.5.3] startup
[3.255s] [ext: omni.kit.material.library-2.0.7] startup
[3.261s] [ext: omni.kit.graph.usd.commands-1.3.1] startup
[3.262s] [ext: omni.kvdb-107.3.26] startup
[3.264s] [ext: omni.usdphysics-107.3.26] startup
[3.267s] [ext: omni.physx.foundation-107.3.26] startup
[3.269s] [ext: omni.localcache-107.3.26] startup
[3.271s] [ext: omni.convexdecomposition-107.3.26] startup
[3.275s] [ext: omni.physics-107.3.26] startup
2026-09-10T13:18:06Z [3,217ms] [Warning] [omni.log] Source: omni.hydra was already registered.
[3.279s] [ext: omni.physx.cooking-107.3.26] startup
[3.283s] [ext: omni.physics.stageupdate-107.3.26] startup
[3.286s] [ext: omni.physx-107.3.26] startup
[3.303s] [ext: omni.index.libs-380600.8087.0] startup
[3.303s] [ext: omni.physics.physx-107.3.26] startup
2026-09-10T13:18:06Z [3,268ms] [Warning] [carb] Acquiring non optional plugin interface which is not listed as dependency: [omni::physx::IPhysxBenchmarks v1.0] (plugin: <default plugin>), by client: omni.physics.physx.plugin. Add it to CARB_PLUGIN_IMPL_DEPS() macro of a client.
[3.306s] [ext: omni.index-1.0.1] startup
[3.307s] [ext: omni.volume-0.5.2] startup
[3.288s] [ext: omni.kit.widget.settings-1.2.6] startup
[3.291s] [ext: omni.kit.hydra_texture-1.4.6] startup
[3.310s] [ext: omni.ujitso.client-0.0.0] startup
[3.311s] [ext: omni.hydra.rtx.shadercache.vulkan-1.0.0] startup
[3.312s] [ext: omni.kit.widget.searchable_combobox-1.0.6] startup
[3.314s] [ext: omni.hydra.rtx-1.0.0] startup
[3.296s] [ext: omni.graph.tools-1.79.2] startup
2026-09-10T13:18:06Z [3,301ms] [Warning] [omni.log] Source: omni.hydra was already registered.
[3.326s] [ext: omni.kit.window.preferences-1.8.0] startup
[3.332s] [ext: omni.kit.widget.material_preview-1.0.16] startup
[3.334s] [ext: omni.graph-1.141.2] startup
[3.366s] [ext: omni.kit.widget.settings-1.2.6] startup
[3.369s] [ext: omni.kit.hydra_texture-1.4.6] startup
[3.373s] [ext: omni.graph.tools-1.79.2] startup
[3.403s] [ext: omni.kit.window.preferences-1.8.0] startup
[3.387s] [ext: omni.kit.window.material_graph-1.9.1] startup
[3.410s] [ext: omni.kit.widget.material_preview-1.0.16] startup
[3.412s] [ext: omni.graph-1.141.2] startup
[3.400s] [ext: omni.isaac.dynamic_control-2.0.7] startup
2026-09-10T13:18:06Z [3,365ms] [Warning] [omni.isaac.dynamic_control] omni.isaac.dynamic_control is deprecated as of Isaac Sim 4.5. No action is needed from end-users.
[3.408s] [ext: isaacsim.storage.native-1.5.1] startup
[3.412s] [ext: omni.graph.scriptnode-1.50.0] startup
[3.415s] [ext: omni.hydra.engine.stats-1.0.3] startup
[3.423s] [ext: omni.kit.viewport.legacy_gizmos-1.0.19] startup
[3.428s] [ext: omni.kit.raycast.query-1.1.0] startup
[3.439s] [ext: omni.graph.action_core-1.1.7] startup
[3.443s] [ext: omni.kit.viewport.scene_camera_model-1.0.6] startup
[3.466s] [ext: omni.kit.window.material_graph-1.9.1] startup
[3.450s] [ext: omni.graph.image.core-0.6.1] startup
[3.452s] [ext: omni.kit.widget.viewport-107.1.3] startup
[3.479s] [ext: omni.isaac.dynamic_control-2.0.7] startup
2026-09-10T13:18:06Z [3,449ms] [Warning] [omni.isaac.dynamic_control] omni.isaac.dynamic_control is deprecated as of Isaac Sim 4.5. No action is needed from end-users.
[3.487s] [ext: isaacsim.storage.native-1.5.1] startup
[3.491s] [ext: omni.graph.scriptnode-1.50.0] startup
[3.494s] [ext: omni.hydra.engine.stats-1.0.3] startup
[3.483s] [ext: omni.kit.viewport.registry-104.0.6] startup
[3.503s] [ext: omni.kit.viewport.legacy_gizmos-1.0.19] startup
[3.486s] [ext: omni.usd.metrics.assembler-107.3.1] startup
[3.507s] [ext: omni.kit.raycast.query-1.1.0] startup
[3.493s] [ext: omni.kit.viewport.window-107.2.0] startup
[3.517s] [ext: omni.graph.action_core-1.1.7] startup
[3.521s] [ext: omni.kit.viewport.scene_camera_model-1.0.6] startup
[3.530s] [ext: omni.graph.image.core-0.6.1] startup
[3.532s] [ext: omni.kit.widget.viewport-107.1.3] startup
[3.542s] [ext: omni.kit.viewport.registry-104.0.6] startup
[3.524s] [ext: omni.kit.viewport.menubar.core-107.2.1] startup
[3.559s] [ext: omni.usd.metrics.assembler-107.3.1] startup
[3.542s] [ext: omni.graph.image.nodes-1.3.1] startup
[3.544s] [ext: omni.usd.metrics.assembler.physics-107.3.26] startup
[3.546s] [ext: omni.warp.core-1.8.2] startup
[3.566s] [ext: omni.kit.viewport.window-107.2.0] startup
[3.597s] [ext: omni.kit.viewport.menubar.core-107.2.1] startup
[3.616s] [ext: omni.graph.image.nodes-1.3.1] startup
[3.618s] [ext: omni.usd.metrics.assembler.physics-107.3.26] startup
[3.621s] [ext: omni.warp.core-1.8.2] startup
[3.815s] [ext: omni.kit.viewport.utility-1.1.2] startup
[3.817s] [ext: omni.physics.tensors-107.3.26] startup
[3.826s] [ext: omni.syntheticdata-0.6.13] startup
[3.860s] [ext: isaacsim.test.docstring-1.1.0] startup
[3.869s] [ext: isaacsim.core.utils-3.5.1] startup
[3.892s] [ext: omni.kit.viewport.utility-1.1.2] startup
[3.895s] [ext: omni.physics.tensors-107.3.26] startup
[3.876s] [ext: omni.physx.tensors-107.3.26] startup
[3.883s] [ext: omni.graph.nodes-1.170.10] startup
[3.904s] [ext: omni.syntheticdata-0.6.13] startup
[3.900s] [ext: omni.graph.action_nodes-1.50.4] startup
[3.905s] [ext: omni.kit.primitive.mesh-1.0.17] startup
[3.938s] [ext: isaacsim.test.docstring-1.1.0] startup
[3.946s] [ext: isaacsim.core.utils-3.5.1] startup
[3.953s] [ext: omni.physx.tensors-107.3.26] startup
[3.939s] [ext: isaacsim.core.simulation_manager-1.4.4] startup
[3.959s] [ext: omni.graph.nodes-1.170.10] startup
[3.981s] [ext: omni.graph.action_nodes-1.50.4] startup
[4.003s] [ext: omni.kit.primitive.mesh-1.0.17] startup
[4.018s] [ext: isaacsim.core.simulation_manager-1.4.4] startup
[4.404s] [ext: omni.graph.ui_nodes-1.50.5] startup
[4.412s] [ext: omni.graph.action-1.130.0] startup
[4.415s] [ext: omni.kit.stage_templates-2.0.0] startup
[4.424s] [ext: isaacsim.core.prims-0.6.1] startup
[4.463s] [ext: omni.graph.ui_nodes-1.50.5] startup
[4.472s] [ext: omni.graph.action-1.130.0] startup
[4.475s] [ext: omni.kit.stage_templates-2.0.0] startup
[4.483s] [ext: isaacsim.core.prims-0.6.1] startup
[4.470s] [ext: omni.warp-1.8.2] startup
[4.485s] [ext: omni.videoencoding-0.1.2] startup
[4.495s] [ext: isaacsim.core.api-4.8.0] startup
[4.529s] [ext: omni.warp-1.8.2] startup
[4.524s] [ext: isaacsim.core.experimental.utils-0.3.0] startup
[4.543s] [ext: omni.videoencoding-0.1.2] startup
[4.553s] [ext: isaacsim.core.api-4.8.0] startup
[4.538s] [ext: omni.replicator.core-1.12.27] startup
2026-09-10T13:18:07Z [4,515ms] [Warning] [pxr.Semantics] pxr.Semantics is deprecated - please use Semantics instead
[4.580s] [ext: isaacsim.core.experimental.utils-0.3.0] startup
[4.589s] [ext: omni.replicator.core-1.12.27] startup
2026-09-10T13:18:07Z [4,581ms] [Warning] [pxr.Semantics] pxr.Semantics is deprecated - please use Semantics instead
Warp 1.8.2 initialized:
   CUDA Toolkit 12.8, Driver 13.1
   Devices:
     "cpu"      : "x86_64"
     "cuda:0"   : "NVIDIA GeForce RTX 3070" (8 GiB, sm_86, mempool enabled)
   Kernel cache:
     /root/.cache/warp/1.8.2
2026-09-10T13:18:08Z [4,868ms] [Warning] [omni.graph.core.plugin] Found duplicate of category 'Replicator' - was 'Annotators', adding 'Fabric Reader'
2026-09-10T13:18:08Z [4,868ms] [Warning] [omni.graph.core.plugin] Category 'Replicator' not accepted on node type 'omni.replicator.core.FabricReader' in extension 'omni.replicator.core'
2026-09-10T13:18:08Z [4,870ms] [Warning] [omni.replicator.core.scripts.extension] No material configuration file, adding configuration to material settings directly.
[4.915s] [ext: isaacsim.core.experimental.prims-0.8.1] startup
Warp 1.8.2 initialized:
   CUDA Toolkit 12.8, Driver 13.1
   Devices:
     "cpu"      : "x86_64"
     "cuda:0"   : "NVIDIA GeForce RTX 3070" (8 GiB, sm_86, mempool enabled)
   Kernel cache:
     /root/.cache/warp/1.8.2
2026-09-10T13:18:08Z [4,883ms] [Warning] [omni.graph.core.plugin] Found duplicate of category 'Replicator' - was 'Annotators', adding 'Fabric Reader'
2026-09-10T13:18:08Z [4,883ms] [Warning] [omni.graph.core.plugin] Category 'Replicator' not accepted on node type 'omni.replicator.core.FabricReader' in extension 'omni.replicator.core'
2026-09-10T13:18:08Z [4,887ms] [Warning] [omni.replicator.core.scripts.extension] No material configuration file, adding configuration to material settings directly.
[4.940s] [ext: isaacsim.core.experimental.prims-0.8.1] startup
[5.034s] [ext: omni.kit.window.extensions-1.4.27] startup
[5.057s] [ext: isaacsim.core.experimental.objects-0.4.0] startup
[5.073s] [ext: omni.ui_query-1.1.8] startup
[5.082s] [ext: omni.kit.manipulator.viewport-107.0.1] startup
[5.086s] [ext: isaacsim.robot.surface_gripper-3.3.1] startup
[5.071s] [ext: omni.kit.window.extensions-1.4.27] startup
[5.095s] [ext: omni.kit.ui_test-1.3.7] startup
[5.105s] [ext: omni.graph.visualization.nodes-2.1.3] startup
[5.100s] [ext: isaacsim.core.experimental.objects-0.4.0] startup
[5.115s] [ext: omni.ui_query-1.1.8] startup
[5.122s] [ext: omni.kit.manipulator.viewport-107.0.1] startup
[5.127s] [ext: isaacsim.robot.surface_gripper-3.3.1] startup
[5.135s] [ext: omni.kit.ui_test-1.3.7] startup
[5.162s] [ext: isaacsim.robot_motion.lula-4.0.8] startup
[5.145s] [ext: omni.graph.visualization.nodes-2.1.3] startup
[5.194s] [ext: isaacsim.core.nodes-3.4.3] startup
[5.194s] [ext: isaacsim.robot_motion.lula-4.0.8] startup
[5.228s] [ext: isaacsim.gui.components-1.2.1] startup
[5.228s] [ext: isaacsim.core.nodes-3.4.3] startup
[5.273s] [ext: isaacsim.robot_motion.motion_generation-8.0.26] startup
[5.279s] [ext: isaacsim.gui.components-1.2.1] startup
[5.330s] [ext: isaacsim.robot_motion.motion_generation-8.0.26] startup
[5.373s] [ext: isaacsim.robot.manipulators-3.3.6] startup
[5.418s] [ext: isaacsim.core.experimental.materials-0.4.0] startup
[5.412s] [ext: isaacsim.robot.manipulators-3.3.6] startup
[5.477s] [ext: isaacsim.robot.manipulators.examples-1.1.2] startup
[5.470s] [ext: isaacsim.core.experimental.materials-0.4.0] startup
[5.496s] [ext: isaacsim.cortex.framework-1.0.12] startup
[5.510s] [ext: isaacsim.cortex.behaviors-2.0.14] startup
[5.516s] [ext: omni.isaac.cortex.sample_behaviors-2.0.5] startup
2026-09-10T13:18:08Z [5,492ms] [Warning] [omni.isaac.cortex] omni.isaac.cortex has been deprecated in favor of isaacsim.cortex.framework. Please update your code accordingly.
2026-09-10T13:18:08Z [5,498ms] [Warning] [omni.isaac.cortex.sample_behaviors] omni.isaac.cortex.sample_behaviors has been deprecated in favor of isaacsim.cortex.behaviors. Please update your code accordingly.
[5.517s] [ext: isaacsim.robot.manipulators.examples-1.1.2] startup
[5.542s] [ext: omni.kit.widget.zoombar-1.0.6] startup
[5.533s] [ext: isaacsim.cortex.framework-1.0.12] startup
[5.564s] [ext: isaacsim.gui.content_browser-0.1.11] startup
[5.552s] [ext: isaacsim.cortex.behaviors-2.0.14] startup
[5.564s] [ext: omni.isaac.cortex.sample_behaviors-2.0.5] startup
[5.589s] [ext: omni.kit.browser.core-2.3.13] startup
2026-09-10T13:18:08Z [5,530ms] [Warning] [omni.isaac.cortex] omni.isaac.cortex has been deprecated in favor of isaacsim.cortex.framework. Please update your code accordingly.
2026-09-10T13:18:08Z [5,533ms] [Warning] [omni.isaac.cortex.sample_behaviors] omni.isaac.cortex.sample_behaviors has been deprecated in favor of isaacsim.cortex.behaviors. Please update your code accordingly.
[5.581s] [ext: omni.kit.widget.zoombar-1.0.6] startup
[5.598s] [ext: isaacsim.gui.content_browser-0.1.11] startup
[5.629s] [ext: omni.kit.widget.stage_icons-1.0.8] startup
[5.612s] [ext: omni.kit.browser.core-2.3.13] startup
[5.645s] [ext: omni.kit.widget.prompt-1.0.7] startup
[5.649s] [ext: omni.kit.usd.collect-2.4.5] startup
[5.660s] [ext: omni.kit.browser.folder.core-1.10.9] startup
[5.644s] [ext: omni.kit.widget.stage_icons-1.0.8] startup
[5.656s] [ext: omni.kit.widget.prompt-1.0.7] startup
[5.675s] [ext: omni.kit.usd.collect-2.4.5] startup
[5.698s] [ext: omni.kit.window.stage-2.6.1] startup
[5.693s] [ext: omni.kit.browser.folder.core-1.10.9] startup
[5.715s] [ext: omni.kit.usdz_export-1.0.9] startup
[5.725s] [ext: omni.kit.tool.collect-2.2.18] startup
[5.735s] [ext: omni.kit.menu.stage-1.2.7] startup
[5.740s] [ext: omni.kit.tool.asset_importer-4.3.2] startup
[5.760s] [ext: isaacsim.robot.wheeled_robots-4.0.24] startup
[5.802s] [ext: isaacsim.examples.browser-0.2.1] startup
[5.812s] [ext: omni.kit.window.stage-2.6.1] startup
[5.832s] [ext: isaacsim.asset.importer.urdf-2.4.30] startup
[5.941s] [ext: omni.kit.usdz_export-1.0.9] startup
[5.953s] [ext: omni.kit.tool.collect-2.2.18] startup
[5.970s] [ext: omni.kit.menu.stage-1.2.7] startup
[6.022s] [ext: omni.kit.tool.asset_importer-4.3.2] startup
[6.096s] [ext: isaacsim.robot.wheeled_robots-4.0.24] startup
[6.154s] [ext: isaacsim.examples.browser-0.2.1] startup
[6.230s] [ext: isaacsim.asset.importer.urdf-2.4.30] startup
Warp DeprecationWarning: The `warp.sim` module is deprecated and will be removed in v1.10. Please transition to using the forthcoming Newton library instead.
[6.520s] [ext: omni.isaac.wheeled_robots-3.0.7] startup
2026-09-10T13:18:09Z [6,505ms] [Warning] [omni.isaac.wheeled_robots] omni.isaac.wheeled_robots has been deprecated in favor of isaacsim.robot.wheeled_robots. Please update your code accordingly.
2026-09-10T13:18:09Z [6,508ms] [Warning] [omni.isaac.wheeled_robots.controllers] omni.isaac.wheeled_robots has been deprecated in favor of isaacsim.robot.wheeled_robots. Please update your code accordingly.
2026-09-10T13:18:09Z [6,515ms] [Warning] [omni.isaac.wheeled_robots.controllers.ackermann_controller] omni.isaac.wheeled_robots has been deprecated in favor of isaacsim.robot.wheeled_robots. Please update your code accordingly.
2026-09-10T13:18:09Z [6,518ms] [Warning] [omni.isaac.wheeled_robots.controllers.differential_controller] omni.isaac.wheeled_robots has been deprecated in favor of isaacsim.robot.wheeled_robots. Please update your code accordingly.
[6.537s] [ext: omni.isaac.wheeled_robots-3.0.7] startup
2026-09-10T13:18:09Z [6,500ms] [Warning] [omni.isaac.wheeled_robots] omni.isaac.wheeled_robots has been deprecated in favor of isaacsim.robot.wheeled_robots. Please update your code accordingly.
2026-09-10T13:18:09Z [6,502ms] [Warning] [omni.isaac.wheeled_robots.controllers] omni.isaac.wheeled_robots has been deprecated in favor of isaacsim.robot.wheeled_robots. Please update your code accordingly.
2026-09-10T13:18:09Z [6,503ms] [Warning] [omni.isaac.wheeled_robots.controllers.ackermann_controller] omni.isaac.wheeled_robots has been deprecated in favor of isaacsim.robot.wheeled_robots. Please update your code accordingly.
2026-09-10T13:18:09Z [6,504ms] [Warning] [omni.isaac.wheeled_robots.controllers.differential_controller] omni.isaac.wheeled_robots has been deprecated in favor of isaacsim.robot.wheeled_robots. Please update your code accordingly.
2026-09-10T13:18:09Z [6,530ms] [Warning] [omni.isaac.wheeled_robots.controllers.holonomic_controller] omni.isaac.wheeled_robots has been deprecated in favor of isaacsim.robot.wheeled_robots. Please update your code accordingly.
2026-09-10T13:18:09Z [6,506ms] [Warning] [omni.isaac.wheeled_robots.controllers.holonomic_controller] omni.isaac.wheeled_robots has been deprecated in favor of isaacsim.robot.wheeled_robots. Please update your code accordingly.
2026-09-10T13:18:09Z [6,508ms] [Warning] [omni.isaac.wheeled_robots.controllers.quintic_path_planner] omni.isaac.wheeled_robots has been deprecated in favor of isaacsim.robot.wheeled_robots. Please update your code accordingly.
2026-09-10T13:18:09Z [6,532ms] [Warning] [omni.isaac.wheeled_robots.controllers.quintic_path_planner] omni.isaac.wheeled_robots has been deprecated in favor of isaacsim.robot.wheeled_robots. Please update your code accordingly.
2026-09-10T13:18:09Z [6,509ms] [Warning] [omni.isaac.wheeled_robots.controllers.stanley_control] omni.isaac.wheeled_robots has been deprecated in favor of isaacsim.robot.wheeled_robots. Please update your code accordingly.
2026-09-10T13:18:09Z [6,510ms] [Warning] [omni.isaac.wheeled_robots.controllers.wheel_base_pose_controller] omni.isaac.wheeled_robots has been deprecated in favor of isaacsim.robot.wheeled_robots. Please update your code accordingly.
2026-09-10T13:18:09Z [6,534ms] [Warning] [omni.isaac.wheeled_robots.controllers.stanley_control] omni.isaac.wheeled_robots has been deprecated in favor of isaacsim.robot.wheeled_robots. Please update your code accordingly.
2026-09-10T13:18:09Z [6,511ms] [Warning] [omni.isaac.wheeled_robots.impl] omni.isaac.wheeled_robots has been deprecated in favor of isaacsim.robot.wheeled_robots. Please update your code accordingly.
2026-09-10T13:18:09Z [6,512ms] [Warning] [omni.isaac.wheeled_robots.robots] omni.isaac.wheeled_robots has been deprecated in favor of isaacsim.robot.wheeled_robots. Please update your code accordingly.
2026-09-10T13:18:09Z [6,513ms] [Warning] [omni.isaac.wheeled_robots.robots.holonomic_robot_usd_setup] omni.isaac.wheeled_robots has been deprecated in favor of isaacsim.robot.wheeled_robots. Please update your code accordingly.
2026-09-10T13:18:09Z [6,515ms] [Warning] [omni.isaac.wheeled_robots.robots.wheeled_robot] omni.isaac.wheeled_robots has been deprecated in favor of isaacsim.robot.wheeled_robots. Please update your code accordingly.
[6.559s] [ext: isaacsim.simulation_app-2.12.2] startup
2026-09-10T13:18:09Z [6,545ms] [Warning] [omni.isaac.wheeled_robots.controllers.wheel_base_pose_controller] omni.isaac.wheeled_robots has been deprecated in favor of isaacsim.robot.wheeled_robots. Please update your code accordingly.
2026-09-10T13:18:09Z [6,547ms] [Warning] [omni.isaac.wheeled_robots.impl] omni.isaac.wheeled_robots has been deprecated in favor of isaacsim.robot.wheeled_robots. Please update your code accordingly.
2026-09-10T13:18:09Z [6,548ms] [Warning] [omni.isaac.wheeled_robots.robots] omni.isaac.wheeled_robots has been deprecated in favor of isaacsim.robot.wheeled_robots. Please update your code accordingly.
2026-09-10T13:18:09Z [6,550ms] [Warning] [omni.isaac.wheeled_robots.robots.holonomic_robot_usd_setup] omni.isaac.wheeled_robots has been deprecated in favor of isaacsim.robot.wheeled_robots. Please update your code accordingly.
[6.570s] [ext: omni.isaac.franka-1.0.7] startup
2026-09-10T13:18:09Z [6,556ms] [Warning] [omni.isaac.wheeled_robots.robots.wheeled_robot] omni.isaac.wheeled_robots has been deprecated in favor of isaacsim.robot.wheeled_robots. Please update your code accordingly.
[6.597s] [ext: isaacsim.simulation_app-2.12.2] startup
2026-09-10T13:18:09Z [6,550ms] [Warning] [omni.isaac.franka] omni.isaac.franka has been deprecated in favor of isaacsim.robot.manipulators.examples.franka. Please update your code accordingly.
[6.612s] [ext: omni.isaac.franka-1.0.7] startup
2026-09-10T13:18:09Z [6,551ms] [Warning] [omni.isaac.franka.franka] omni.isaac.franka has been deprecated in favor of isaacsim.robot.manipulators.examples.franka. Please update your code accordingly.
2026-09-10T13:18:09Z [6,588ms] [Warning] [omni.isaac.franka] omni.isaac.franka has been deprecated in favor of isaacsim.robot.manipulators.examples.franka. Please update your code accordingly.
2026-09-10T13:18:09Z [6,595ms] [Warning] [omni.isaac.franka.franka] omni.isaac.franka has been deprecated in favor of isaacsim.robot.manipulators.examples.franka. Please update your code accordingly.
2026-09-10T13:18:09Z [6,649ms] [Warning] [omni.isaac.franka.kinematics_solver] omni.isaac.franka has been deprecated in favor of isaacsim.robot.manipulators.examples.franka. Please update your code accordingly.
[6.692s] [ext: omni.isaac.kit-2.0.6] startup
2026-09-10T13:18:09Z [6,657ms] [Warning] [omni.isaac.kit] omni.isaac.kit has been deprecated in favor of isaacsim.simulation_app. Please update your code accordingly.
[6.700s] [ext: omni.kit.selection-0.1.6] startup
[6.706s] [ext: omni.isaac.lula-4.0.6] startup
2026-09-10T13:18:09Z [6,666ms] [Warning] [omni.isaac.lula] omni.isaac.lula has been deprecated in favor of isaacsim.robot_motion.lula. Please update your code accordingly.
[6.709s] [ext: isaacsim.robot_motion.lula_test_widget-1.0.12] startup
[6.715s] [ext: isaacsim.asset.browser-1.3.23] startup
2026-09-10T13:18:09Z [6,702ms] [Warning] [omni.isaac.franka.kinematics_solver] omni.isaac.franka has been deprecated in favor of isaacsim.robot.manipulators.examples.franka. Please update your code accordingly.
[6.739s] [ext: omni.isaac.kit-2.0.6] startup
2026-09-10T13:18:10Z [6,719ms] [Warning] [omni.isaac.kit] omni.isaac.kit has been deprecated in favor of isaacsim.simulation_app. Please update your code accordingly.
[6.757s] [ext: omni.kit.selection-0.1.6] startup
[6.804s] [ext: omni.isaac.lula-4.0.6] startup
2026-09-10T13:18:10Z [6,778ms] [Warning] [omni.isaac.lula] omni.isaac.lula has been deprecated in favor of isaacsim.robot_motion.lula. Please update your code accordingly.
[6.832s] [ext: isaacsim.robot_motion.lula_test_widget-1.0.12] startup
[6.882s] [ext: omni.kit.viewport.actions-107.0.2] startup
Warp DeprecationWarning: The `warp.sim` module is deprecated and will be removed in v1.10. Please transition to using the forthcoming Newton library instead.
[6.891s] [ext: isaacsim.gui.menu-2.4.4] startup
[6.912s] [ext: isaacsim.asset.browser-1.3.23] startup
[6.901s] [ext: omni.isaac.manipulators-3.0.7] startup
2026-09-10T13:18:10Z [6,861ms] [Warning] [omni.isaac.manipulators] omni.isaac.manipulators has been deprecated in favor of isaacsim.robot.manipulators. Please update your code accordingly.
2026-09-10T13:18:10Z [6,862ms] [Warning] [omni.isaac.manipulators.controllers] omni.isaac.manipulators has been deprecated in favor of isaacsim.robot.manipulators. Please update your code accordingly.
2026-09-10T13:18:10Z [6,862ms] [Warning] [omni.isaac.manipulators.controllers.pick_place_controller] omni.isaac.manipulators has been deprecated in favor of isaacsim.robot.manipulators. Please update your code accordingly.
2026-09-10T13:18:10Z [6,863ms] [Warning] [omni.isaac.manipulators.controllers.stacking_controller] omni.isaac.manipulators has been deprecated in favor of isaacsim.robot.manipulators. Please update your code accordingly.
2026-09-10T13:18:10Z [6,864ms] [Warning] [omni.isaac.manipulators.grippers] omni.isaac.manipulators has been deprecated in favor of isaacsim.robot.manipulators. Please update your code accordingly.
2026-09-10T13:18:10Z [6,867ms] [Warning] [omni.isaac.manipulators.grippers.gripper] omni.isaac.manipulators has been deprecated in favor of isaacsim.robot.manipulators. Please update your code accordingly.
2026-09-10T13:18:10Z [6,867ms] [Warning] [omni.isaac.manipulators.grippers.parallel_gripper] omni.isaac.manipulators has been deprecated in favor of isaacsim.robot.manipulators. Please update your code accordingly.
2026-09-10T13:18:10Z [6,867ms] [Warning] [omni.isaac.manipulators.grippers.surface_gripper] omni.isaac.manipulators has been deprecated in favor of isaacsim.robot.manipulators. Please update your code accordingly.
2026-09-10T13:18:10Z [6,867ms] [Warning] [omni.isaac.manipulators.manipulators] omni.isaac.manipulators has been deprecated in favor of isaacsim.robot.manipulators. Please update your code accordingly.
2026-09-10T13:18:10Z [6,868ms] [Warning] [omni.isaac.manipulators.manipulators.single_manipulator] omni.isaac.manipulators has been deprecated in favor of isaacsim.robot.manipulators. Please update your code accordingly.
[6.911s] [ext: omni.isaac.lula_test_widget-1.0.6] startup
2026-09-10T13:18:10Z [6,874ms] [Warning] [omni.isaac.lula_test_widget] omni.isaac.lula_test_widget has been deprecated in favor of isaacsim.robot_motion.lula_test_widget. Please update your code accordingly.
[6.917s] [ext: omni.isaac.asset_browser-1.0.6] startup
2026-09-10T13:18:10Z [6,879ms] [Warning] [omni.isaac.asset_browser] omni.isaac.asset_browser has been deprecated in favor of isaacsim.asset.browser. Please update your code accordingly.
[6.922s] [ext: omni.kit.viewport.menubar.display-107.0.3] startup
[6.932s] [ext: omni.isaac.menu-1.0.6] startup
2026-09-10T13:18:10Z [6,892ms] [Warning] [omni.isaac.menu] omni.isaac.menu has been deprecated in favor of isaacsim.gui.menu. Please update your code accordingly.
[6.935s] [ext: omni.isaac.motion_generation-8.0.7] startup
2026-09-10T13:18:10Z [6,898ms] [Warning] [omni.isaac.motion_generation] omni.isaac.motion_generation has been deprecated in favor of isaacsim.robot_motion.motion_generation. Please update your code accordingly.
2026-09-10T13:18:10Z [6,898ms] [Warning] [omni.isaac.motion_generation.articulation_kinematics_solver] omni.isaac.motion_generation has been deprecated in favor of isaacsim.robot_motion.motion_generation. Please update your code accordingly.
2026-09-10T13:18:10Z [6,899ms] [Warning] [omni.isaac.motion_generation.articulation_motion_policy] omni.isaac.motion_generation has been deprecated in favor of isaacsim.robot_motion.motion_generation. Please update your code accordingly.
2026-09-10T13:18:10Z [6,903ms] [Warning] [omni.isaac.motion_generation.articulation_trajectory] omni.isaac.motion_generation has been deprecated in favor of isaacsim.robot_motion.motion_generation. Please update your code accordingly.
2026-09-10T13:18:10Z [6,908ms] [Warning] [omni.isaac.motion_generation.kinematics_interface] omni.isaac.motion_generation has been deprecated in favor of isaacsim.robot_motion.motion_generation. Please update your code accordingly.
2026-09-10T13:18:10Z [6,909ms] [Warning] [omni.isaac.motion_generation.lula] omni.isaac.motion_generation has been deprecated in favor of isaacsim.robot_motion.motion_generation. Please update your code accordingly.
2026-09-10T13:18:10Z [6,910ms] [Warning] [omni.isaac.motion_generation.lula.kinematics] omni.isaac.motion_generation has been deprecated in favor of isaacsim.robot_motion.motion_generation. Please update your code accordingly.
2026-09-10T13:18:10Z [6,910ms] [Warning] [omni.isaac.motion_generation.lula.motion_policies] omni.isaac.motion_generation has been deprecated in favor of isaacsim.robot_motion.motion_generation. Please update your code accordingly.
2026-09-10T13:18:10Z [6,910ms] [Warning] [omni.isaac.motion_generation.lula.path_planners] omni.isaac.motion_generation has been deprecated in favor of isaacsim.robot_motion.motion_generation. Please update your code accordingly.
2026-09-10T13:18:10Z [6,911ms] [Warning] [omni.isaac.motion_generation.lula.trajectory_generator] omni.isaac.motion_generation has been deprecated in favor of isaacsim.robot_motion.motion_generation. Please update your code accordingly.
2026-09-10T13:18:10Z [6,911ms] [Warning] [omni.isaac.motion_generation.motion_policy_controller] omni.isaac.motion_generation has been deprecated in favor of isaacsim.robot_motion.motion_generation. Please update your code accordingly.
2026-09-10T13:18:10Z [6,911ms] [Warning] [omni.isaac.motion_generation.motion_policy_interface] omni.isaac.motion_generation has been deprecated in favor of isaacsim.robot_motion.motion_generation. Please update your code accordingly.
2026-09-10T13:18:10Z [6,912ms] [Warning] [omni.isaac.motion_generation.path_planner_visualizer] omni.isaac.motion_generation has been deprecated in favor of isaacsim.robot_motion.motion_generation. Please update your code accordingly.
2026-09-10T13:18:10Z [6,912ms] [Warning] [omni.isaac.motion_generation.path_planning_interface] omni.isaac.motion_generation has been deprecated in favor of isaacsim.robot_motion.motion_generation. Please update your code accordingly.
2026-09-10T13:18:10Z [6,912ms] [Warning] [omni.isaac.motion_generation.trajectory] omni.isaac.motion_generation has been deprecated in favor of isaacsim.robot_motion.motion_generation. Please update your code accordingly.
2026-09-10T13:18:10Z [6,913ms] [Warning] [omni.isaac.motion_generation.world_interface] omni.isaac.motion_generation has been deprecated in favor of isaacsim.robot_motion.motion_generation. Please update your code accordingly.
[6.956s] [ext: omni.isaac.assets_check-0.3.13] startup
2026-09-10T13:18:10Z [6,918ms] [Warning] [omni.isaac.assets_check] omni.isaac.assets_check has been deprecated in favor of isaacsim.asset.browser. Please update your code accordingly.
[6.961s] [ext: isaacsim.gui.sensors.icon-2.0.3] startup
[6.999s] [ext: isaacsim.asset.importer.mjcf-2.5.13] startup
[7.011s] [ext: omni.sensors.nv.common-3.0.0] startup
[7.034s] [ext: isaacsim.sensors.physics-0.4.3] startup
[7.044s] [ext: omni.sensors.net-1.0.0] startup
[7.051s] [ext: omni.isaac.nucleus-1.0.6] startup
2026-09-10T13:18:10Z [7,010ms] [Warning] [omni.isaac.nucleus] omni.isaac.nucleus has been deprecated in favor of isaacsim.storage.native. Please update your code accordingly.
2026-09-10T13:18:10Z [7,011ms] [Warning] [omni.isaac.nucleus.nucleus] omni.isaac.nucleus.nucleus has been deprecated in favor of isaacsim.storage.native. Please update your code accordingly.
[7.054s] [ext: omni.sensors.nv.materials-2.0.0] startup
[7.065s] [ext: isaacsim.robot.policy.examples-4.1.11] startup
[7.070s] [ext: omni.sensors.nv.wpm-3.0.0] startup
[7.076s] [ext: omni.sensors.nv.lidar-3.0.0] startup
[7.091s] [ext: isaacsim.util.debug_draw-3.1.0] startup
[7.097s] [ext: omni.sensors.nv.radar-3.0.0] startup
[7.107s] [ext: omni.sensors.nv.ids-2.0.0] startup
[7.110s] [ext: isaacsim.core.cloner-1.4.10] startup
[7.114s] [ext: isaacsim.sensors.physx-2.3.2] startup
[7.139s] [ext: omni.kit.viewport.actions-107.0.2] startup
[7.123s] [ext: isaacsim.sensors.rtx-15.8.4] startup
[7.149s] [ext: isaacsim.gui.menu-2.4.4] startup
[7.136s] [ext: isaacsim.sensors.camera-1.3.6] startup
[7.159s] [ext: omni.isaac.manipulators-3.0.7] startup
2026-09-10T13:18:10Z [7,127ms] [Warning] [omni.isaac.manipulators] omni.isaac.manipulators has been deprecated in favor of isaacsim.robot.manipulators. Please update your code accordingly.
2026-09-10T13:18:10Z [7,127ms] [Warning] [omni.isaac.manipulators.controllers] omni.isaac.manipulators has been deprecated in favor of isaacsim.robot.manipulators. Please update your code accordingly.
2026-09-10T13:18:10Z [7,127ms] [Warning] [omni.isaac.manipulators.controllers.pick_place_controller] omni.isaac.manipulators has been deprecated in favor of isaacsim.robot.manipulators. Please update your code accordingly.
2026-09-10T13:18:10Z [7,128ms] [Warning] [omni.isaac.manipulators.controllers.stacking_controller] omni.isaac.manipulators has been deprecated in favor of isaacsim.robot.manipulators. Please update your code accordingly.
2026-09-10T13:18:10Z [7,129ms] [Warning] [omni.isaac.manipulators.grippers] omni.isaac.manipulators has been deprecated in favor of isaacsim.robot.manipulators. Please update your code accordingly.
2026-09-10T13:18:10Z [7,129ms] [Warning] [omni.isaac.manipulators.grippers.gripper] omni.isaac.manipulators has been deprecated in favor of isaacsim.robot.manipulators. Please update your code accordingly.
2026-09-10T13:18:10Z [7,129ms] [Warning] [omni.isaac.manipulators.grippers.parallel_gripper] omni.isaac.manipulators has been deprecated in favor of isaacsim.robot.manipulators. Please update your code accordingly.
2026-09-10T13:18:10Z [7,130ms] [Warning] [omni.isaac.manipulators.grippers.surface_gripper] omni.isaac.manipulators has been deprecated in favor of isaacsim.robot.manipulators. Please update your code accordingly.
2026-09-10T13:18:10Z [7,130ms] [Warning] [omni.isaac.manipulators.manipulators] omni.isaac.manipulators has been deprecated in favor of isaacsim.robot.manipulators. Please update your code accordingly.
2026-09-10T13:18:10Z [7,130ms] [Warning] [omni.isaac.manipulators.manipulators.single_manipulator] omni.isaac.manipulators has been deprecated in favor of isaacsim.robot.manipulators. Please update your code accordingly.
[7.149s] [ext: omni.isaac.quadruped-3.0.7] startup
[7.172s] [ext: omni.isaac.lula_test_widget-1.0.6] startup
2026-09-10T13:18:10Z [7,112ms] [Warning] [omni.isaac.quadruped] omni.isaac.quadruped has been deprecated in favor of isaacsim.robot.policy.examples. Please update your code accordingly.
2026-09-10T13:18:10Z [7,141ms] [Warning] [omni.isaac.lula_test_widget] omni.isaac.lula_test_widget has been deprecated in favor of isaacsim.robot_motion.lula_test_widget. Please update your code accordingly.
[7.179s] [ext: omni.isaac.asset_browser-1.0.6] startup
[7.162s] [ext: omni.isaac.cloner-1.0.7] startup
2026-09-10T13:18:10Z [7,120ms] [Warning] [omni.isaac.cloner] omni.isaac.cloner has been deprecated in favor of isaacsim.core.cloner. Please update your code accordingly.
2026-09-10T13:18:10Z [7,145ms] [Warning] [omni.isaac.asset_browser] omni.isaac.asset_browser has been deprecated in favor of isaacsim.asset.browser. Please update your code accordingly.
[7.183s] [ext: omni.kit.viewport.menubar.display-107.0.3] startup
[7.164s] [ext: omni.isaac.range_sensor-4.0.6] startup
2026-09-10T13:18:10Z [7,129ms] [Warning] [omni.isaac.range_sensor] omni.isaac.range_sensor has been deprecated in favor of isaacsim.sensors.physx. Please update your code accordingly.
[7.193s] [ext: omni.isaac.menu-1.0.6] startup
2026-09-10T13:18:10Z [7,133ms] [Warning] [omni.isaac.range_sensor.commands] omni.isaac.range_sensor.commands has been deprecated in favor of isaacsim.sensors.physx.commands. Please update your code accordingly.
2026-09-10T13:18:10Z [7,159ms] [Warning] [omni.isaac.menu] omni.isaac.menu has been deprecated in favor of isaacsim.gui.menu. Please update your code accordingly.
[7.197s] [ext: omni.isaac.motion_generation-8.0.7] startup
2026-09-10T13:18:10Z [7,163ms] [Warning] [omni.isaac.motion_generation] omni.isaac.motion_generation has been deprecated in favor of isaacsim.robot_motion.motion_generation. Please update your code accordingly.
2026-09-10T13:18:10Z [7,164ms] [Warning] [omni.isaac.motion_generation.articulation_kinematics_solver] omni.isaac.motion_generation has been deprecated in favor of isaacsim.robot_motion.motion_generation. Please update your code accordingly.
[7.182s] [ext: omni.isaac.sensor-13.0.7] startup
2026-09-10T13:18:10Z [7,164ms] [Warning] [omni.isaac.motion_generation.articulation_motion_policy] omni.isaac.motion_generation has been deprecated in favor of isaacsim.robot_motion.motion_generation. Please update your code accordingly.
2026-09-10T13:18:10Z [7,167ms] [Warning] [omni.isaac.motion_generation.articulation_trajectory] omni.isaac.motion_generation has been deprecated in favor of isaacsim.robot_motion.motion_generation. Please update your code accordingly.
2026-09-10T13:18:10Z [7,168ms] [Warning] [omni.isaac.motion_generation.kinematics_interface] omni.isaac.motion_generation has been deprecated in favor of isaacsim.robot_motion.motion_generation. Please update your code accordingly.
2026-09-10T13:18:10Z [7,168ms] [Warning] [omni.isaac.motion_generation.lula] omni.isaac.motion_generation has been deprecated in favor of isaacsim.robot_motion.motion_generation. Please update your code accordingly.
2026-09-10T13:18:10Z [7,148ms] [Warning] [omni.isaac.sensor] omni.isaac.sensor has been deprecated in favor of isaacsim.sensors.camera, isaacsim.sensors.physics, isaacsim.sensors.physx, and isaacsim.sensors.rtx. Please update your code accordingly.
2026-09-10T13:18:10Z [7,174ms] [Warning] [omni.isaac.motion_generation.lula.kinematics] omni.isaac.motion_generation has been deprecated in favor of isaacsim.robot_motion.motion_generation. Please update your code accordingly.
2026-09-10T13:18:10Z [7,174ms] [Warning] [omni.isaac.motion_generation.lula.motion_policies] omni.isaac.motion_generation has been deprecated in favor of isaacsim.robot_motion.motion_generation. Please update your code accordingly.
2026-09-10T13:18:10Z [7,175ms] [Warning] [omni.isaac.motion_generation.lula.path_planners] omni.isaac.motion_generation has been deprecated in favor of isaacsim.robot_motion.motion_generation. Please update your code accordingly.
2026-09-10T13:18:10Z [7,150ms] [Warning] [omni.isaac.sensor.camera] omni.isaac.sensor.camera has been deprecated in favor of isaacsim.sensors.camera.camera. Please update your code accordingly.
2026-09-10T13:18:10Z [7,175ms] [Warning] [omni.isaac.motion_generation.lula.trajectory_generator] omni.isaac.motion_generation has been deprecated in favor of isaacsim.robot_motion.motion_generation. Please update your code accordingly.
2026-09-10T13:18:10Z [7,175ms] [Warning] [omni.isaac.motion_generation.motion_policy_controller] omni.isaac.motion_generation has been deprecated in favor of isaacsim.robot_motion.motion_generation. Please update your code accordingly.
2026-09-10T13:18:10Z [7,151ms] [Warning] [omni.isaac.sensor.camera_view] omni.isaac.sensor.camera_view has been deprecated in favor of isaacsim.sensors.camera.camera_view. Please update your code accordingly.
2026-09-10T13:18:10Z [7,176ms] [Warning] [omni.isaac.motion_generation.motion_policy_interface] omni.isaac.motion_generation has been deprecated in favor of isaacsim.robot_motion.motion_generation. Please update your code accordingly.
2026-09-10T13:18:10Z [7,176ms] [Warning] [omni.isaac.motion_generation.path_planner_visualizer] omni.isaac.motion_generation has been deprecated in favor of isaacsim.robot_motion.motion_generation. Please update your code accordingly.
2026-09-10T13:18:10Z [7,176ms] [Warning] [omni.isaac.motion_generation.path_planning_interface] omni.isaac.motion_generation has been deprecated in favor of isaacsim.robot_motion.motion_generation. Please update your code accordingly.
2026-09-10T13:18:10Z [7,152ms] [Warning] [omni.isaac.sensor.commands] omni.isaac.sensor.commands has been deprecated in favor of isaacsim.sensors.physics.commands, isaacsim.sensors.physx.commands, and isaacsim.sensors.rtx.commands. Please update your code accordingly.
2026-09-10T13:18:10Z [7,177ms] [Warning] [omni.isaac.motion_generation.trajectory] omni.isaac.motion_generation has been deprecated in favor of isaacsim.robot_motion.motion_generation. Please update your code accordingly.
2026-09-10T13:18:10Z [7,177ms] [Warning] [omni.isaac.motion_generation.world_interface] omni.isaac.motion_generation has been deprecated in favor of isaacsim.robot_motion.motion_generation. Please update your code accordingly.
2026-09-10T13:18:10Z [7,153ms] [Warning] [omni.isaac.sensor.contact_sensor] omni.isaac.sensor.contact_sensor has been deprecated in favor of isaacsim.sensors.physics.contact_sensor. Please update your code accordingly.
2026-09-10T13:18:10Z [7,153ms] [Warning] [omni.isaac.sensor.imu_sensor] omni.isaac.sensor.imu_sensor has been deprecated in favor of isaacsim.sensors.physics.imu_sensor. Please update your code accordingly.
[7.215s] [ext: omni.isaac.assets_check-0.3.13] startup
2026-09-10T13:18:10Z [7,154ms] [Warning] [omni.isaac.sensor.lidar_rtx] omni.isaac.sensor.lidar_rtx has been deprecated in favor of isaacsim.sensors.rtx.lidar_rtx. Please update your code accordingly.
2026-09-10T13:18:10Z [7,154ms] [Warning] [omni.isaac.sensor.rotating_lidar_physX] omni.isaac.sensor.imu_sensor has been deprecated in favor of isaacsim.sensors.physix.rotating_lidar_physX. Please update your code accordingly.
2026-09-10T13:18:10Z [7,183ms] [Warning] [omni.isaac.assets_check] omni.isaac.assets_check has been deprecated in favor of isaacsim.asset.browser. Please update your code accordingly.
[7.220s] [ext: isaacsim.gui.sensors.icon-2.0.3] startup
2026-09-10T13:18:10Z [7,161ms] [Warning] [omni.isaac.sensor.scripts.samples.contact_sensor] omni.isaac.sensor.scripts.samples.contact_sensor has been deprecated in favor of isaacsim.sensors.physics.scripts.samples.contact_sensor. Please update your code accordingly.
2026-09-10T13:18:10Z [7,162ms] [Warning] [omni.isaac.sensor.scripts.samples.imu_sensor] omni.isaac.sensor.scripts.samples.imu_sensor has been deprecated in favor of isaacsim.sensors.physics.scripts.samples.imu_sensor. Please update your code accordingly.
2026-09-10T13:18:10Z [7,162ms] [Warning] [omni.isaac.sensor.scripts.samples.lightbeam_sensor] omni.isaac.sensor.scripts.samples.lightbeam_sensor has been deprecated in favor of isaacsim.sensors.physx.scripts.samples.lightbeam_sensor. Please update your code accordingly.
[7.206s] [ext: omni.kit.menu.create-2.0.1] startup
[7.216s] [ext: omni.kit.widget.toolbar-2.0.1] startup
[7.257s] [ext: isaacsim.asset.importer.mjcf-2.5.13] startup
[7.270s] [ext: omni.sensors.nv.common-3.0.0] startup
[7.258s] [ext: omni.kit.manipulator.transform-107.0.0] startup
[7.272s] [ext: omni.isaac.core-4.0.7] startup
[7.292s] [ext: isaacsim.sensors.physics-0.4.3] startup
2026-09-10T13:18:10Z [7,232ms] [Warning] [omni.isaac.core.physics_context.physics_context] omni.isaac.core.physics_context.physics_context has been deprecated in favor of isaacsim.core.api.physics_context.physics_context. Please update your code accordingly.
2026-09-10T13:18:10Z [7,232ms] [Warning] [omni.isaac.core.simulation_context.simulation_context] omni.isaac.core.simulation_context.simulation_context has been deprecated in favor of isaacsim.core.api.simulation_context.simulation_context. Please update your code accordingly.
2026-09-10T13:18:10Z [7,233ms] [Warning] [omni.isaac.core.world.world] omni.isaac.core.world.world has been deprecated in favor of isaacsim.core.api.world.world. Please update your code accordingly.
2026-09-10T13:18:10Z [7,233ms] [Warning] [omni.isaac.core] omni.isaac.core has been deprecated in favor of isaacsim.core.api. Please update your code accordingly.
[7.276s] [ext: omni.kit.scripting-107.3.2] startup
[7.302s] [ext: omni.sensors.net-1.0.0] startup
[7.309s] [ext: omni.isaac.nucleus-1.0.6] startup
2026-09-10T13:18:10Z [7,273ms] [Warning] [omni.isaac.nucleus] omni.isaac.nucleus has been deprecated in favor of isaacsim.storage.native. Please update your code accordingly.
2026-09-10T13:18:10Z [7,274ms] [Warning] [omni.isaac.nucleus.nucleus] omni.isaac.nucleus.nucleus has been deprecated in favor of isaacsim.storage.native. Please update your code accordingly.
[7.311s] [ext: omni.sensors.nv.materials-2.0.0] startup
[7.294s] [ext: omni.kit.manipulator.tool.snap-1.5.13] startup
[7.323s] [ext: isaacsim.robot.policy.examples-4.1.11] startup
[7.305s] [ext: omni.kit.manipulator.selector-1.1.3] startup
[7.310s] [ext: isaacsim.app.about-2.0.11] startup
[7.329s] [ext: omni.sensors.nv.wpm-3.0.0] startup
[7.337s] [ext: omni.sensors.nv.lidar-3.0.0] startup
[7.326s] [ext: isaacsim.replicator.behavior-1.1.16] startup
[7.329s] [ext: omni.kit.viewport.manipulator.transform-107.0.4] startup
[7.352s] [ext: isaacsim.util.debug_draw-3.1.0] startup
[7.335s] [ext: omni.isaac.window.about-2.0.7] startup
[7.357s] [ext: omni.sensors.nv.radar-3.0.0] startup
2026-09-10T13:18:10Z [7,297ms] [Warning] [omni.isaac.window.about] omni.isaac.window.about has been deprecated in favor of isaacsim.app.about. Please update your code accordingly.
2026-09-10T13:18:10Z [7,297ms] [Warning] [omni.isaac.window.about.about] omni.isaac.window.about.about has been deprecated in favor of isaacsim.app.about.about. Please update your code accordingly.
[7.340s] [ext: omni.fabric.commands-1.1.6] startup
[7.365s] [ext: omni.sensors.nv.ids-2.0.0] startup
[7.347s] [ext: omni.kit.manipulator.prim.core-107.0.8] startup
[7.368s] [ext: isaacsim.core.cloner-1.4.10] startup
[7.372s] [ext: isaacsim.sensors.physx-2.3.2] startup
[7.359s] [ext: omni.kit.property.audio-1.0.16] startup
[7.379s] [ext: isaacsim.sensors.rtx-15.8.4] startup
[7.364s] [ext: omni.kit.property.camera-1.0.10] startup
[7.367s] [ext: omni.kit.property.geometry-2.0.4] startup
[7.390s] [ext: isaacsim.sensors.camera-1.3.6] startup
[7.374s] [ext: omni.hydra.scene_api-0.1.2] startup
[7.384s] [ext: omni.kit.property.light-1.0.12] startup
[7.404s] [ext: omni.isaac.quadruped-3.0.7] startup
2026-09-10T13:18:10Z [7,374ms] [Warning] [omni.isaac.quadruped] omni.isaac.quadruped has been deprecated in favor of isaacsim.robot.policy.examples. Please update your code accordingly.
[7.413s] [ext: omni.isaac.cloner-1.0.7] startup
2026-09-10T13:18:10Z [7,381ms] [Warning] [omni.isaac.cloner] omni.isaac.cloner has been deprecated in favor of isaacsim.core.cloner. Please update your code accordingly.
[7.419s] [ext: omni.isaac.range_sensor-4.0.6] startup
2026-09-10T13:18:10Z [7,390ms] [Warning] [omni.isaac.range_sensor] omni.isaac.range_sensor has been deprecated in favor of isaacsim.sensors.physx. Please update your code accordingly.
2026-09-10T13:18:10Z [7,390ms] [Warning] [omni.isaac.range_sensor.commands] omni.isaac.range_sensor.commands has been deprecated in favor of isaacsim.sensors.physx.commands. Please update your code accordingly.
[7.428s] [ext: omni.isaac.sensor-13.0.7] startup
2026-09-10T13:18:10Z [7,395ms] [Warning] [omni.isaac.sensor] omni.isaac.sensor has been deprecated in favor of isaacsim.sensors.camera, isaacsim.sensors.physics, isaacsim.sensors.physx, and isaacsim.sensors.rtx. Please update your code accordingly.
2026-09-10T13:18:10Z [7,404ms] [Warning] [omni.isaac.sensor.camera] omni.isaac.sensor.camera has been deprecated in favor of isaacsim.sensors.camera.camera. Please update your code accordingly.
2026-09-10T13:18:10Z [7,411ms] [Warning] [omni.isaac.sensor.camera_view] omni.isaac.sensor.camera_view has been deprecated in favor of isaacsim.sensors.camera.camera_view. Please update your code accordingly.
[7.431s] [ext: omni.kit.manipulator.prim.fabric-107.0.4] startup
2026-09-10T13:18:10Z [7,417ms] [Warning] [omni.isaac.sensor.commands] omni.isaac.sensor.commands has been deprecated in favor of isaacsim.sensors.physics.commands, isaacsim.sensors.physx.commands, and isaacsim.sensors.rtx.commands. Please update your code accordingly.
2026-09-10T13:18:10Z [7,417ms] [Warning] [omni.isaac.sensor.contact_sensor] omni.isaac.sensor.contact_sensor has been deprecated in favor of isaacsim.sensors.physics.contact_sensor. Please update your code accordingly.
[7.436s] [ext: omni.kit.manipulator.prim.usd-107.0.3] startup
2026-09-10T13:18:10Z [7,418ms] [Warning] [omni.isaac.sensor.imu_sensor] omni.isaac.sensor.imu_sensor has been deprecated in favor of isaacsim.sensors.physics.imu_sensor. Please update your code accordingly.
2026-09-10T13:18:10Z [7,418ms] [Warning] [omni.isaac.sensor.lidar_rtx] omni.isaac.sensor.lidar_rtx has been deprecated in favor of isaacsim.sensors.rtx.lidar_rtx. Please update your code accordingly.
2026-09-10T13:18:10Z [7,419ms] [Warning] [omni.isaac.sensor.rotating_lidar_physX] omni.isaac.sensor.imu_sensor has been deprecated in favor of isaacsim.sensors.physix.rotating_lidar_physX. Please update your code accordingly.
[7.440s] [ext: omni.kit.property.material-1.11.9] startup
2026-09-10T13:18:10Z [7,425ms] [Warning] [omni.isaac.sensor.scripts.samples.contact_sensor] omni.isaac.sensor.scripts.samples.contact_sensor has been deprecated in favor of isaacsim.sensors.physics.scripts.samples.contact_sensor. Please update your code accordingly.
2026-09-10T13:18:10Z [7,426ms] [Warning] [omni.isaac.sensor.scripts.samples.imu_sensor] omni.isaac.sensor.scripts.samples.imu_sensor has been deprecated in favor of isaacsim.sensors.physics.scripts.samples.imu_sensor. Please update your code accordingly.
2026-09-10T13:18:10Z [7,426ms] [Warning] [omni.isaac.sensor.scripts.samples.lightbeam_sensor] omni.isaac.sensor.scripts.samples.lightbeam_sensor has been deprecated in favor of isaacsim.sensors.physx.scripts.samples.lightbeam_sensor. Please update your code accordingly.
[7.464s] [ext: omni.kit.menu.create-2.0.1] startup
[7.453s] [ext: omni.kit.property.render-1.2.1] startup
[7.475s] [ext: omni.kit.widget.toolbar-2.0.1] startup
[7.456s] [ext: omni.kit.property.transform-1.5.13] startup
[7.465s] [ext: isaacsim.gui.property-1.1.3] startup
[7.470s] [ext: omni.kit.manipulator.camera-106.0.4] startup
[7.480s] [ext: omni.kit.manipulator.prim-107.0.0] startup
[7.480s] [ext: omni.isaac.surface_gripper-2.0.6] startup
2026-09-10T13:18:10Z [7,438ms] [Warning] [omni.isaac.surface_gripper] omni.isaac.surface_gripper has been deprecated in favor of isaacsim.robot.surface_gripper. Please update your code accordingly.
[7.481s] [ext: omni.kit.manipulator.selection-106.0.1] startup
[7.489s] [ext: omni.kit.property.bundle-1.4.1] startup
[7.495s] [ext: omni.kit.property.isaac-1.0.6] startup
2026-09-10T13:18:10Z [7,455ms] [Warning] [omni.kit.property.isaac] omni.kit.property.isaac has been deprecated in favor of isaacsim.gui.property. Please update your code accordingly.
2026-09-10T13:18:10Z [7,455ms] [Warning] [omni.kit.property.isaac.widgets] omni.kit.property.isaac.widgets has been deprecated in favor of isaacsim.gui.property.widgets. Please update your code accordingly.
[7.498s] [ext: omni.isaac.universal_robots-1.0.6] startup
[7.518s] [ext: omni.kit.manipulator.transform-107.0.0] startup
2026-09-10T13:18:10Z [7,458ms] [Warning] [omni.isaac.universal_robots] omni.isaac.universal_robots has been deprecated in favor of isaacsim.robot.manipulators.examples.universal_robots. Please update your code accordingly.
2026-09-10T13:18:10Z [7,458ms] [Warning] [omni.isaac.universal_robots.kinematics_solver] omni.isaac.franka has been deprecated in favor of isaacsim.robot.manipulators.examples.universal_robots. Please update your code accordingly.
2026-09-10T13:18:10Z [7,460ms] [Warning] [omni.isaac.universal_robots.ur10] omni.isaac.franka has been deprecated in favor of isaacsim.robot.manipulators.examples.universal_robots. Please update your code accordingly.
[7.503s] [ext: omni.isaac.core_nodes-2.0.6] startup
2026-09-10T13:18:10Z [7,467ms] [Warning] [omni.isaac.core_nodes] omni.isaac.core_nodes has been deprecated in favor of isaacsim.core.nodes. Please update your code accordingly.
[7.510s] [ext: omni.kit.viewport.menubar.camera-107.0.6] startup
[7.531s] [ext: omni.isaac.core-4.0.7] startup
2026-09-10T13:18:10Z [7,496ms] [Warning] [omni.isaac.core.physics_context.physics_context] omni.isaac.core.physics_context.physics_context has been deprecated in favor of isaacsim.core.api.physics_context.physics_context. Please update your code accordingly.
2026-09-10T13:18:10Z [7,497ms] [Warning] [omni.isaac.core.simulation_context.simulation_context] omni.isaac.core.simulation_context.simulation_context has been deprecated in favor of isaacsim.core.api.simulation_context.simulation_context. Please update your code accordingly.
2026-09-10T13:18:10Z [7,497ms] [Warning] [omni.isaac.core.world.world] omni.isaac.core.world.world has been deprecated in favor of isaacsim.core.api.world.world. Please update your code accordingly.
2026-09-10T13:18:10Z [7,498ms] [Warning] [omni.isaac.core] omni.isaac.core has been deprecated in favor of isaacsim.core.api. Please update your code accordingly.
[7.535s] [ext: omni.kit.scripting-107.3.2] startup
[7.532s] [ext: omni.kit.viewport.menubar.lighting-107.3.1] startup
[7.553s] [ext: omni.kit.manipulator.tool.snap-1.5.13] startup
[7.537s] [ext: isaacsim.replicator.writers-1.0.17] startup
[7.567s] [ext: omni.kit.manipulator.selector-1.1.3] startup
[7.572s] [ext: isaacsim.app.about-2.0.11] startup
[7.587s] [ext: isaacsim.replicator.behavior-1.1.16] startup
[7.569s] [ext: omni.kit.viewport.menubar.render-107.0.10] startup
[7.590s] [ext: omni.kit.viewport.manipulator.transform-107.0.4] startup
[7.597s] [ext: omni.isaac.window.about-2.0.7] startup
[7.581s] [ext: omni.kit.viewport.menubar.settings-107.0.3] startup
2026-09-10T13:18:10Z [7,566ms] [Warning] [omni.isaac.window.about] omni.isaac.window.about has been deprecated in favor of isaacsim.app.about. Please update your code accordingly.
2026-09-10T13:18:10Z [7,566ms] [Warning] [omni.isaac.window.about.about] omni.isaac.window.about.about has been deprecated in favor of isaacsim.app.about.about. Please update your code accordingly.
[7.604s] [ext: omni.fabric.commands-1.1.6] startup
[7.593s] [ext: omni.kit.window.console-1.1.4] startup
[7.613s] [ext: omni.kit.manipulator.prim.core-107.0.8] startup
[7.608s] [ext: isaacsim.replicator.domain_randomization-1.0.16] startup
[7.629s] [ext: omni.kit.property.audio-1.0.16] startup
[7.634s] [ext: omni.kit.property.camera-1.0.10] startup
[7.637s] [ext: omni.kit.property.geometry-2.0.4] startup
[7.623s] [ext: isaacsim.replicator.examples-1.3.6] startup
[7.643s] [ext: omni.hydra.scene_api-0.1.2] startup
[7.630s] [ext: omni.ocio-0.1.1] startup
[7.654s] [ext: omni.kit.property.light-1.0.12] startup
[7.637s] [ext: omni.rtx.window.settings-0.6.19] startup
[7.659s] [ext: omni.kit.window.status_bar-0.1.9] startup
[7.669s] [ext: omni.kit.window.toolbar-2.0.0] startup
[7.689s] [ext: omni.kit.manipulator.prim.fabric-107.0.4] startup
[7.693s] [ext: omni.kit.manipulator.prim.usd-107.0.3] startup
[7.698s] [ext: omni.kit.property.material-1.11.9] startup
[7.708s] [ext: omni.kit.property.render-1.2.1] startup
[7.712s] [ext: omni.kit.property.transform-1.5.13] startup
[7.694s] [ext: omni.replicator.isaac-2.0.8] startup
2026-09-10T13:18:10Z [7,655ms] [Warning] [omni.replicator.isaac] omni.replicator.isaac has been deprecated in favor of isaacsim.replicator.domain_randomization, isaacsim.replicator.examples, isaacsim.replicator.writers. Please update your code accordingly.
[7.699s] [ext: omni.replicator.replicator_yaml-2.0.11] startup
[7.720s] [ext: isaacsim.gui.property-1.1.3] startup
[7.725s] [ext: omni.kit.manipulator.camera-106.0.4] startup
[7.734s] [ext: omni.kit.manipulator.prim-107.0.0] startup
[7.734s] [ext: omni.isaac.surface_gripper-2.0.6] startup
2026-09-10T13:18:10Z [7,698ms] [Warning] [omni.isaac.surface_gripper] omni.isaac.surface_gripper has been deprecated in favor of isaacsim.robot.surface_gripper. Please update your code accordingly.
[7.735s] [ext: omni.kit.manipulator.selection-106.0.1] startup
[7.743s] [ext: omni.kit.property.bundle-1.4.1] startup
[7.749s] [ext: omni.kit.property.isaac-1.0.6] startup
2026-09-10T13:18:10Z [7,715ms] [Warning] [omni.kit.property.isaac] omni.kit.property.isaac has been deprecated in favor of isaacsim.gui.property. Please update your code accordingly.
2026-09-10T13:18:10Z [7,715ms] [Warning] [omni.kit.property.isaac.widgets] omni.kit.property.isaac.widgets has been deprecated in favor of isaacsim.gui.property.widgets. Please update your code accordingly.
[7.753s] [ext: omni.isaac.universal_robots-1.0.6] startup
2026-09-10T13:18:11Z [7,718ms] [Warning] [omni.isaac.universal_robots] omni.isaac.universal_robots has been deprecated in favor of isaacsim.robot.manipulators.examples.universal_robots. Please update your code accordingly.
2026-09-10T13:18:11Z [7,719ms] [Warning] [omni.isaac.universal_robots.kinematics_solver] omni.isaac.franka has been deprecated in favor of isaacsim.robot.manipulators.examples.universal_robots. Please update your code accordingly.
2026-09-10T13:18:11Z [7,720ms] [Warning] [omni.isaac.universal_robots.ur10] omni.isaac.franka has been deprecated in favor of isaacsim.robot.manipulators.examples.universal_robots. Please update your code accordingly.
[7.757s] [ext: omni.isaac.core_nodes-2.0.6] startup
2026-09-10T13:18:11Z [7,727ms] [Warning] [omni.isaac.core_nodes] omni.isaac.core_nodes has been deprecated in favor of isaacsim.core.nodes. Please update your code accordingly.
[7.765s] [ext: omni.kit.viewport.menubar.camera-107.0.6] startup
[7.769s] [ext: omni.rtx.settings.core-0.6.5] startup
[7.788s] [ext: omni.kit.viewport.menubar.lighting-107.3.1] startup
[7.794s] [ext: isaacsim.replicator.writers-1.0.17] startup
[7.785s] [ext: omni.usd.metrics.assembler.ui-107.3.1] startup
[7.824s] [ext: omni.kit.viewport.menubar.render-107.0.10] startup
[7.817s] [ext: omni.isaac.utils-2.0.6] startup
[7.836s] [ext: omni.kit.viewport.menubar.settings-107.0.3] startup
[7.821s] [ext: semantics.schema.editor-2.0.2] startup
[7.845s] [ext: omni.kit.window.console-1.1.4] startup
[7.835s] [ext: omni.kit.ui.actions-1.0.5] startup
[7.839s] [ext: semantics.schema.property-2.0.1] startup
[7.860s] [ext: isaacsim.replicator.domain_randomization-1.0.16] startup
[7.844s] [ext: omni.isaac.version-2.0.7] startup
2026-09-10T13:18:11Z [7,805ms] [Warning] [omni.isaac.version] omni.isaac.version has been deprecated in favor of isaacsim.core.version. Please update your code accordingly.
[7.848s] [ext: omni.isaac.cortex-1.0.5] startup
[7.851s] [ext: omni.anim.curve.core-1.3.1] startup
[7.871s] [ext: isaacsim.replicator.examples-1.3.6] startup
[7.880s] [ext: omni.ocio-0.1.1] startup
[7.889s] [ext: omni.rtx.window.settings-0.6.19] startup
[7.876s] [ext: isaacsim.core.throttling-2.2.2] startup
[7.880s] [ext: omni.kit.menu.common-2.0.1] startup
[7.886s] [ext: isaacsim.exp.base-5.1.0] startup
[7.888s] [ext: isaacsim.exp.base.python-5.1.0] startup
[7.891s] Simulation App Starting
[7.912s] [ext: omni.kit.window.status_bar-0.1.9] startup
[7.929s] [ext: omni.kit.window.toolbar-2.0.0] startup
[7.961s] [ext: omni.replicator.isaac-2.0.8] startup
2026-09-10T13:18:11Z [7,928ms] [Warning] [omni.replicator.isaac] omni.replicator.isaac has been deprecated in favor of isaacsim.replicator.domain_randomization, isaacsim.replicator.examples, isaacsim.replicator.writers. Please update your code accordingly.
[7.967s] [ext: omni.replicator.replicator_yaml-2.0.11] startup
2026-09-10T13:18:11Z [7,971ms] [Warning] [carb.audio.device] audio device is misconfigured or broken {deviceIndex = 0, name = 'default'} (The device is likely misconfigured, check your $HOME/.asoundrc)
2026-09-10T13:18:11Z [7,971ms] [Warning] [carb.audio.output] failed to retrieve the capabilities for device 0 {result = eDeviceLost (2)}
2026-09-10T13:18:11Z [7,971ms] [Warning] [carb.audio.context] failed to set the requested output during context creation.  Using a null streamer instead {result = eDeviceLost (2)}
[8.038s] [ext: omni.rtx.settings.core-0.6.5] startup
[8.053s] [ext: omni.usd.metrics.assembler.ui-107.3.1] startup
2026-09-10T13:18:11Z [8,004ms] [Warning] [omni.fabric.plugin] Warning: attribute viewportHandle not found for bucket id 9

[8.068s] app ready
[8.091s] [ext: omni.isaac.utils-2.0.6] startup
[8.095s] [ext: semantics.schema.editor-2.0.2] startup
[8.109s] [ext: omni.kit.ui.actions-1.0.5] startup
[8.114s] [ext: semantics.schema.property-2.0.1] startup
[8.119s] [ext: omni.isaac.version-2.0.7] startup
2026-09-10T13:18:11Z [8,084ms] [Warning] [omni.isaac.version] omni.isaac.version has been deprecated in favor of isaacsim.core.version. Please update your code accordingly.
[8.122s] [ext: omni.isaac.cortex-1.0.5] startup
[8.125s] [ext: omni.anim.curve.core-1.3.1] startup
[8.150s] [ext: isaacsim.core.throttling-2.2.2] startup
[8.155s] [ext: omni.kit.menu.common-2.0.1] startup
[8.161s] [ext: isaacsim.exp.base-5.1.0] startup
[8.163s] [ext: isaacsim.exp.base.python-5.1.0] startup
[8.166s] Simulation App Starting
2026-09-10T13:18:11Z [8,214ms] [Warning] [omni.kvdb.plugin] Disabling key-value database because another kit process is locking it
2026-09-10T13:18:11Z [8,225ms] [Warning] [carb.audio.device] audio device is misconfigured or broken {deviceIndex = 0, name = 'default'} (The device is likely misconfigured, check your $HOME/.asoundrc)
2026-09-10T13:18:11Z [8,225ms] [Warning] [carb.audio.output] failed to retrieve the capabilities for device 0 {result = eDeviceLost (2)}
2026-09-10T13:18:11Z [8,225ms] [Warning] [carb.audio.context] failed to set the requested output during context creation.  Using a null streamer instead {result = eDeviceLost (2)}
2026-09-10T13:18:11Z [8,260ms] [Warning] [omni.fabric.plugin] Warning: attribute viewportHandle not found for bucket id 9

[8.322s] app ready
[12.703s] Simulation App Startup Complete
2026-09-10T13:18:16Z [12,714ms] [Warning] [omni.usd] Warning: in _ReportErrors at line 3172 of /builds/omniverse/usd-ci/USD/pxr/usd/usd/stage.cpp -- In </World/UR5e/base/visuals>: Unresolved reference prim path @/root/.cache/isaacsimtraining/usd/configuration/ur5e_robotiq140_physics.usd@</visuals/base> introduced by @/root/.cache/isaacsimtraining/usd/configuration/ur5e_robotiq140_base.usd@</ur/base/visuals> (recomposing stage on stage @anon:0x6372d3fa2ad0:World0.usd@ <0x6372d410cde0>)

2026-09-10T13:18:16Z [12,714ms] [Warning] [omni.usd] Warning: in _ReportErrors at line 3172 of /builds/omniverse/usd-ci/USD/pxr/usd/usd/stage.cpp -- In </World/UR5e/base_link/visuals>: Unresolved reference prim path @/root/.cache/isaacsimtraining/usd/configuration/ur5e_robotiq140_physics.usd@</visuals/base_link> introduced by @/root/.cache/isaacsimtraining/usd/configuration/ur5e_robotiq140_base.usd@</ur/base_link/visuals> (recomposing stage on stage @anon:0x6372d3fa2ad0:World0.usd@ <0x6372d410cde0>)

2026-09-10T13:18:16Z [12,714ms] [Warning] [omni.usd] Warning: in _ReportErrors at line 3172 of /builds/omniverse/usd-ci/USD/pxr/usd/usd/stage.cpp -- In </World/UR5e/world/visuals>: Unresolved reference prim path @/root/.cache/isaacsimtraining/usd/configuration/ur5e_robotiq140_physics.usd@</visuals/world> introduced by @/root/.cache/isaacsimtraining/usd/configuration/ur5e_robotiq140_base.usd@</ur/world/visuals> (recomposing stage on stage @anon:0x6372d3fa2ad0:World0.usd@ <0x6372d410cde0>)

2026-09-10T13:18:16Z [12,714ms] [Warning] [omni.usd] Warning: in _ReportErrors at line 3172 of /builds/omniverse/usd-ci/USD/pxr/usd/usd/stage.cpp -- In </World/UR5e/flange/visuals>: Unresolved reference prim path @/root/.cache/isaacsimtraining/usd/configuration/ur5e_robotiq140_physics.usd@</visuals/flange> introduced by @/root/.cache/isaacsimtraining/usd/configuration/ur5e_robotiq140_base.usd@</ur/flange/visuals> (recomposing stage on stage @anon:0x6372d3fa2ad0:World0.usd@ <0x6372d410cde0>)

2026-09-10T13:18:16Z [12,714ms] [Warning] [omni.usd] Warning: in _ReportErrors at line 3172 of /builds/omniverse/usd-ci/USD/pxr/usd/usd/stage.cpp -- In </World/UR5e/tool0/visuals>: Unresolved reference prim path @/root/.cache/isaacsimtraining/usd/configuration/ur5e_robotiq140_physics.usd@</visuals/tool0> introduced by @/root/.cache/isaacsimtraining/usd/configuration/ur5e_robotiq140_base.usd@</ur/tool0/visuals> (recomposing stage on stage @anon:0x6372d3fa2ad0:World0.usd@ <0x6372d410cde0>)

2026-09-10T13:18:16Z [12,714ms] [Warning] [omni.usd] Warning: in _ReportErrors at line 3172 of /builds/omniverse/usd-ci/USD/pxr/usd/usd/stage.cpp -- In </World/UR5e/ft_frame/visuals>: Unresolved reference prim path @/root/.cache/isaacsimtraining/usd/configuration/ur5e_robotiq140_physics.usd@</visuals/ft_frame> introduced by @/root/.cache/isaacsimtraining/usd/configuration/ur5e_robotiq140_base.usd@</ur/ft_frame/visuals> (recomposing stage on stage @anon:0x6372d3fa2ad0:World0.usd@ <0x6372d410cde0>)

[12.910s] Simulation App Startup Complete
2026-09-10T13:18:16Z [12,900ms] [Warning] [omni.usd] Warning: in _ReportErrors at line 3172 of /builds/omniverse/usd-ci/USD/pxr/usd/usd/stage.cpp -- In </World/UR5e/flange/visuals>: Unresolved reference prim path @/root/.cache/isaacsimtraining/usd/configuration/ur5e_robotiq140_physics.usd@</visuals/flange> introduced by @/root/.cache/isaacsimtraining/usd/configuration/ur5e_robotiq140_base.usd@</ur/flange/visuals> (recomposing stage on stage @anon:0x6372d3f7b430:World0.usd@ <0x6372d40e7b30>)

2026-09-10T13:18:16Z [12,900ms] [Warning] [omni.usd] Warning: in _ReportErrors at line 3172 of /builds/omniverse/usd-ci/USD/pxr/usd/usd/stage.cpp -- In </World/UR5e/ft_frame/visuals>: Unresolved reference prim path @/root/.cache/isaacsimtraining/usd/configuration/ur5e_robotiq140_physics.usd@</visuals/ft_frame> introduced by @/root/.cache/isaacsimtraining/usd/configuration/ur5e_robotiq140_base.usd@</ur/ft_frame/visuals> (recomposing stage on stage @anon:0x6372d3f7b430:World0.usd@ <0x6372d40e7b30>)

2026-09-10T13:18:16Z [12,900ms] [Warning] [omni.usd] Warning: in _ReportErrors at line 3172 of /builds/omniverse/usd-ci/USD/pxr/usd/usd/stage.cpp -- In </World/UR5e/base_link/visuals>: Unresolved reference prim path @/root/.cache/isaacsimtraining/usd/configuration/ur5e_robotiq140_physics.usd@</visuals/base_link> introduced by @/root/.cache/isaacsimtraining/usd/configuration/ur5e_robotiq140_base.usd@</ur/base_link/visuals> (recomposing stage on stage @anon:0x6372d3f7b430:World0.usd@ <0x6372d40e7b30>)

2026-09-10T13:18:16Z [12,900ms] [Warning] [omni.usd] Warning: in _ReportErrors at line 3172 of /builds/omniverse/usd-ci/USD/pxr/usd/usd/stage.cpp -- In </World/UR5e/base/visuals>: Unresolved reference prim path @/root/.cache/isaacsimtraining/usd/configuration/ur5e_robotiq140_physics.usd@</visuals/base> introduced by @/root/.cache/isaacsimtraining/usd/configuration/ur5e_robotiq140_base.usd@</ur/base/visuals> (recomposing stage on stage @anon:0x6372d3f7b430:World0.usd@ <0x6372d40e7b30>)

2026-09-10T13:18:16Z [12,900ms] [Warning] [omni.usd] Warning: in _ReportErrors at line 3172 of /builds/omniverse/usd-ci/USD/pxr/usd/usd/stage.cpp -- In </World/UR5e/world/visuals>: Unresolved reference prim path @/root/.cache/isaacsimtraining/usd/configuration/ur5e_robotiq140_physics.usd@</visuals/world> introduced by @/root/.cache/isaacsimtraining/usd/configuration/ur5e_robotiq140_base.usd@</ur/world/visuals> (recomposing stage on stage @anon:0x6372d3f7b430:World0.usd@ <0x6372d40e7b30>)

2026-09-10T13:18:16Z [12,900ms] [Warning] [omni.usd] Warning: in _ReportErrors at line 3172 of /builds/omniverse/usd-ci/USD/pxr/usd/usd/stage.cpp -- In </World/UR5e/tool0/visuals>: Unresolved reference prim path @/root/.cache/isaacsimtraining/usd/configuration/ur5e_robotiq140_physics.usd@</visuals/tool0> introduced by @/root/.cache/isaacsimtraining/usd/configuration/ur5e_robotiq140_base.usd@</ur/tool0/visuals> (recomposing stage on stage @anon:0x6372d3f7b430:World0.usd@ <0x6372d40e7b30>)

2026-09-10T13:18:16Z [13,170ms] [Warning] [omni.fabric.plugin] getAttributeCount called on non-existent path /World/UR5e/wrist_2_link/visuals/wrist2/Scene
2026-09-10T13:18:16Z [13,170ms] [Warning] [omni.fabric.plugin] getTypes called on non-existent path /World/UR5e/wrist_2_link/visuals/wrist2/Scene
2026-09-10T13:18:16Z [13,333ms] [Warning] [omni.fabric.plugin] getAttributeCount called on non-existent path /World/UR5e/right_outer_knuckle/collisions/mesh_0
2026-09-10T13:18:16Z [13,333ms] [Warning] [omni.fabric.plugin] getTypes called on non-existent path /World/UR5e/right_outer_knuckle/collisions/mesh_0
Resuming SAC Agent from checkpoint: /root/run_7hr_resume/ur5e_isaac_sac_final.zip
Restoring replay buffer from: /root/run_7hr_resume/ur5e_isaac_sac_final.zip
[WARNING] Could not load replay buffer (A load persistent id instruction was encountered,
but no persistent_load function was specified.) -- resuming with an empty one.
Starting Training Loop...
---------------------------------
| rollout/           |          |
|    success_rate    | 0        |
| time/              |          |
|    episodes        | 60       |
|    fps             | 33       |
|    time_elapsed    | 30       |
|    total_timesteps | 31000    |
| train/             |          |
|    actor_loss      | -80.7    |
|    critic_loss     | 0.00617  |
|    ent_coef        | 0.0481   |
|    ent_coef_loss   | -24.1    |
|    learning_rate   | 0.0001   |
|    n_updates       | 30398    |
---------------------------------
---------------------------------
| rollout/           |          |
|    success_rate    | 0        |
| time/              |          |
|    episodes        | 64       |
|    fps             | 29       |
|    time_elapsed    | 103      |
|    total_timesteps | 33000    |
| train/             |          |
|    actor_loss      | -77.6    |
|    critic_loss     | 0.00364  |
|    ent_coef        | 0.0435   |
|    ent_coef_loss   | -25.2    |
|    learning_rate   | 0.0001   |
|    n_updates       | 31398    |
---------------------------------
---------------------------------
| rollout/           |          |
|    success_rate    | 0        |
| time/              |          |
|    episodes        | 68       |
|    fps             | 27       |
|    time_elapsed    | 180      |
|    total_timesteps | 35000    |
| train/             |          |
|    actor_loss      | -74.9    |
|    critic_loss     | 0.00482  |
|    ent_coef        | 0.0393   |
|    ent_coef_loss   | -25.6    |
|    learning_rate   | 0.0001   |
|    n_updates       | 32398    |
---------------------------------
---------------------------------
| rollout/           |          |
|    success_rate    | 0        |
| time/              |          |
|    episodes        | 72       |
|    fps             | 28       |
|    time_elapsed    | 249      |
|    total_timesteps | 37000    |
| train/             |          |
|    actor_loss      | -72.1    |
|    critic_loss     | 0.00348  |
|    ent_coef        | 0.0356   |
|    ent_coef_loss   | -26.4    |
|    learning_rate   | 0.0001   |
|    n_updates       | 33398    |
---------------------------------
---------------------------------
| rollout/           |          |
|    success_rate    | 0        |
| time/              |          |
|    episodes        | 76       |
|    fps             | 27       |
|    time_elapsed    | 329      |
|    total_timesteps | 39000    |
| train/             |          |
|    actor_loss      | -70.2    |
|    critic_loss     | 0.00473  |
|    ent_coef        | 0.0322   |
|    ent_coef_loss   | -26.8    |
|    learning_rate   | 0.0001   |
|    n_updates       | 34398    |
---------------------------------
---------------------------------
| rollout/           |          |
|    success_rate    | 0        |
| time/              |          |
|    episodes        | 80       |
|    fps             | 27       |
|    time_elapsed    | 395      |
|    total_timesteps | 41000    |
| train/             |          |
|    actor_loss      | -67.2    |
|    critic_loss     | 0.00324  |
|    ent_coef        | 0.0292   |
|    ent_coef_loss   | -28.1    |
|    learning_rate   | 0.0001   |
|    n_updates       | 35398    |
---------------------------------
---------------------------------
| rollout/           |          |
|    success_rate    | 0        |
| time/              |          |
|    episodes        | 84       |
|    fps             | 27       |
|    time_elapsed    | 479      |
|    total_timesteps | 43000    |
| train/             |          |
|    actor_loss      | -64.3    |
|    critic_loss     | 0.00496  |
|    ent_coef        | 0.0264   |
|    ent_coef_loss   | -28.5    |
|    learning_rate   | 0.0001   |
|    n_updates       | 36398    |
---------------------------------
---------------------------------
| rollout/           |          |
|    success_rate    | 0        |
| time/              |          |
|    episodes        | 88       |
|    fps             | 27       |
|    time_elapsed    | 541      |
|    total_timesteps | 45000    |
| train/             |          |
|    actor_loss      | -61.8    |
|    critic_loss     | 0.00275  |
|    ent_coef        | 0.0239   |
|    ent_coef_loss   | -29.4    |
|    learning_rate   | 0.0001   |
|    n_updates       | 37398    |
---------------------------------
---------------------------------
| rollout/           |          |
|    success_rate    | 0        |
| time/              |          |
|    episodes        | 92       |
|    fps             | 27       |
|    time_elapsed    | 629      |
|    total_timesteps | 47000    |
| train/             |          |
|    actor_loss      | -59.2    |
|    critic_loss     | 0.0033   |
|    ent_coef        | 0.0216   |
|    ent_coef_loss   | -30.1    |
|    learning_rate   | 0.0001   |
|    n_updates       | 38398    |
---------------------------------
---------------------------------
| rollout/           |          |
|    success_rate    | 0        |
| time/              |          |
|    episodes        | 96       |
|    fps             | 27       |
|    time_elapsed    | 688      |
|    total_timesteps | 49000    |
| train/             |          |
|    actor_loss      | -56.7    |
|    critic_loss     | 0.00304  |
|    ent_coef        | 0.0196   |
|    ent_coef_loss   | -30.3    |
|    learning_rate   | 0.0001   |
|    n_updates       | 39398    |
---------------------------------
---------------------------------
| rollout/           |          |
|    success_rate    | 0        |
| time/              |          |
|    episodes        | 100      |
|    fps             | 27       |
|    time_elapsed    | 776      |
|    total_timesteps | 51000    |
| train/             |          |
|    actor_loss      | -54.3    |
|    critic_loss     | 0.00318  |
|    ent_coef        | 0.0177   |
|    ent_coef_loss   | -31.1    |
|    learning_rate   | 0.0001   |
|    n_updates       | 40398    |
---------------------------------
---------------------------------
| rollout/           |          |
|    success_rate    | 0        |
| time/              |          |
|    episodes        | 104      |
|    fps             | 27       |
|    time_elapsed    | 837      |
|    total_timesteps | 53000    |
| train/             |          |
|    actor_loss      | -51.8    |
|    critic_loss     | 0.00199  |
|    ent_coef        | 0.016    |
|    ent_coef_loss   | -31.5    |
|    learning_rate   | 0.0001   |
|    n_updates       | 41398    |
---------------------------------
---------------------------------
| rollout/           |          |
|    success_rate    | 0        |
| time/              |          |
|    episodes        | 108      |
|    fps             | 27       |
|    time_elapsed    | 923      |
|    total_timesteps | 55000    |
| train/             |          |
|    actor_loss      | -49.6    |
|    critic_loss     | 0.00213  |
|    ent_coef        | 0.0145   |
|    ent_coef_loss   | -32.9    |
|    learning_rate   | 0.0001   |
|    n_updates       | 42398    |
---------------------------------
---------------------------------
| rollout/           |          |
|    success_rate    | 0        |
| time/              |          |
|    episodes        | 112      |
|    fps             | 27       |
|    time_elapsed    | 988      |
|    total_timesteps | 57000    |
| train/             |          |
|    actor_loss      | -47.3    |
|    critic_loss     | 0.00299  |
|    ent_coef        | 0.0131   |
|    ent_coef_loss   | -33      |
|    learning_rate   | 0.0001   |
|    n_updates       | 43398    |
---------------------------------
---------------------------------
| rollout/           |          |
|    success_rate    | 0        |
| time/              |          |
|    episodes        | 116      |
|    fps             | 27       |
|    time_elapsed    | 1069     |
|    total_timesteps | 59000    |
| train/             |          |
|    actor_loss      | -45.4    |
|    critic_loss     | 0.00178  |
|    ent_coef        | 0.0119   |
|    ent_coef_loss   | -33.9    |
|    learning_rate   | 0.0001   |
|    n_updates       | 44398    |
---------------------------------
---------------------------------
| rollout/           |          |
|    success_rate    | 0        |
| time/              |          |
|    episodes        | 120      |
|    fps             | 27       |
|    time_elapsed    | 1138     |
|    total_timesteps | 61000    |
| train/             |          |
|    actor_loss      | -43.4    |
|    critic_loss     | 0.00145  |
|    ent_coef        | 0.0108   |
|    ent_coef_loss   | -34.6    |
|    learning_rate   | 0.0001   |
|    n_updates       | 45398    |
---------------------------------
---------------------------------
| rollout/           |          |
|    success_rate    | 0        |
| time/              |          |
|    episodes        | 124      |
|    fps             | 27       |
|    time_elapsed    | 1216     |
|    total_timesteps | 63000    |
| train/             |          |
|    actor_loss      | -41.5    |
|    critic_loss     | 0.00179  |
|    ent_coef        | 0.00976  |
|    ent_coef_loss   | -34.6    |
|    learning_rate   | 0.0001   |
|    n_updates       | 46398    |
---------------------------------
---------------------------------
| rollout/           |          |
|    success_rate    | 0        |
| time/              |          |
|    episodes        | 128      |
|    fps             | 27       |
|    time_elapsed    | 1288     |
|    total_timesteps | 65000    |
| train/             |          |
|    actor_loss      | -39.8    |
|    critic_loss     | 0.00132  |
|    ent_coef        | 0.00883  |
|    ent_coef_loss   | -34.6    |
|    learning_rate   | 0.0001   |
|    n_updates       | 47398    |
---------------------------------
---------------------------------
| rollout/           |          |
|    success_rate    | 0        |
| time/              |          |
|    episodes        | 132      |
|    fps             | 27       |
|    time_elapsed    | 1362     |
|    total_timesteps | 67000    |
| train/             |          |
|    actor_loss      | -38.1    |
|    critic_loss     | 0.00138  |
|    ent_coef        | 0.008    |
|    ent_coef_loss   | -34.6    |
|    learning_rate   | 0.0001   |
|    n_updates       | 48398    |
---------------------------------
---------------------------------
| rollout/           |          |
|    success_rate    | 0        |
| time/              |          |
|    episodes        | 136      |
|    fps             | 27       |
|    time_elapsed    | 1438     |
|    total_timesteps | 69000    |
| train/             |          |
|    actor_loss      | -36.2    |
|    critic_loss     | 0.00104  |
|    ent_coef        | 0.00725  |
|    ent_coef_loss   | -35      |
|    learning_rate   | 0.0001   |
|    n_updates       | 49398    |
---------------------------------
---------------------------------
| rollout/           |          |
|    success_rate    | 0        |
| time/              |          |
|    episodes        | 140      |
|    fps             | 27       |
|    time_elapsed    | 1509     |
|    total_timesteps | 71000    |
| train/             |          |
|    actor_loss      | -34.7    |
|    critic_loss     | 0.0015   |
|    ent_coef        | 0.00657  |
|    ent_coef_loss   | -36.7    |
|    learning_rate   | 0.0001   |
|    n_updates       | 50398    |
---------------------------------
---------------------------------
| rollout/           |          |
|    success_rate    | 0        |
| time/              |          |
|    episodes        | 144      |
|    fps             | 27       |
|    time_elapsed    | 1589     |
|    total_timesteps | 73000    |
| train/             |          |
|    actor_loss      | -33.2    |
|    critic_loss     | 0.00132  |
|    ent_coef        | 0.00596  |
|    ent_coef_loss   | -34.6    |
|    learning_rate   | 0.0001   |
|    n_updates       | 51398    |
---------------------------------
---------------------------------
| rollout/           |          |
|    success_rate    | 0        |
| time/              |          |
|    episodes        | 148      |
|    fps             | 27       |
|    time_elapsed    | 1657     |
|    total_timesteps | 75000    |
| train/             |          |
|    actor_loss      | -31.6    |
|    critic_loss     | 0.00201  |
|    ent_coef        | 0.0054   |
|    ent_coef_loss   | -34.8    |
|    learning_rate   | 0.0001   |
|    n_updates       | 52398    |
---------------------------------
---------------------------------
| rollout/           |          |
|    success_rate    | 0        |
| time/              |          |
|    episodes        | 152      |
|    fps             | 27       |
|    time_elapsed    | 1740     |
|    total_timesteps | 77000    |
| train/             |          |
|    actor_loss      | -30.2    |
|    critic_loss     | 0.000948 |
|    ent_coef        | 0.00489  |
|    ent_coef_loss   | -37.2    |
|    learning_rate   | 0.0001   |
|    n_updates       | 53398    |
---------------------------------
---------------------------------
| rollout/           |          |
|    success_rate    | 0        |
| time/              |          |
|    episodes        | 156      |
|    fps             | 27       |
|    time_elapsed    | 1803     |
|    total_timesteps | 79000    |
| train/             |          |
|    actor_loss      | -28.8    |
|    critic_loss     | 0.000929 |
|    ent_coef        | 0.00443  |
|    ent_coef_loss   | -38.7    |
|    learning_rate   | 0.0001   |
|    n_updates       | 54398    |
---------------------------------
---------------------------------
| rollout/           |          |
|    success_rate    | 0        |
| time/              |          |
|    episodes        | 160      |
|    fps             | 26       |
|    time_elapsed    | 1890     |
|    total_timesteps | 81000    |
| train/             |          |
|    actor_loss      | -27.4    |
|    critic_loss     | 0.000931 |
|    ent_coef        | 0.00401  |
|    ent_coef_loss   | -35.7    |
|    learning_rate   | 0.0001   |
|    n_updates       | 55398    |
---------------------------------
---------------------------------
| rollout/           |          |
|    success_rate    | 0        |
| time/              |          |
|    episodes        | 164      |
|    fps             | 27       |
|    time_elapsed    | 1951     |
|    total_timesteps | 83000    |
| train/             |          |
|    actor_loss      | -26.2    |
|    critic_loss     | 0.00115  |
|    ent_coef        | 0.00364  |
|    ent_coef_loss   | -36.8    |
|    learning_rate   | 0.0001   |
|    n_updates       | 56398    |
---------------------------------
---------------------------------
| rollout/           |          |
|    success_rate    | 0        |
| time/              |          |
|    episodes        | 168      |
|    fps             | 26       |
|    time_elapsed    | 2040     |
|    total_timesteps | 85000    |
| train/             |          |
|    actor_loss      | -24.8    |
|    critic_loss     | 0.00112  |
|    ent_coef        | 0.0033   |
|    ent_coef_loss   | -35.5    |
|    learning_rate   | 0.0001   |
|    n_updates       | 57398    |
---------------------------------
---------------------------------
| rollout/           |          |
|    success_rate    | 0        |
| time/              |          |
|    episodes        | 172      |
|    fps             | 27       |
|    time_elapsed    | 2100     |
|    total_timesteps | 87000    |
| train/             |          |
|    actor_loss      | -23.6    |
|    critic_loss     | 0.00165  |
|    ent_coef        | 0.00299  |
|    ent_coef_loss   | -34.7    |
|    learning_rate   | 0.0001   |
|    n_updates       | 58398    |
---------------------------------
---------------------------------
| rollout/           |          |
|    success_rate    | 0        |
| time/              |          |
|    episodes        | 176      |
|    fps             | 26       |
|    time_elapsed    | 2185     |
|    total_timesteps | 89000    |
| train/             |          |
|    actor_loss      | -22.7    |
|    critic_loss     | 0.000749 |
|    ent_coef        | 0.00271  |
|    ent_coef_loss   | -36.2    |
|    learning_rate   | 0.0001   |
|    n_updates       | 59398    |
---------------------------------
---------------------------------
| rollout/           |          |
|    success_rate    | 0        |
| time/              |          |
|    episodes        | 180      |
|    fps             | 27       |
|    time_elapsed    | 2250     |
|    total_timesteps | 91000    |
| train/             |          |
|    actor_loss      | -21.5    |
|    critic_loss     | 0.000955 |
|    ent_coef        | 0.00246  |
|    ent_coef_loss   | -33.4    |
|    learning_rate   | 0.0001   |
|    n_updates       | 60398    |
---------------------------------
---------------------------------
| rollout/           |          |
|    success_rate    | 0        |
| time/              |          |
|    episodes        | 184      |
|    fps             | 27       |
|    time_elapsed    | 2332     |
|    total_timesteps | 93000    |
| train/             |          |
|    actor_loss      | -20.6    |
|    critic_loss     | 0.00089  |
|    ent_coef        | 0.00224  |
|    ent_coef_loss   | -36.2    |
|    learning_rate   | 0.0001   |
|    n_updates       | 61398    |
---------------------------------
---------------------------------
| rollout/           |          |
|    success_rate    | 0        |
| time/              |          |
|    episodes        | 188      |
|    fps             | 27       |
|    time_elapsed    | 2400     |
|    total_timesteps | 95000    |
| train/             |          |
|    actor_loss      | -19.5    |
|    critic_loss     | 0.0011   |
|    ent_coef        | 0.00203  |
|    ent_coef_loss   | -31.8    |
|    learning_rate   | 0.0001   |
|    n_updates       | 62398    |
---------------------------------
---------------------------------
| rollout/           |          |
|    success_rate    | 0        |
| time/              |          |
|    episodes        | 192      |
|    fps             | 27       |
|    time_elapsed    | 2479     |
|    total_timesteps | 97000    |
| train/             |          |
|    actor_loss      | -18.7    |
|    critic_loss     | 0.00064  |
|    ent_coef        | 0.00184  |
|    ent_coef_loss   | -33.1    |
|    learning_rate   | 0.0001   |
|    n_updates       | 63398    |
---------------------------------
---------------------------------
| rollout/           |          |
|    success_rate    | 0        |
| time/              |          |
|    episodes        | 196      |
|    fps             | 27       |
|    time_elapsed    | 2550     |
|    total_timesteps | 99000    |
| train/             |          |
|    actor_loss      | -17.8    |
|    critic_loss     | 0.00125  |
|    ent_coef        | 0.00167  |
|    ent_coef_loss   | -31.3    |
|    learning_rate   | 0.0001   |
|    n_updates       | 64398    |
---------------------------------
---------------------------------
| rollout/           |          |
|    success_rate    | 0        |
| time/              |          |
|    episodes        | 200      |
|    fps             | 27       |
|    time_elapsed    | 2625     |
|    total_timesteps | 101000   |
| train/             |          |
|    actor_loss      | -17      |
|    critic_loss     | 0.000865 |
|    ent_coef        | 0.00152  |
|    ent_coef_loss   | -30.3    |
|    learning_rate   | 0.0001   |
|    n_updates       | 65398    |
---------------------------------
---------------------------------
| rollout/           |          |
|    success_rate    | 0        |
| time/              |          |
|    episodes        | 204      |
|    fps             | 27       |
|    time_elapsed    | 2699     |
|    total_timesteps | 103000   |
| train/             |          |
|    actor_loss      | -16.2    |
|    critic_loss     | 0.00122  |
|    ent_coef        | 0.00138  |
|    ent_coef_loss   | -27.5    |
|    learning_rate   | 0.0001   |
|    n_updates       | 66398    |
---------------------------------
---------------------------------
| rollout/           |          |
|    success_rate    | 0        |
| time/              |          |
|    episodes        | 208      |
|    fps             | 27       |
|    time_elapsed    | 2772     |
|    total_timesteps | 105000   |
| train/             |          |
|    actor_loss      | -15.3    |
|    critic_loss     | 0.000557 |
|    ent_coef        | 0.00126  |
|    ent_coef_loss   | -27.6    |
|    learning_rate   | 0.0001   |
|    n_updates       | 67398    |
---------------------------------
---------------------------------
| rollout/           |          |
|    success_rate    | 0        |
| time/              |          |
|    episodes        | 212      |
|    fps             | 27       |
|    time_elapsed    | 2848     |
|    total_timesteps | 107000   |
| train/             |          |
|    actor_loss      | -14.6    |
|    critic_loss     | 0.000753 |
|    ent_coef        | 0.00115  |
|    ent_coef_loss   | -25.7    |
|    learning_rate   | 0.0001   |
|    n_updates       | 68398    |
---------------------------------
---------------------------------
| rollout/           |          |
|    success_rate    | 0        |
| time/              |          |
|    episodes        | 216      |
|    fps             | 27       |
|    time_elapsed    | 2918     |
|    total_timesteps | 109000   |
| train/             |          |
|    actor_loss      | -13.9    |
|    critic_loss     | 0.00116  |
|    ent_coef        | 0.00105  |
|    ent_coef_loss   | -23.6    |
|    learning_rate   | 0.0001   |
|    n_updates       | 69398    |
---------------------------------
---------------------------------
| rollout/           |          |
|    success_rate    | 0        |
| time/              |          |
|    episodes        | 220      |
|    fps             | 27       |
|    time_elapsed    | 2998     |
|    total_timesteps | 111000   |
| train/             |          |
|    actor_loss      | -13.3    |
|    critic_loss     | 0.00084  |
|    ent_coef        | 0.000959 |
|    ent_coef_loss   | -25.9    |
|    learning_rate   | 0.0001   |
|    n_updates       | 70398    |
---------------------------------
---------------------------------
| rollout/           |          |
|    success_rate    | 0        |
| time/              |          |
|    episodes        | 224      |
|    fps             | 27       |
|    time_elapsed    | 3064     |
|    total_timesteps | 113000   |
| train/             |          |
|    actor_loss      | -12.5    |
|    critic_loss     | 0.00113  |
|    ent_coef        | 0.00088  |
|    ent_coef_loss   | -13.3    |
|    learning_rate   | 0.0001   |
|    n_updates       | 71398    |
---------------------------------
---------------------------------
| rollout/           |          |
|    success_rate    | 0        |
| time/              |          |
|    episodes        | 228      |
|    fps             | 27       |
|    time_elapsed    | 3148     |
|    total_timesteps | 115000   |
| train/             |          |
|    actor_loss      | -11.9    |
|    critic_loss     | 0.000866 |
|    ent_coef        | 0.000817 |
|    ent_coef_loss   | -9.9     |
|    learning_rate   | 0.0001   |
|    n_updates       | 72398    |
---------------------------------
---------------------------------
| rollout/           |          |
|    success_rate    | 0        |
| time/              |          |
|    episodes        | 232      |
|    fps             | 27       |
|    time_elapsed    | 3213     |
|    total_timesteps | 117000   |
| train/             |          |
|    actor_loss      | -11.3    |
|    critic_loss     | 0.00124  |
|    ent_coef        | 0.000754 |
|    ent_coef_loss   | -11.8    |
|    learning_rate   | 0.0001   |
|    n_updates       | 73398    |
---------------------------------
---------------------------------
| rollout/           |          |
|    success_rate    | 0        |
| time/              |          |
|    episodes        | 236      |
|    fps             | 26       |
|    time_elapsed    | 3297     |
|    total_timesteps | 119000   |
| train/             |          |
|    actor_loss      | -10.9    |
|    critic_loss     | 0.000516 |
|    ent_coef        | 0.000698 |
|    ent_coef_loss   | -8.22    |
|    learning_rate   | 0.0001   |
|    n_updates       | 74398    |
---------------------------------
---------------------------------
| rollout/           |          |
|    success_rate    | 0        |
| time/              |          |
|    episodes        | 240      |
|    fps             | 27       |
|    time_elapsed    | 3359     |
|    total_timesteps | 121000   |
| train/             |          |
|    actor_loss      | -10.3    |
|    critic_loss     | 0.00115  |
|    ent_coef        | 0.000653 |
|    ent_coef_loss   | -3.95    |
|    learning_rate   | 0.0001   |
|    n_updates       | 75398    |
---------------------------------
---------------------------------
| rollout/           |          |
|    success_rate    | 0        |
| time/              |          |
|    episodes        | 244      |
|    fps             | 26       |
|    time_elapsed    | 3447     |
|    total_timesteps | 123000   |
| train/             |          |
|    actor_loss      | -9.86    |
|    critic_loss     | 0.00146  |
|    ent_coef        | 0.000617 |
|    ent_coef_loss   | -3.52    |
|    learning_rate   | 0.0001   |
|    n_updates       | 76398    |
---------------------------------
---------------------------------
| rollout/           |          |
|    success_rate    | 0        |
| time/              |          |
|    episodes        | 248      |
|    fps             | 27       |
|    time_elapsed    | 3506     |
|    total_timesteps | 125000   |
| train/             |          |
|    actor_loss      | -9.43    |
|    critic_loss     | 0.00113  |
|    ent_coef        | 0.000593 |
|    ent_coef_loss   | -1.8     |
|    learning_rate   | 0.0001   |
|    n_updates       | 77398    |
---------------------------------
---------------------------------
| rollout/           |          |
|    success_rate    | 0        |
| time/              |          |
|    episodes        | 252      |
|    fps             | 26       |
|    time_elapsed    | 3594     |
|    total_timesteps | 127000   |
| train/             |          |
|    actor_loss      | -8.87    |
|    critic_loss     | 0.00109  |
|    ent_coef        | 0.000588 |
|    ent_coef_loss   | -1.28    |
|    learning_rate   | 0.0001   |
|    n_updates       | 78398    |
---------------------------------
---------------------------------
| rollout/           |          |
|    success_rate    | 0        |
| time/              |          |
|    episodes        | 256      |
|    fps             | 27       |
|    time_elapsed    | 3656     |
|    total_timesteps | 129000   |
| train/             |          |
|    actor_loss      | -8.68    |
|    critic_loss     | 0.000901 |
|    ent_coef        | 0.00058  |
|    ent_coef_loss   | 2.8      |
|    learning_rate   | 0.0001   |
|    n_updates       | 79398    |
---------------------------------
---------------------------------
| rollout/           |          |
|    success_rate    | 0        |
| time/              |          |
|    episodes        | 260      |
|    fps             | 27       |
|    time_elapsed    | 3739     |
|    total_timesteps | 131000   |
| train/             |          |
|    actor_loss      | -8.19    |
|    critic_loss     | 0.00134  |
|    ent_coef        | 0.000585 |
|    ent_coef_loss   | -0.794   |
|    learning_rate   | 0.0001   |
|    n_updates       | 80398    |
---------------------------------
---------------------------------
| rollout/           |          |
|    success_rate    | 0        |
| time/              |          |
|    episodes        | 264      |
|    fps             | 27       |
|    time_elapsed    | 3807     |
|    total_timesteps | 133000   |
| train/             |          |
|    actor_loss      | -7.84    |
|    critic_loss     | 0.00149  |
|    ent_coef        | 0.000587 |
|    ent_coef_loss   | -3.65    |
|    learning_rate   | 0.0001   |
|    n_updates       | 81398    |
---------------------------------
---------------------------------
| rollout/           |          |
|    success_rate    | 0        |
| time/              |          |
|    episodes        | 268      |
|    fps             | 27       |
|    time_elapsed    | 3887     |
|    total_timesteps | 135000   |
| train/             |          |
|    actor_loss      | -7.41    |
|    critic_loss     | 0.00305  |
|    ent_coef        | 0.000608 |
|    ent_coef_loss   | -1.3     |
|    learning_rate   | 0.0001   |
|    n_updates       | 82398    |
---------------------------------
---------------------------------
| rollout/           |          |
|    success_rate    | 0        |
| time/              |          |
|    episodes        | 272      |
|    fps             | 27       |
|    time_elapsed    | 3958     |
|    total_timesteps | 137000   |
| train/             |          |
|    actor_loss      | -7.25    |
|    critic_loss     | 0.000659 |
|    ent_coef        | 0.000643 |
|    ent_coef_loss   | 5.03     |
|    learning_rate   | 0.0001   |
|    n_updates       | 83398    |
---------------------------------
---------------------------------
| rollout/           |          |
|    success_rate    | 0        |
| time/              |          |
|    episodes        | 276      |
|    fps             | 27       |
|    time_elapsed    | 4033     |
|    total_timesteps | 139000   |
| train/             |          |
|    actor_loss      | -6.91    |
|    critic_loss     | 0.00115  |
|    ent_coef        | 0.000657 |
|    ent_coef_loss   | 1.01     |
|    learning_rate   | 0.0001   |
|    n_updates       | 84398    |
---------------------------------
---------------------------------
| rollout/           |          |
|    success_rate    | 0        |
| time/              |          |
|    episodes        | 280      |
|    fps             | 27       |
|    time_elapsed    | 4107     |
|    total_timesteps | 141000   |
| train/             |          |
|    actor_loss      | -6.5     |
|    critic_loss     | 0.00129  |
|    ent_coef        | 0.000653 |
|    ent_coef_loss   | -1.87    |
|    learning_rate   | 0.0001   |
|    n_updates       | 85398    |
---------------------------------
---------------------------------
| rollout/           |          |
|    success_rate    | 0        |
| time/              |          |
|    episodes        | 284      |
|    fps             | 27       |
|    time_elapsed    | 4181     |
|    total_timesteps | 143000   |
| train/             |          |
|    actor_loss      | -6.19    |
|    critic_loss     | 0.00118  |
|    ent_coef        | 0.000656 |
|    ent_coef_loss   | -0.253   |
|    learning_rate   | 0.0001   |
|    n_updates       | 86398    |
---------------------------------
---------------------------------
| rollout/           |          |
|    success_rate    | 0        |
| time/              |          |
|    episodes        | 288      |
|    fps             | 27       |
|    time_elapsed    | 4258     |
|    total_timesteps | 145000   |
| train/             |          |
|    actor_loss      | -5.9     |
|    critic_loss     | 0.000808 |
|    ent_coef        | 0.000658 |
|    ent_coef_loss   | 0.827    |
|    learning_rate   | 0.0001   |
|    n_updates       | 87398    |
---------------------------------
---------------------------------
| rollout/           |          |
|    success_rate    | 0        |
| time/              |          |
|    episodes        | 292      |
|    fps             | 27       |
|    time_elapsed    | 4325     |
|    total_timesteps | 147000   |
| train/             |          |
|    actor_loss      | -5.56    |
|    critic_loss     | 0.00124  |
|    ent_coef        | 0.000676 |
|    ent_coef_loss   | 4.87     |
|    learning_rate   | 0.0001   |
|    n_updates       | 88398    |
---------------------------------
---------------------------------
| rollout/           |          |
|    success_rate    | 0        |
| time/              |          |
|    episodes        | 296      |
|    fps             | 26       |
|    time_elapsed    | 4407     |
|    total_timesteps | 149000   |
| train/             |          |
|    actor_loss      | -5.4     |
|    critic_loss     | 0.000909 |
|    ent_coef        | 0.000702 |
|    ent_coef_loss   | 6.69     |
|    learning_rate   | 0.0001   |
|    n_updates       | 89398    |
---------------------------------
---------------------------------
| rollout/           |          |
|    success_rate    | 0        |
| time/              |          |
|    episodes        | 300      |
|    fps             | 27       |
|    time_elapsed    | 4470     |
|    total_timesteps | 151000   |
| train/             |          |
|    actor_loss      | -5.06    |
|    critic_loss     | 0.00162  |
|    ent_coef        | 0.000718 |
|    ent_coef_loss   | 2        |
|    learning_rate   | 0.0001   |
|    n_updates       | 90398    |
---------------------------------
---------------------------------
| rollout/           |          |
|    success_rate    | 0        |
| time/              |          |
|    episodes        | 304      |
|    fps             | 26       |
|    time_elapsed    | 4555     |
|    total_timesteps | 153000   |
| train/             |          |
|    actor_loss      | -4.91    |
|    critic_loss     | 0.00168  |
|    ent_coef        | 0.000736 |
|    ent_coef_loss   | 4.68     |
|    learning_rate   | 0.0001   |
|    n_updates       | 91398    |
---------------------------------
---------------------------------
| rollout/           |          |
|    success_rate    | 0        |
| time/              |          |
|    episodes        | 308      |
|    fps             | 27       |
|    time_elapsed    | 4614     |
|    total_timesteps | 155000   |
| train/             |          |
|    actor_loss      | -4.7     |
|    critic_loss     | 0.00488  |
|    ent_coef        | 0.000801 |
|    ent_coef_loss   | -4.1     |
|    learning_rate   | 0.0001   |
|    n_updates       | 92398    |
---------------------------------
---------------------------------
| rollout/           |          |
|    success_rate    | 0        |
| time/              |          |
|    episodes        | 312      |
|    fps             | 27       |
|    time_elapsed    | 4701     |
|    total_timesteps | 157000   |
| train/             |          |
|    actor_loss      | -4.58    |
|    critic_loss     | 0.000896 |
|    ent_coef        | 0.000863 |
|    ent_coef_loss   | 11.5     |
|    learning_rate   | 0.0001   |
|    n_updates       | 93398    |
---------------------------------
---------------------------------
| rollout/           |          |
|    success_rate    | 0        |
| time/              |          |
|    episodes        | 316      |
|    fps             | 27       |
|    time_elapsed    | 4765     |
|    total_timesteps | 159000   |
| train/             |          |
|    actor_loss      | -4.41    |
|    critic_loss     | 0.000919 |
|    ent_coef        | 0.000931 |
|    ent_coef_loss   | 6.16     |
|    learning_rate   | 0.0001   |
|    n_updates       | 94398    |
---------------------------------
---------------------------------
| rollout/           |          |
|    success_rate    | 0        |
| time/              |          |
|    episodes        | 320      |
|    fps             | 27       |
|    time_elapsed    | 4815     |
|    total_timesteps | 160274   |
| train/             |          |
|    actor_loss      | -4.21    |
|    critic_loss     | 0.000706 |
|    ent_coef        | 0.000958 |
|    ent_coef_loss   | -0.428   |
|    learning_rate   | 0.0001   |
|    n_updates       | 95035    |
---------------------------------
---------------------------------
| rollout/           |          |
|    success_rate    | 0        |
| time/              |          |
|    episodes        | 324      |
|    fps             | 27       |
|    time_elapsed    | 4892     |
|    total_timesteps | 162274   |
| train/             |          |
|    actor_loss      | -3.91    |
|    critic_loss     | 0.00128  |
|    ent_coef        | 0.000975 |
|    ent_coef_loss   | -2.04    |
|    learning_rate   | 0.0001   |
|    n_updates       | 96035    |
---------------------------------
---------------------------------
| rollout/           |          |
|    success_rate    | 0        |
| time/              |          |
|    episodes        | 328      |
|    fps             | 27       |
|    time_elapsed    | 4958     |
|    total_timesteps | 164274   |
| train/             |          |
|    actor_loss      | -3.75    |
|    critic_loss     | 0.0117   |
|    ent_coef        | 0.000989 |
|    ent_coef_loss   | -0.646   |
|    learning_rate   | 0.0001   |
|    n_updates       | 97035    |
---------------------------------
---------------------------------
| rollout/           |          |
|    success_rate    | 0        |
| time/              |          |
|    episodes        | 332      |
|    fps             | 27       |
|    time_elapsed    | 5044     |
|    total_timesteps | 166274   |
| train/             |          |
|    actor_loss      | -3.55    |
|    critic_loss     | 0.00103  |
|    ent_coef        | 0.00101  |
|    ent_coef_loss   | -1.63    |
|    learning_rate   | 0.0001   |
|    n_updates       | 98035    |
---------------------------------
---------------------------------
| rollout/           |          |
|    success_rate    | 0        |
| time/              |          |
|    episodes        | 336      |
|    fps             | 27       |
|    time_elapsed    | 5105     |
|    total_timesteps | 168274   |
| train/             |          |
|    actor_loss      | -3.23    |
|    critic_loss     | 0.00433  |
|    ent_coef        | 0.00103  |
|    ent_coef_loss   | 1.23     |
|    learning_rate   | 0.0001   |
|    n_updates       | 99035    |
---------------------------------
---------------------------------
| rollout/           |          |
|    success_rate    | 0        |
| time/              |          |
|    episodes        | 340      |
|    fps             | 27       |
|    time_elapsed    | 5192     |
|    total_timesteps | 170274   |
| train/             |          |
|    actor_loss      | -3.27    |
|    critic_loss     | 0.002    |
|    ent_coef        | 0.00109  |
|    ent_coef_loss   | 7.13     |
|    learning_rate   | 0.0001   |
|    n_updates       | 100035   |
---------------------------------
---------------------------------
| rollout/           |          |
|    success_rate    | 0        |
| time/              |          |
|    episodes        | 344      |
|    fps             | 27       |
|    time_elapsed    | 5251     |
|    total_timesteps | 172274   |
| train/             |          |
|    actor_loss      | -3.14    |
|    critic_loss     | 0.00132  |
|    ent_coef        | 0.00117  |
|    ent_coef_loss   | 3.5      |
|    learning_rate   | 0.0001   |
|    n_updates       | 101035   |
---------------------------------
---------------------------------
| rollout/           |          |
|    success_rate    | 0        |
| time/              |          |
|    episodes        | 348      |
|    fps             | 27       |
|    time_elapsed    | 5335     |
|    total_timesteps | 174274   |
| train/             |          |
|    actor_loss      | -2.86    |
|    critic_loss     | 0.000939 |
|    ent_coef        | 0.00118  |
|    ent_coef_loss   | -0.621   |
|    learning_rate   | 0.0001   |
|    n_updates       | 102035   |
---------------------------------
---------------------------------
| rollout/           |          |
|    success_rate    | 0        |
| time/              |          |
|    episodes        | 352      |
|    fps             | 27       |
|    time_elapsed    | 5401     |
|    total_timesteps | 176274   |
| train/             |          |
|    actor_loss      | -2.88    |
|    critic_loss     | 0.00181  |
|    ent_coef        | 0.00121  |
|    ent_coef_loss   | 2.73     |
|    learning_rate   | 0.0001   |
|    n_updates       | 103035   |
---------------------------------
---------------------------------
| rollout/           |          |
|    success_rate    | 0        |
| time/              |          |
|    episodes        | 356      |
|    fps             | 27       |
|    time_elapsed    | 5483     |
|    total_timesteps | 178274   |
| train/             |          |
|    actor_loss      | -2.78    |
|    critic_loss     | 0.00147  |
|    ent_coef        | 0.00123  |
|    ent_coef_loss   | 1.08     |
|    learning_rate   | 0.0001   |
|    n_updates       | 104035   |
---------------------------------
---------------------------------
| rollout/           |          |
|    success_rate    | 0        |
| time/              |          |
|    episodes        | 360      |
|    fps             | 27       |
|    time_elapsed    | 5551     |
|    total_timesteps | 180274   |
| train/             |          |
|    actor_loss      | -2.59    |
|    critic_loss     | 0.00175  |
|    ent_coef        | 0.00125  |
|    ent_coef_loss   | -0.925   |
|    learning_rate   | 0.0001   |
|    n_updates       | 105035   |
---------------------------------
---------------------------------
| rollout/           |          |
|    success_rate    | 0        |
| time/              |          |
|    episodes        | 364      |
|    fps             | 27       |
|    time_elapsed    | 5628     |
|    total_timesteps | 182274   |
| train/             |          |
|    actor_loss      | -2.58    |
|    critic_loss     | 0.000758 |
|    ent_coef        | 0.00126  |
|    ent_coef_loss   | -0.00535 |
|    learning_rate   | 0.0001   |
|    n_updates       | 106035   |
---------------------------------
---------------------------------
| rollout/           |          |
|    success_rate    | 0        |
| time/              |          |
|    episodes        | 368      |
|    fps             | 27       |
|    time_elapsed    | 5700     |
|    total_timesteps | 184274   |
| train/             |          |
|    actor_loss      | -2.45    |
|    critic_loss     | 0.00115  |
|    ent_coef        | 0.00127  |
|    ent_coef_loss   | 3.55     |
|    learning_rate   | 0.0001   |
|    n_updates       | 107035   |
---------------------------------
---------------------------------
| rollout/           |          |
|    success_rate    | 0        |
| time/              |          |
|    episodes        | 372      |
|    fps             | 27       |
|    time_elapsed    | 5775     |
|    total_timesteps | 186274   |
| train/             |          |
|    actor_loss      | -2.28    |
|    critic_loss     | 0.00168  |
|    ent_coef        | 0.00128  |
|    ent_coef_loss   | 0.991    |
|    learning_rate   | 0.0001   |
|    n_updates       | 108035   |
---------------------------------
---------------------------------
| rollout/           |          |
|    success_rate    | 0        |
| time/              |          |
|    episodes        | 376      |
|    fps             | 27       |
|    time_elapsed    | 5851     |
|    total_timesteps | 188274   |
| train/             |          |
|    actor_loss      | -2.15    |
|    critic_loss     | 0.000995 |
|    ent_coef        | 0.00132  |
|    ent_coef_loss   | -5.21    |
|    learning_rate   | 0.0001   |
|    n_updates       | 109035   |
---------------------------------
---------------------------------
| rollout/           |          |
|    success_rate    | 0        |
| time/              |          |
|    episodes        | 380      |
|    fps             | 27       |
|    time_elapsed    | 5921     |
|    total_timesteps | 190274   |
| train/             |          |
|    actor_loss      | -2.22    |
|    critic_loss     | 0.00126  |
|    ent_coef        | 0.00137  |
|    ent_coef_loss   | 3.64     |
|    learning_rate   | 0.0001   |
|    n_updates       | 110035   |
---------------------------------
---------------------------------
| rollout/           |          |
|    success_rate    | 0        |
| time/              |          |
|    episodes        | 384      |
|    fps             | 27       |
|    time_elapsed    | 6000     |
|    total_timesteps | 192274   |
| train/             |          |
|    actor_loss      | -2.09    |
|    critic_loss     | 0.00108  |
|    ent_coef        | 0.00147  |
|    ent_coef_loss   | 4.7      |
|    learning_rate   | 0.0001   |
|    n_updates       | 111035   |
---------------------------------
---------------------------------
| rollout/           |          |
|    success_rate    | 0        |
| time/              |          |
|    episodes        | 388      |
|    fps             | 27       |
|    time_elapsed    | 6067     |
|    total_timesteps | 194274   |
| train/             |          |
|    actor_loss      | -1.98    |
|    critic_loss     | 0.0108   |
|    ent_coef        | 0.00151  |
|    ent_coef_loss   | 1.89     |
|    learning_rate   | 0.0001   |
|    n_updates       | 112035   |
---------------------------------
---------------------------------
| rollout/           |          |
|    success_rate    | 0        |
| time/              |          |
|    episodes        | 392      |
|    fps             | 27       |
|    time_elapsed    | 6150     |
|    total_timesteps | 196274   |
| train/             |          |
|    actor_loss      | -1.9     |
|    critic_loss     | 0.00171  |
|    ent_coef        | 0.00151  |
|    ent_coef_loss   | 0.773    |
|    learning_rate   | 0.0001   |
|    n_updates       | 113035   |
---------------------------------
---------------------------------
| rollout/           |          |
|    success_rate    | 0        |
| time/              |          |
|    episodes        | 396      |
|    fps             | 27       |
|    time_elapsed    | 6213     |
|    total_timesteps | 198274   |
| train/             |          |
|    actor_loss      | -1.74    |
|    critic_loss     | 0.000845 |
|    ent_coef        | 0.00153  |
|    ent_coef_loss   | -4.32    |
|    learning_rate   | 0.0001   |
|    n_updates       | 114035   |
---------------------------------
---------------------------------
| rollout/           |          |
|    success_rate    | 0        |
| time/              |          |
|    episodes        | 400      |
|    fps             | 27       |
|    time_elapsed    | 6299     |
|    total_timesteps | 200274   |
| train/             |          |
|    actor_loss      | -1.66    |
|    critic_loss     | 0.00195  |
|    ent_coef        | 0.00154  |
|    ent_coef_loss   | -0.626   |
|    learning_rate   | 0.0001   |
|    n_updates       | 115035   |
---------------------------------
---------------------------------
| rollout/           |          |
|    success_rate    | 0        |
| time/              |          |
|    episodes        | 404      |
|    fps             | 27       |
|    time_elapsed    | 6358     |
|    total_timesteps | 202274   |
| train/             |          |
|    actor_loss      | -1.73    |
|    critic_loss     | 0.00186  |
|    ent_coef        | 0.00159  |
|    ent_coef_loss   | 3.18     |
|    learning_rate   | 0.0001   |
|    n_updates       | 116035   |
---------------------------------
---------------------------------
| rollout/           |          |
|    success_rate    | 0        |
| time/              |          |
|    episodes        | 408      |
|    fps             | 27       |
|    time_elapsed    | 6446     |
|    total_timesteps | 204274   |
| train/             |          |
|    actor_loss      | -1.48    |
|    critic_loss     | 0.00136  |
|    ent_coef        | 0.00154  |
|    ent_coef_loss   | -1.95    |
|    learning_rate   | 0.0001   |
|    n_updates       | 117035   |
---------------------------------
---------------------------------
| rollout/           |          |
|    success_rate    | 0        |
| time/              |          |
|    episodes        | 412      |
|    fps             | 27       |
|    time_elapsed    | 6508     |
|    total_timesteps | 206274   |
| train/             |          |
|    actor_loss      | -1.46    |
|    critic_loss     | 0.000963 |
|    ent_coef        | 0.00158  |
|    ent_coef_loss   | -2.16    |
|    learning_rate   | 0.0001   |
|    n_updates       | 118035   |
---------------------------------
---------------------------------
| rollout/           |          |
|    success_rate    | 0        |
| time/              |          |
|    episodes        | 416      |
|    fps             | 27       |
|    time_elapsed    | 6589     |
|    total_timesteps | 208274   |
| train/             |          |
|    actor_loss      | -1.47    |
|    critic_loss     | 0.00104  |
|    ent_coef        | 0.00162  |
|    ent_coef_loss   | -0.336   |
|    learning_rate   | 0.0001   |
|    n_updates       | 119035   |
---------------------------------
---------------------------------
| rollout/           |          |
|    success_rate    | 0        |
| time/              |          |
|    episodes        | 420      |
|    fps             | 27       |
|    time_elapsed    | 6658     |
|    total_timesteps | 210274   |
| train/             |          |
|    actor_loss      | -1.38    |
|    critic_loss     | 0.00237  |
|    ent_coef        | 0.00163  |
|    ent_coef_loss   | -1.52    |
|    learning_rate   | 0.0001   |
|    n_updates       | 120035   |
---------------------------------
---------------------------------
| rollout/           |          |
|    success_rate    | 0        |
| time/              |          |
|    episodes        | 424      |
|    fps             | 27       |
|    time_elapsed    | 6734     |
|    total_timesteps | 212274   |
| train/             |          |
|    actor_loss      | -1.38    |
|    critic_loss     | 0.00168  |
|    ent_coef        | 0.00168  |
|    ent_coef_loss   | -1.2     |
|    learning_rate   | 0.0001   |
|    n_updates       | 121035   |
---------------------------------
---------------------------------
| rollout/           |          |
|    success_rate    | 0        |
| time/              |          |
|    episodes        | 428      |
|    fps             | 27       |
|    time_elapsed    | 6808     |
|    total_timesteps | 214274   |
| train/             |          |
|    actor_loss      | -1.39    |
|    critic_loss     | 0.00117  |
|    ent_coef        | 0.0016   |
|    ent_coef_loss   | -4.3     |
|    learning_rate   | 0.0001   |
|    n_updates       | 122035   |
---------------------------------
---------------------------------
| rollout/           |          |
|    success_rate    | 0        |
| time/              |          |
|    episodes        | 432      |
|    fps             | 27       |
|    time_elapsed    | 6881     |
|    total_timesteps | 216274   |
| train/             |          |
|    actor_loss      | -1.39    |
|    critic_loss     | 0.000953 |
|    ent_coef        | 0.00159  |
|    ent_coef_loss   | -0.0269  |
|    learning_rate   | 0.0001   |
|    n_updates       | 123035   |
---------------------------------
---------------------------------
| rollout/           |          |
|    success_rate    | 0        |
| time/              |          |
|    episodes        | 436      |
|    fps             | 27       |
|    time_elapsed    | 6959     |
|    total_timesteps | 218274   |
| train/             |          |
|    actor_loss      | -1.25    |
|    critic_loss     | 0.00175  |
|    ent_coef        | 0.00155  |
|    ent_coef_loss   | 3.91     |
|    learning_rate   | 0.0001   |
|    n_updates       | 124035   |
---------------------------------
---------------------------------
| rollout/           |          |
|    success_rate    | 0        |
| time/              |          |
|    episodes        | 440      |
|    fps             | 27       |
|    time_elapsed    | 7028     |
|    total_timesteps | 220274   |
| train/             |          |
|    actor_loss      | -1.23    |
|    critic_loss     | 0.00278  |
|    ent_coef        | 0.00155  |
|    ent_coef_loss   | -2.2     |
|    learning_rate   | 0.0001   |
|    n_updates       | 125035   |
---------------------------------
---------------------------------
| rollout/           |          |
|    success_rate    | 0        |
| time/              |          |
|    episodes        | 444      |
|    fps             | 27       |
|    time_elapsed    | 7110     |
|    total_timesteps | 222274   |
| train/             |          |
|    actor_loss      | -1.1     |
|    critic_loss     | 0.00227  |
|    ent_coef        | 0.00156  |
|    ent_coef_loss   | -1.92    |
|    learning_rate   | 0.0001   |
|    n_updates       | 126035   |
---------------------------------
---------------------------------
| rollout/           |          |
|    success_rate    | 0        |
| time/              |          |
|    episodes        | 448      |
|    fps             | 27       |
|    time_elapsed    | 7175     |
|    total_timesteps | 224274   |
| train/             |          |
|    actor_loss      | -1.04    |
|    critic_loss     | 0.000755 |
|    ent_coef        | 0.00156  |
|    ent_coef_loss   | -0.253   |
|    learning_rate   | 0.0001   |
|    n_updates       | 127035   |
---------------------------------
---------------------------------
| rollout/           |          |
|    success_rate    | 0        |
| time/              |          |
|    episodes        | 452      |
|    fps             | 27       |
|    time_elapsed    | 7258     |
|    total_timesteps | 226274   |
| train/             |          |
|    actor_loss      | -1.18    |
|    critic_loss     | 0.00267  |
|    ent_coef        | 0.00154  |
|    ent_coef_loss   | -0.549   |
|    learning_rate   | 0.0001   |
|    n_updates       | 128035   |
---------------------------------
---------------------------------
| rollout/           |          |
|    success_rate    | 0        |
| time/              |          |
|    episodes        | 456      |
|    fps             | 27       |
|    time_elapsed    | 7317     |
|    total_timesteps | 228274   |
| train/             |          |
|    actor_loss      | -1       |
|    critic_loss     | 0.00141  |
|    ent_coef        | 0.00153  |
|    ent_coef_loss   | 1.06     |
|    learning_rate   | 0.0001   |
|    n_updates       | 129035   |
---------------------------------
---------------------------------
| rollout/           |          |
|    success_rate    | 0        |
| time/              |          |
|    episodes        | 460      |
|    fps             | 27       |
|    time_elapsed    | 7406     |
|    total_timesteps | 230274   |
| train/             |          |
|    actor_loss      | -1.05    |
|    critic_loss     | 0.00899  |
|    ent_coef        | 0.00152  |
|    ent_coef_loss   | 1.95     |
|    learning_rate   | 0.0001   |
|    n_updates       | 130035   |
---------------------------------
---------------------------------
| rollout/           |          |
|    success_rate    | 0        |
| time/              |          |
|    episodes        | 464      |
|    fps             | 27       |
|    time_elapsed    | 7468     |
|    total_timesteps | 232274   |
| train/             |          |
|    actor_loss      | -1.09    |
|    critic_loss     | 0.00435  |
|    ent_coef        | 0.00166  |
|    ent_coef_loss   | 1.69     |
|    learning_rate   | 0.0001   |
|    n_updates       | 131035   |
---------------------------------
---------------------------------
| rollout/           |          |
|    success_rate    | 0        |
| time/              |          |
|    episodes        | 468      |
|    fps             | 27       |
|    time_elapsed    | 7552     |
|    total_timesteps | 234274   |
| train/             |          |
|    actor_loss      | -0.745   |
|    critic_loss     | 0.0033   |
|    ent_coef        | 0.00173  |
|    ent_coef_loss   | 2.19     |
|    learning_rate   | 0.0001   |
|    n_updates       | 132035   |
---------------------------------
---------------------------------
| rollout/           |          |
|    success_rate    | 0        |
| time/              |          |
|    episodes        | 472      |
|    fps             | 27       |
|    time_elapsed    | 7618     |
|    total_timesteps | 236274   |
| train/             |          |
|    actor_loss      | -0.927   |
|    critic_loss     | 0.00125  |
|    ent_coef        | 0.00169  |
|    ent_coef_loss   | -0.746   |
|    learning_rate   | 0.0001   |
|    n_updates       | 133035   |
---------------------------------
---------------------------------
| rollout/           |          |
|    success_rate    | 0        |
| time/              |          |
|    episodes        | 476      |
|    fps             | 27       |
|    time_elapsed    | 7698     |
|    total_timesteps | 238274   |
| train/             |          |
|    actor_loss      | -0.951   |
|    critic_loss     | 0.00157  |
|    ent_coef        | 0.00168  |
|    ent_coef_loss   | -2.3     |
|    learning_rate   | 0.0001   |
|    n_updates       | 134035   |
---------------------------------
---------------------------------
| rollout/           |          |
|    success_rate    | 0        |
| time/              |          |
|    episodes        | 480      |
|    fps             | 27       |
|    time_elapsed    | 7767     |
|    total_timesteps | 240274   |
| train/             |          |
|    actor_loss      | -0.814   |
|    critic_loss     | 0.00107  |
|    ent_coef        | 0.00159  |
|    ent_coef_loss   | -1.92    |
|    learning_rate   | 0.0001   |
|    n_updates       | 135035   |
---------------------------------
---------------------------------
| rollout/           |          |
|    success_rate    | 0        |
| time/              |          |
|    episodes        | 484      |
|    fps             | 27       |
|    time_elapsed    | 7843     |
|    total_timesteps | 242274   |
| train/             |          |
|    actor_loss      | -0.853   |
|    critic_loss     | 0.014    |
|    ent_coef        | 0.00162  |
|    ent_coef_loss   | 2.05     |
|    learning_rate   | 0.0001   |
|    n_updates       | 136035   |
---------------------------------
---------------------------------
| rollout/           |          |
|    success_rate    | 0        |
| time/              |          |
|    episodes        | 488      |
|    fps             | 27       |
|    time_elapsed    | 7918     |
|    total_timesteps | 244274   |
| train/             |          |
|    actor_loss      | -0.768   |
|    critic_loss     | 0.00173  |
|    ent_coef        | 0.00164  |
|    ent_coef_loss   | 0.834    |
|    learning_rate   | 0.0001   |
|    n_updates       | 137035   |
---------------------------------
---------------------------------
| rollout/           |          |
|    success_rate    | 0        |
| time/              |          |
|    episodes        | 492      |
|    fps             | 27       |
|    time_elapsed    | 7991     |
|    total_timesteps | 246274   |
| train/             |          |
|    actor_loss      | -0.837   |
|    critic_loss     | 0.00465  |
|    ent_coef        | 0.00183  |
|    ent_coef_loss   | 3.64     |
|    learning_rate   | 0.0001   |
|    n_updates       | 138035   |
---------------------------------
---------------------------------
| rollout/           |          |
|    success_rate    | 0        |
| time/              |          |
|    episodes        | 496      |
|    fps             | 27       |
|    time_elapsed    | 8069     |
|    total_timesteps | 248274   |
| train/             |          |
|    actor_loss      | -1.06    |
|    critic_loss     | 0.00434  |
|    ent_coef        | 0.00194  |
|    ent_coef_loss   | 2.81     |
|    learning_rate   | 0.0001   |
|    n_updates       | 139035   |
---------------------------------
---------------------------------
| rollout/           |          |
|    success_rate    | 0        |
| time/              |          |
|    episodes        | 500      |
|    fps             | 27       |
|    time_elapsed    | 8137     |
|    total_timesteps | 250274   |
| train/             |          |
|    actor_loss      | -0.888   |
|    critic_loss     | 0.00345  |
|    ent_coef        | 0.00199  |
|    ent_coef_loss   | -0.21    |
|    learning_rate   | 0.0001   |
|    n_updates       | 140035   |
---------------------------------
---------------------------------
| rollout/           |          |
|    success_rate    | 0        |
| time/              |          |
|    episodes        | 504      |
|    fps             | 27       |
|    time_elapsed    | 8220     |
|    total_timesteps | 252274   |
| train/             |          |
|    actor_loss      | -1.17    |
|    critic_loss     | 0.00395  |
|    ent_coef        | 0.00207  |
|    ent_coef_loss   | -1.88    |
|    learning_rate   | 0.0001   |
|    n_updates       | 141035   |
---------------------------------
---------------------------------
| rollout/           |          |
|    success_rate    | 0        |
| time/              |          |
|    episodes        | 508      |
|    fps             | 27       |
|    time_elapsed    | 8282     |
|    total_timesteps | 254274   |
| train/             |          |
|    actor_loss      | -1.05    |
|    critic_loss     | 0.00363  |
|    ent_coef        | 0.00215  |
|    ent_coef_loss   | 0.0202   |
|    learning_rate   | 0.0001   |
|    n_updates       | 142035   |
---------------------------------
---------------------------------
| rollout/           |          |
|    success_rate    | 0        |
| time/              |          |
|    episodes        | 512      |
|    fps             | 27       |
|    time_elapsed    | 8369     |
|    total_timesteps | 256274   |
| train/             |          |
|    actor_loss      | -1.62    |
|    critic_loss     | 0.0052   |
|    ent_coef        | 0.00213  |
|    ent_coef_loss   | 0.163    |
|    learning_rate   | 0.0001   |
|    n_updates       | 143035   |
---------------------------------
---------------------------------
| rollout/           |          |
|    success_rate    | 0        |
| time/              |          |
|    episodes        | 516      |
|    fps             | 27       |
|    time_elapsed    | 8429     |
|    total_timesteps | 258274   |
| train/             |          |
|    actor_loss      | -1.58    |
|    critic_loss     | 0.00504  |
|    ent_coef        | 0.00208  |
|    ent_coef_loss   | -1.13    |
|    learning_rate   | 0.0001   |
|    n_updates       | 144035   |
---------------------------------
---------------------------------
| rollout/           |          |
|    success_rate    | 0        |
| time/              |          |
|    episodes        | 520      |
|    fps             | 27       |
|    time_elapsed    | 8512     |
|    total_timesteps | 260274   |
| train/             |          |
|    actor_loss      | -1.43    |
|    critic_loss     | 0.00425  |
|    ent_coef        | 0.00218  |
|    ent_coef_loss   | 4.98     |
|    learning_rate   | 0.0001   |
|    n_updates       | 145035   |
---------------------------------
---------------------------------
| rollout/           |          |
|    success_rate    | 0        |
| time/              |          |
|    episodes        | 524      |
|    fps             | 27       |
|    time_elapsed    | 8577     |
|    total_timesteps | 262274   |
| train/             |          |
|    actor_loss      | -1.36    |
|    critic_loss     | 0.00617  |
|    ent_coef        | 0.00225  |
|    ent_coef_loss   | -1.54    |
|    learning_rate   | 0.0001   |
|    n_updates       | 146035   |
---------------------------------
---------------------------------
| rollout/           |          |
|    success_rate    | 0        |
| time/              |          |
|    episodes        | 528      |
|    fps             | 27       |
|    time_elapsed    | 8657     |
|    total_timesteps | 264274   |
| train/             |          |
|    actor_loss      | -1.51    |
|    critic_loss     | 0.00895  |
|    ent_coef        | 0.00232  |
|    ent_coef_loss   | 3.95     |
|    learning_rate   | 0.0001   |
|    n_updates       | 147035   |
---------------------------------
---------------------------------
| rollout/           |          |
|    success_rate    | 0        |
| time/              |          |
|    episodes        | 532      |
|    fps             | 27       |
|    time_elapsed    | 8728     |
|    total_timesteps | 266274   |
| train/             |          |
|    actor_loss      | -1.82    |
|    critic_loss     | 0.00534  |
|    ent_coef        | 0.00239  |
|    ent_coef_loss   | 9.34     |
|    learning_rate   | 0.0001   |
|    n_updates       | 148035   |
---------------------------------
---------------------------------
| rollout/           |          |
|    success_rate    | 0        |
| time/              |          |
|    episodes        | 536      |
|    fps             | 27       |
|    time_elapsed    | 8805     |
|    total_timesteps | 268274   |
| train/             |          |
|    actor_loss      | -1.5     |
|    critic_loss     | 0.0126   |
|    ent_coef        | 0.00234  |
|    ent_coef_loss   | -3.84    |
|    learning_rate   | 0.0001   |
|    n_updates       | 149035   |
---------------------------------
---------------------------------
| rollout/           |          |
|    success_rate    | 0        |
| time/              |          |
|    episodes        | 540      |
|    fps             | 27       |
|    time_elapsed    | 8879     |
|    total_timesteps | 270274   |
| train/             |          |
|    actor_loss      | -1.75    |
|    critic_loss     | 0.00351  |
|    ent_coef        | 0.00225  |
|    ent_coef_loss   | 1.44     |
|    learning_rate   | 0.0001   |
|    n_updates       | 150035   |
---------------------------------
---------------------------------
| rollout/           |          |
|    success_rate    | 0        |
| time/              |          |
|    episodes        | 544      |
|    fps             | 27       |
|    time_elapsed    | 8956     |
|    total_timesteps | 272274   |
| train/             |          |
|    actor_loss      | -1.79    |
|    critic_loss     | 0.00266  |
|    ent_coef        | 0.00236  |
|    ent_coef_loss   | 2.26     |
|    learning_rate   | 0.0001   |
|    n_updates       | 151035   |
---------------------------------
---------------------------------
| rollout/           |          |
|    success_rate    | 0        |
| time/              |          |
|    episodes        | 548      |
|    fps             | 27       |
|    time_elapsed    | 9031     |
|    total_timesteps | 274272   |
| train/             |          |
|    actor_loss      | -1.69    |
|    critic_loss     | 0.00407  |
|    ent_coef        | 0.00253  |
|    ent_coef_loss   | 5.53     |
|    learning_rate   | 0.0001   |
|    n_updates       | 152034   |
---------------------------------
---------------------------------
| rollout/           |          |
|    success_rate    | 0        |
| time/              |          |
|    episodes        | 552      |
|    fps             | 27       |
|    time_elapsed    | 9103     |
|    total_timesteps | 276272   |
| train/             |          |
|    actor_loss      | -1.99    |
|    critic_loss     | 0.00347  |
|    ent_coef        | 0.00274  |
|    ent_coef_loss   | 1.87     |
|    learning_rate   | 0.0001   |
|    n_updates       | 153034   |
---------------------------------
---------------------------------
| rollout/           |          |
|    success_rate    | 0        |
| time/              |          |
|    episodes        | 556      |
|    fps             | 27       |
|    time_elapsed    | 9183     |
|    total_timesteps | 278272   |
| train/             |          |
|    actor_loss      | -2.2     |
|    critic_loss     | 0.00726  |
|    ent_coef        | 0.00292  |
|    ent_coef_loss   | 4.13     |
|    learning_rate   | 0.0001   |
|    n_updates       | 154034   |
---------------------------------
---------------------------------
| rollout/           |          |
|    success_rate    | 0        |
| time/              |          |
|    episodes        | 560      |
|    fps             | 27       |
|    time_elapsed    | 9255     |
|    total_timesteps | 280272   |
| train/             |          |
|    actor_loss      | -2.23    |
|    critic_loss     | 0.00371  |
|    ent_coef        | 0.00312  |
|    ent_coef_loss   | 2.44     |
|    learning_rate   | 0.0001   |
|    n_updates       | 155034   |
---------------------------------
---------------------------------
| rollout/           |          |
|    success_rate    | 0        |
| time/              |          |
|    episodes        | 564      |
|    fps             | 27       |
|    time_elapsed    | 9335     |
|    total_timesteps | 282272   |
| train/             |          |
|    actor_loss      | -2.06    |
|    critic_loss     | 0.00541  |
|    ent_coef        | 0.00328  |
|    ent_coef_loss   | -2.11    |
|    learning_rate   | 0.0001   |
|    n_updates       | 156034   |
---------------------------------
---------------------------------
| rollout/           |          |
|    success_rate    | 0        |
| time/              |          |
|    episodes        | 568      |
|    fps             | 27       |
|    time_elapsed    | 9403     |
|    total_timesteps | 284272   |
| train/             |          |
|    actor_loss      | -2.32    |
|    critic_loss     | 0.0034   |
|    ent_coef        | 0.00336  |
|    ent_coef_loss   | 3.22     |
|    learning_rate   | 0.0001   |
|    n_updates       | 157034   |
---------------------------------
---------------------------------
| rollout/           |          |
|    success_rate    | 0        |
| time/              |          |
|    episodes        | 572      |
|    fps             | 27       |
|    time_elapsed    | 9483     |
|    total_timesteps | 286272   |
| train/             |          |
|    actor_loss      | -2.21    |
|    critic_loss     | 0.0045   |
|    ent_coef        | 0.00339  |
|    ent_coef_loss   | 0.408    |
|    learning_rate   | 0.0001   |
|    n_updates       | 158034   |
---------------------------------
---------------------------------
| rollout/           |          |
|    success_rate    | 0        |
| time/              |          |
|    episodes        | 576      |
|    fps             | 27       |
|    time_elapsed    | 9545     |
|    total_timesteps | 288272   |
| train/             |          |
|    actor_loss      | -2.12    |
|    critic_loss     | 0.00248  |
|    ent_coef        | 0.00347  |
|    ent_coef_loss   | -1.43    |
|    learning_rate   | 0.0001   |
|    n_updates       | 159034   |
---------------------------------
---------------------------------
| rollout/           |          |
|    success_rate    | 0        |
| time/              |          |
|    episodes        | 580      |
|    fps             | 27       |
|    time_elapsed    | 9633     |
|    total_timesteps | 290272   |
| train/             |          |
|    actor_loss      | -2.29    |
|    critic_loss     | 0.00488  |
|    ent_coef        | 0.00351  |
|    ent_coef_loss   | 2.12     |
|    learning_rate   | 0.0001   |
|    n_updates       | 160034   |
---------------------------------
---------------------------------
| rollout/           |          |
|    success_rate    | 0        |
| time/              |          |
|    episodes        | 584      |
|    fps             | 27       |
|    time_elapsed    | 9692     |
|    total_timesteps | 292272   |
| train/             |          |
|    actor_loss      | -2.04    |
|    critic_loss     | 0.00571  |
|    ent_coef        | 0.00359  |
|    ent_coef_loss   | -0.562   |
|    learning_rate   | 0.0001   |
|    n_updates       | 161034   |
---------------------------------
---------------------------------
| rollout/           |          |
|    success_rate    | 0        |
| time/              |          |
|    episodes        | 588      |
|    fps             | 27       |
|    time_elapsed    | 9784     |
|    total_timesteps | 294272   |
| train/             |          |
|    actor_loss      | -2.6     |
|    critic_loss     | 0.00461  |
|    ent_coef        | 0.00377  |
|    ent_coef_loss   | 3.15     |
|    learning_rate   | 0.0001   |
|    n_updates       | 162034   |
---------------------------------
---------------------------------
| rollout/           |          |
|    success_rate    | 0        |
| time/              |          |
|    episodes        | 592      |
|    fps             | 27       |
|    time_elapsed    | 9846     |
|    total_timesteps | 296272   |
| train/             |          |
|    actor_loss      | -2.3     |
|    critic_loss     | 0.00777  |
|    ent_coef        | 0.00387  |
|    ent_coef_loss   | 1.35     |
|    learning_rate   | 0.0001   |
|    n_updates       | 163034   |
---------------------------------
---------------------------------
| rollout/           |          |
|    success_rate    | 0        |
| time/              |          |
|    episodes        | 596      |
|    fps             | 26       |
|    time_elapsed    | 9938     |
|    total_timesteps | 298272   |
| train/             |          |
|    actor_loss      | -2.76    |
|    critic_loss     | 0.00601  |
|    ent_coef        | 0.004    |
|    ent_coef_loss   | 3.62     |
|    learning_rate   | 0.0001   |
|    n_updates       | 164034   |
---------------------------------
---------------------------------
| rollout/           |          |
|    success_rate    | 0        |
| time/              |          |
|    episodes        | 600      |
|    fps             | 27       |
|    time_elapsed    | 10000    |
|    total_timesteps | 300272   |
| train/             |          |
|    actor_loss      | -2.82    |
|    critic_loss     | 0.00516  |
|    ent_coef        | 0.00399  |
|    ent_coef_loss   | 1.12     |
|    learning_rate   | 0.0001   |
|    n_updates       | 165034   |
---------------------------------
---------------------------------
| rollout/           |          |
|    success_rate    | 0.03     |
| time/              |          |
|    episodes        | 604      |
|    fps             | 27       |
|    time_elapsed    | 10041    |
|    total_timesteps | 301190   |
| train/             |          |
|    actor_loss      | -3.14    |
|    critic_loss     | 0.00608  |
|    ent_coef        | 0.004    |
|    ent_coef_loss   | -0.828   |
|    learning_rate   | 0.0001   |
|    n_updates       | 165493   |
---------------------------------
---------------------------------
| rollout/           |          |
|    success_rate    | 0.06     |
| time/              |          |
|    episodes        | 608      |
|    fps             | 26       |
|    time_elapsed    | 10080    |
|    total_timesteps | 302040   |
| train/             |          |
|    actor_loss      | -2.89    |
|    critic_loss     | 0.0054   |
|    ent_coef        | 0.004    |
|    ent_coef_loss   | 1.67     |
|    learning_rate   | 0.0001   |
|    n_updates       | 165918   |
---------------------------------
---------------------------------
| rollout/           |          |
|    success_rate    | 0.06     |
| time/              |          |
|    episodes        | 612      |
|    fps             | 26       |
|    time_elapsed    | 10149    |
|    total_timesteps | 304040   |
| train/             |          |
|    actor_loss      | -2.69    |
|    critic_loss     | 0.00661  |
|    ent_coef        | 0.00408  |
|    ent_coef_loss   | -1.29    |
|    learning_rate   | 0.0001   |
|    n_updates       | 166918   |
---------------------------------
---------------------------------
| rollout/           |          |
|    success_rate    | 0.09     |
| time/              |          |
|    episodes        | 616      |
|    fps             | 27       |
|    time_elapsed    | 10162    |
|    total_timesteps | 304450   |
| train/             |          |
|    actor_loss      | -2.98    |
|    critic_loss     | 0.00535  |
|    ent_coef        | 0.00411  |
|    ent_coef_loss   | 4.98     |
|    learning_rate   | 0.0001   |
|    n_updates       | 167123   |
---------------------------------
---------------------------------
| rollout/           |          |
|    success_rate    | 0.1      |
| time/              |          |
|    episodes        | 620      |
|    fps             | 26       |
|    time_elapsed    | 10251    |
|    total_timesteps | 306384   |
| train/             |          |
|    actor_loss      | -2.75    |
|    critic_loss     | 0.00342  |
|    ent_coef        | 0.00429  |
|    ent_coef_loss   | -2.21    |
|    learning_rate   | 0.0001   |
|    n_updates       | 168090   |
---------------------------------
---------------------------------
| rollout/           |          |
|    success_rate    | 0.1      |
| time/              |          |
|    episodes        | 624      |
|    fps             | 26       |
|    time_elapsed    | 10313    |
|    total_timesteps | 308384   |
| train/             |          |
|    actor_loss      | -2.46    |
|    critic_loss     | 0.00392  |
|    ent_coef        | 0.00424  |
|    ent_coef_loss   | -3.51    |
|    learning_rate   | 0.0001   |
|    n_updates       | 169090   |
---------------------------------
---------------------------------
| rollout/           |          |
|    success_rate    | 0.1      |
| time/              |          |
|    episodes        | 628      |
|    fps             | 26       |
|    time_elapsed    | 10404    |
|    total_timesteps | 310384   |
| train/             |          |
|    actor_loss      | -2.71    |
|    critic_loss     | 0.00433  |
|    ent_coef        | 0.00435  |
|    ent_coef_loss   | 2.31     |
|    learning_rate   | 0.0001   |
|    n_updates       | 170090   |
---------------------------------
---------------------------------
| rollout/           |          |
|    success_rate    | 0.11     |
| time/              |          |
|    episodes        | 632      |
|    fps             | 26       |
|    time_elapsed    | 10453    |
|    total_timesteps | 311896   |
| train/             |          |
|    actor_loss      | -2.65    |
|    critic_loss     | 0.00367  |
|    ent_coef        | 0.00444  |
|    ent_coef_loss   | -1.59    |
|    learning_rate   | 0.0001   |
|    n_updates       | 170846   |
---------------------------------
---------------------------------
| rollout/           |          |
|    success_rate    | 0.11     |
| time/              |          |
|    episodes        | 636      |
|    fps             | 26       |
|    time_elapsed    | 10531    |
|    total_timesteps | 313896   |
| train/             |          |
|    actor_loss      | -2.38    |
|    critic_loss     | 0.0026   |
|    ent_coef        | 0.00449  |
|    ent_coef_loss   | -4.25    |
|    learning_rate   | 0.0001   |
|    n_updates       | 171846   |
---------------------------------
---------------------------------
| rollout/           |          |
|    success_rate    | 0.11     |
| time/              |          |
|    episodes        | 640      |
|    fps             | 26       |
|    time_elapsed    | 10605    |
|    total_timesteps | 315896   |
| train/             |          |
|    actor_loss      | -2.5     |
|    critic_loss     | 0.00347  |
|    ent_coef        | 0.00451  |
|    ent_coef_loss   | 0.566    |
|    learning_rate   | 0.0001   |
|    n_updates       | 172846   |
---------------------------------
---------------------------------
| rollout/           |          |
|    success_rate    | 0.12     |
| time/              |          |
|    episodes        | 644      |
|    fps             | 26       |
|    time_elapsed    | 10658    |
|    total_timesteps | 317384   |
| train/             |          |
|    actor_loss      | -2.83    |
|    critic_loss     | 0.00238  |
|    ent_coef        | 0.00448  |
|    ent_coef_loss   | 1.04     |
|    learning_rate   | 0.0001   |
|    n_updates       | 173590   |
---------------------------------
---------------------------------
| rollout/           |          |
|    success_rate    | 0.14     |
| time/              |          |
|    episodes        | 648      |
|    fps             | 26       |
|    time_elapsed    | 10723    |
|    total_timesteps | 318788   |
| train/             |          |
|    actor_loss      | -2.29    |
|    critic_loss     | 0.00274  |
|    ent_coef        | 0.00449  |
|    ent_coef_loss   | -2.04    |
|    learning_rate   | 0.0001   |
|    n_updates       | 174292   |
---------------------------------
---------------------------------
| rollout/           |          |
|    success_rate    | 0.15     |
| time/              |          |
|    episodes        | 652      |
|    fps             | 26       |
|    time_elapsed    | 10765    |
|    total_timesteps | 320108   |
| train/             |          |
|    actor_loss      | -2.37    |
|    critic_loss     | 0.00423  |
|    ent_coef        | 0.00445  |
|    ent_coef_loss   | -0.951   |
|    learning_rate   | 0.0001   |
|    n_updates       | 174952   |
---------------------------------
---------------------------------
| rollout/           |          |
|    success_rate    | 0.19     |
| time/              |          |
|    episodes        | 656      |
|    fps             | 26       |
|    time_elapsed    | 10789    |
|    total_timesteps | 320950   |
| train/             |          |
|    actor_loss      | -2.61    |
|    critic_loss     | 0.00274  |
|    ent_coef        | 0.00444  |
|    ent_coef_loss   | 1.19     |
|    learning_rate   | 0.0001   |
|    n_updates       | 175373   |
---------------------------------
---------------------------------
| rollout/           |          |
|    success_rate    | 0.21     |
| time/              |          |
|    episodes        | 660      |
|    fps             | 26       |
|    time_elapsed    | 10837    |
|    total_timesteps | 322002   |
| train/             |          |
|    actor_loss      | -2.55    |
|    critic_loss     | 0.00389  |
|    ent_coef        | 0.0045   |
|    ent_coef_loss   | -0.522   |
|    learning_rate   | 0.0001   |
|    n_updates       | 175899   |
---------------------------------
---------------------------------
| rollout/           |          |
|    success_rate    | 0.23     |
| time/              |          |
|    episodes        | 664      |
|    fps             | 26       |
|    time_elapsed    | 10883    |
|    total_timesteps | 323002   |
| train/             |          |
|    actor_loss      | -2.43    |
|    critic_loss     | 0.00517  |
|    ent_coef        | 0.00455  |
|    ent_coef_loss   | -0.603   |
|    learning_rate   | 0.0001   |
|    n_updates       | 176399   |
---------------------------------
---------------------------------
| rollout/           |          |
|    success_rate    | 0.26     |
| time/              |          |
|    episodes        | 668      |
|    fps             | 26       |
|    time_elapsed    | 10920    |
|    total_timesteps | 324174   |
| train/             |          |
|    actor_loss      | -2.51    |
|    critic_loss     | 0.00354  |
|    ent_coef        | 0.00462  |
|    ent_coef_loss   | -0.245   |
|    learning_rate   | 0.0001   |
|    n_updates       | 176985   |
---------------------------------
---------------------------------
| rollout/           |          |
|    success_rate    | 0.29     |
| time/              |          |
|    episodes        | 672      |
|    fps             | 26       |
|    time_elapsed    | 10932    |
|    total_timesteps | 324564   |
| train/             |          |
|    actor_loss      | -2.56    |
|    critic_loss     | 0.00457  |
|    ent_coef        | 0.00463  |
|    ent_coef_loss   | 0.209    |
|    learning_rate   | 0.0001   |
|    n_updates       | 177180   |
---------------------------------
---------------------------------
| rollout/           |          |
|    success_rate    | 0.31     |
| time/              |          |
|    episodes        | 676      |
|    fps             | 26       |
|    time_elapsed    | 10979    |
|    total_timesteps | 325782   |
| train/             |          |
|    actor_loss      | -2.73    |
|    critic_loss     | 0.00297  |
|    ent_coef        | 0.00465  |
|    ent_coef_loss   | 0.925    |
|    learning_rate   | 0.0001   |
|    n_updates       | 177789   |
---------------------------------
---------------------------------
| rollout/           |          |
|    success_rate    | 0.35     |
| time/              |          |
|    episodes        | 680      |
|    fps             | 26       |
|    time_elapsed    | 10997    |
|    total_timesteps | 326186   |
| train/             |          |
|    actor_loss      | -2.61    |
|    critic_loss     | 0.00598  |
|    ent_coef        | 0.00465  |
|    ent_coef_loss   | -3.2     |
|    learning_rate   | 0.0001   |
|    n_updates       | 177991   |
---------------------------------
---------------------------------
| rollout/           |          |
|    success_rate    | 0.37     |
| time/              |          |
|    episodes        | 684      |
|    fps             | 26       |
|    time_elapsed    | 11055    |
|    total_timesteps | 327390   |
| train/             |          |
|    actor_loss      | -2.61    |
|    critic_loss     | 0.00476  |
|    ent_coef        | 0.00477  |
|    ent_coef_loss   | 0.266    |
|    learning_rate   | 0.0001   |
|    n_updates       | 178593   |
---------------------------------
---------------------------------
| rollout/           |          |
|    success_rate    | 0.38     |
| time/              |          |
|    episodes        | 688      |
|    fps             | 26       |
|    time_elapsed    | 11148    |
|    total_timesteps | 329376   |
| train/             |          |
|    actor_loss      | -2.49    |
|    critic_loss     | 0.00461  |
|    ent_coef        | 0.00477  |
|    ent_coef_loss   | -3.09    |
|    learning_rate   | 0.0001   |
|    n_updates       | 179586   |
---------------------------------
---------------------------------
| rollout/           |          |
|    success_rate    | 0.4      |
| time/              |          |
|    episodes        | 692      |
|    fps             | 26       |
|    time_elapsed    | 11206    |
|    total_timesteps | 330578   |
| train/             |          |
|    actor_loss      | -2.56    |
|    critic_loss     | 0.00587  |
|    ent_coef        | 0.00474  |
|    ent_coef_loss   | 0.706    |
|    learning_rate   | 0.0001   |
|    n_updates       | 180187   |
---------------------------------
---------------------------------
| rollout/           |          |
|    success_rate    | 0.42     |
| time/              |          |
|    episodes        | 696      |
|    fps             | 26       |
|    time_elapsed    | 11264    |
|    total_timesteps | 331794   |
| train/             |          |
|    actor_loss      | -2.71    |
|    critic_loss     | 0.00393  |
|    ent_coef        | 0.00472  |
|    ent_coef_loss   | 0.839    |
|    learning_rate   | 0.0001   |
|    n_updates       | 180795   |
---------------------------------
---------------------------------
| rollout/           |          |
|    success_rate    | 0.42     |
| time/              |          |
|    episodes        | 700      |
|    fps             | 26       |
|    time_elapsed    | 11360    |
|    total_timesteps | 333794   |
| train/             |          |
|    actor_loss      | -2.74    |
|    critic_loss     | 0.00476  |
|    ent_coef        | 0.00472  |
|    ent_coef_loss   | -0.689   |
|    learning_rate   | 0.0001   |
|    n_updates       | 181795   |
---------------------------------
---------------------------------
| rollout/           |          |
|    success_rate    | 0.39     |
| time/              |          |
|    episodes        | 704      |
|    fps             | 26       |
|    time_elapsed    | 11432    |
|    total_timesteps | 335794   |
| train/             |          |
|    actor_loss      | -2.94    |
|    critic_loss     | 0.00299  |
|    ent_coef        | 0.00469  |
|    ent_coef_loss   | 1.8      |
|    learning_rate   | 0.0001   |
|    n_updates       | 182795   |
---------------------------------
---------------------------------
| rollout/           |          |
|    success_rate    | 0.37     |
| time/              |          |
|    episodes        | 708      |
|    fps             | 26       |
|    time_elapsed    | 11490    |
|    total_timesteps | 336990   |
| train/             |          |
|    actor_loss      | -2.59    |
|    critic_loss     | 0.00474  |
|    ent_coef        | 0.00465  |
|    ent_coef_loss   | -0.471   |
|    learning_rate   | 0.0001   |
|    n_updates       | 183393   |
---------------------------------
---------------------------------
| rollout/           |          |
|    success_rate    | 0.37     |
| time/              |          |
|    episodes        | 712      |
|    fps             | 26       |
|    time_elapsed    | 11586    |
|    total_timesteps | 338990   |
| train/             |          |
|    actor_loss      | -2.58    |
|    critic_loss     | 0.00388  |
|    ent_coef        | 0.00466  |
|    ent_coef_loss   | 3.7      |
|    learning_rate   | 0.0001   |
|    n_updates       | 184393   |
---------------------------------
---------------------------------
| rollout/           |          |
|    success_rate    | 0.36     |
| time/              |          |
|    episodes        | 716      |
|    fps             | 26       |
|    time_elapsed    | 11653    |
|    total_timesteps | 340386   |
| train/             |          |
|    actor_loss      | -3.07    |
|    critic_loss     | 0.00359  |
|    ent_coef        | 0.00463  |
|    ent_coef_loss   | 2.38     |
|    learning_rate   | 0.0001   |
|    n_updates       | 185091   |
---------------------------------
---------------------------------
| rollout/           |          |
|    success_rate    | 0.38     |
| time/              |          |
|    episodes        | 720      |
|    fps             | 26       |
|    time_elapsed    | 11678    |
|    total_timesteps | 341006   |
| train/             |          |
|    actor_loss      | -2.93    |
|    critic_loss     | 0.0049   |
|    ent_coef        | 0.00466  |
|    ent_coef_loss   | 3.18     |
|    learning_rate   | 0.0001   |
|    n_updates       | 185401   |
---------------------------------
---------------------------------
| rollout/           |          |
|    success_rate    | 0.4      |
| time/              |          |
|    episodes        | 724      |
|    fps             | 26       |
|    time_elapsed    | 11718    |
|    total_timesteps | 342378   |
| train/             |          |
|    actor_loss      | -2.98    |
|    critic_loss     | 0.00457  |
|    ent_coef        | 0.00471  |
|    ent_coef_loss   | 0.451    |
|    learning_rate   | 0.0001   |
|    n_updates       | 186087   |
---------------------------------
---------------------------------
| rollout/           |          |
|    success_rate    | 0.43     |
| time/              |          |
|    episodes        | 728      |
|    fps             | 26       |
|    time_elapsed    | 11763    |
|    total_timesteps | 343358   |
| train/             |          |
|    actor_loss      | -2.65    |
|    critic_loss     | 0.00341  |
|    ent_coef        | 0.00469  |
|    ent_coef_loss   | 2.51     |
|    learning_rate   | 0.0001   |
|    n_updates       | 186577   |
---------------------------------
---------------------------------
| rollout/           |          |
|    success_rate    | 0.45     |
| time/              |          |
|    episodes        | 732      |
|    fps             | 26       |
|    time_elapsed    | 11781    |
|    total_timesteps | 343730   |
| train/             |          |
|    actor_loss      | -2.82    |
|    critic_loss     | 0.00294  |
|    ent_coef        | 0.00471  |
|    ent_coef_loss   | -1.79    |
|    learning_rate   | 0.0001   |
|    n_updates       | 186763   |
---------------------------------
---------------------------------
| rollout/           |          |
|    success_rate    | 0.46     |
| time/              |          |
|    episodes        | 736      |
|    fps             | 26       |
|    time_elapsed    | 11869    |
|    total_timesteps | 345556   |
| train/             |          |
|    actor_loss      | -2.95    |
|    critic_loss     | 0.00573  |
|    ent_coef        | 0.0047   |
|    ent_coef_loss   | -0.0126  |
|    learning_rate   | 0.0001   |
|    n_updates       | 187676   |
---------------------------------
---------------------------------
| rollout/           |          |
|    success_rate    | 0.48     |
| time/              |          |
|    episodes        | 740      |
|    fps             | 26       |
|    time_elapsed    | 11926    |
|    total_timesteps | 346770   |
| train/             |          |
|    actor_loss      | -2.48    |
|    critic_loss     | 0.00539  |
|    ent_coef        | 0.00463  |
|    ent_coef_loss   | -0.867   |
|    learning_rate   | 0.0001   |
|    n_updates       | 188283   |
---------------------------------
---------------------------------
| rollout/           |          |
|    success_rate    | 0.5      |
| time/              |          |
|    episodes        | 744      |
|    fps             | 26       |
|    time_elapsed    | 11964    |
|    total_timesteps | 347562   |
| train/             |          |
|    actor_loss      | -2.73    |
|    critic_loss     | 0.00288  |
|    ent_coef        | 0.00459  |
|    ent_coef_loss   | -0.0156  |
|    learning_rate   | 0.0001   |
|    n_updates       | 188679   |
---------------------------------
---------------------------------
| rollout/           |          |
|    success_rate    | 0.5      |
| time/              |          |
|    episodes        | 748      |
|    fps             | 26       |
|    time_elapsed    | 12001    |
|    total_timesteps | 348764   |
| train/             |          |
|    actor_loss      | -3.48    |
|    critic_loss     | 0.00541  |
|    ent_coef        | 0.00457  |
|    ent_coef_loss   | -1.14    |
|    learning_rate   | 0.0001   |
|    n_updates       | 189280   |
---------------------------------
---------------------------------
| rollout/           |          |
|    success_rate    | 0.51     |
| time/              |          |
|    episodes        | 752      |
|    fps             | 26       |
|    time_elapsed    | 12055    |
|    total_timesteps | 350166   |
| train/             |          |
|    actor_loss      | -3.01    |
|    critic_loss     | 0.00408  |
|    ent_coef        | 0.00455  |
|    ent_coef_loss   | -0.376   |
|    learning_rate   | 0.0001   |
|    n_updates       | 189981   |
---------------------------------
---------------------------------
| rollout/           |          |
|    success_rate    | 0.5      |
| time/              |          |
|    episodes        | 756      |
|    fps             | 26       |
|    time_elapsed    | 12075    |
|    total_timesteps | 350568   |
| train/             |          |
|    actor_loss      | -2.27    |
|    critic_loss     | 0.00429  |
|    ent_coef        | 0.00454  |
|    ent_coef_loss   | -2.49    |
|    learning_rate   | 0.0001   |
|    n_updates       | 190182   |
---------------------------------
---------------------------------
| rollout/           |          |
|    success_rate    | 0.52     |
| time/              |          |
|    episodes        | 760      |
|    fps             | 26       |
|    time_elapsed    | 12094    |
|    total_timesteps | 350966   |
| train/             |          |
|    actor_loss      | -3.02    |
|    critic_loss     | 0.00341  |
|    ent_coef        | 0.00452  |
|    ent_coef_loss   | 1.7      |
|    learning_rate   | 0.0001   |
|    n_updates       | 190381   |
---------------------------------
---------------------------------
| rollout/           |          |
|    success_rate    | 0.54     |
| time/              |          |
|    episodes        | 764      |
|    fps             | 26       |
|    time_elapsed    | 12123    |
|    total_timesteps | 351570   |
| train/             |          |
|    actor_loss      | -3.07    |
|    critic_loss     | 0.00411  |
|    ent_coef        | 0.00449  |
|    ent_coef_loss   | -2.87    |
|    learning_rate   | 0.0001   |
|    n_updates       | 190683   |
---------------------------------
---------------------------------
| rollout/           |          |
|    success_rate    | 0.53     |
| time/              |          |
|    episodes        | 768      |
|    fps             | 26       |
|    time_elapsed    | 12189    |
|    total_timesteps | 352964   |
| train/             |          |
|    actor_loss      | -2.68    |
|    critic_loss     | 0.00537  |
|    ent_coef        | 0.00434  |
|    ent_coef_loss   | -2.9     |
|    learning_rate   | 0.0001   |
|    n_updates       | 191380   |
---------------------------------
---------------------------------
| rollout/           |          |
|    success_rate    | 0.51     |
| time/              |          |
|    episodes        | 772      |
|    fps             | 26       |
|    time_elapsed    | 12247    |
|    total_timesteps | 354160   |
| train/             |          |
|    actor_loss      | -3.03    |
|    critic_loss     | 0.00798  |
|    ent_coef        | 0.00431  |
|    ent_coef_loss   | -2.55    |
|    learning_rate   | 0.0001   |
|    n_updates       | 191978   |
---------------------------------
---------------------------------
| rollout/           |          |
|    success_rate    | 0.51     |
| time/              |          |
|    episodes        | 776      |
|    fps             | 26       |
|    time_elapsed    | 12268    |
|    total_timesteps | 354594   |
| train/             |          |
|    actor_loss      | -2.61    |
|    critic_loss     | 0.00447  |
|    ent_coef        | 0.00431  |
|    ent_coef_loss   | -0.135   |
|    learning_rate   | 0.0001   |
|    n_updates       | 192195   |
---------------------------------
---------------------------------
| rollout/           |          |
|    success_rate    | 0.51     |
| time/              |          |
|    episodes        | 780      |
|    fps             | 26       |
|    time_elapsed    | 12306    |
|    total_timesteps | 355376   |
| train/             |          |
|    actor_loss      | -2.86    |
|    critic_loss     | 0.0077   |
|    ent_coef        | 0.00432  |
|    ent_coef_loss   | 0.0789   |
|    learning_rate   | 0.0001   |
|    n_updates       | 192586   |
---------------------------------
---------------------------------
| rollout/           |          |
|    success_rate    | 0.52     |
| time/              |          |
|    episodes        | 784      |
|    fps             | 26       |
|    time_elapsed    | 12324    |
|    total_timesteps | 355776   |
| train/             |          |
|    actor_loss      | -2.95    |
|    critic_loss     | 0.00823  |
|    ent_coef        | 0.00432  |
|    ent_coef_loss   | 1.63     |
|    learning_rate   | 0.0001   |
|    n_updates       | 192786   |
---------------------------------
---------------------------------
| rollout/           |          |
|    success_rate    | 0.55     |
| time/              |          |
|    episodes        | 788      |
|    fps             | 26       |
|    time_elapsed    | 12352    |
|    total_timesteps | 356354   |
| train/             |          |
|    actor_loss      | -2.85    |
|    critic_loss     | 0.00729  |
|    ent_coef        | 0.00437  |
|    ent_coef_loss   | 1.53     |
|    learning_rate   | 0.0001   |
|    n_updates       | 193075   |
---------------------------------
---------------------------------
| rollout/           |          |
|    success_rate    | 0.56     |
| time/              |          |
|    episodes        | 792      |
|    fps             | 26       |
|    time_elapsed    | 12382    |
|    total_timesteps | 356974   |
| train/             |          |
|    actor_loss      | -2.98    |
|    critic_loss     | 0.00499  |
|    ent_coef        | 0.00444  |
|    ent_coef_loss   | 1.28     |
|    learning_rate   | 0.0001   |
|    n_updates       | 193385   |
---------------------------------
---------------------------------
| rollout/           |          |
|    success_rate    | 0.57     |
| time/              |          |
|    episodes        | 796      |
|    fps             | 26       |
|    time_elapsed    | 12410    |
|    total_timesteps | 357742   |
| train/             |          |
|    actor_loss      | -2.71    |
|    critic_loss     | 0.00388  |
|    ent_coef        | 0.00452  |
|    ent_coef_loss   | 1.05     |
|    learning_rate   | 0.0001   |
|    n_updates       | 193769   |
---------------------------------
---------------------------------
| rollout/           |          |
|    success_rate    | 0.61     |
| time/              |          |
|    episodes        | 800      |
|    fps             | 26       |
|    time_elapsed    | 12426    |
|    total_timesteps | 358324   |
| train/             |          |
|    actor_loss      | -2.96    |
|    critic_loss     | 0.216    |
|    ent_coef        | 0.00463  |
|    ent_coef_loss   | -1.29    |
|    learning_rate   | 0.0001   |
|    n_updates       | 194060   |
---------------------------------
---------------------------------
| rollout/           |          |
|    success_rate    | 0.64     |
| time/              |          |
|    episodes        | 804      |
|    fps             | 26       |
|    time_elapsed    | 12450    |
|    total_timesteps | 358908   |
| train/             |          |
|    actor_loss      | -3.23    |
|    critic_loss     | 0.00606  |
|    ent_coef        | 0.00472  |
|    ent_coef_loss   | 1.22     |
|    learning_rate   | 0.0001   |
|    n_updates       | 194352   |
---------------------------------
---------------------------------
| rollout/           |          |
|    success_rate    | 0.67     |
| time/              |          |
|    episodes        | 808      |
|    fps             | 26       |
|    time_elapsed    | 12469    |
|    total_timesteps | 359298   |
| train/             |          |
|    actor_loss      | -2.87    |
|    critic_loss     | 0.00461  |
|    ent_coef        | 0.00478  |
|    ent_coef_loss   | 1.97     |
|    learning_rate   | 0.0001   |
|    n_updates       | 194547   |
---------------------------------
---------------------------------
| rollout/           |          |
|    success_rate    | 0.71     |
| time/              |          |
|    episodes        | 812      |
|    fps             | 26       |
|    time_elapsed    | 12487    |
|    total_timesteps | 359682   |
| train/             |          |
|    actor_loss      | -3.16    |
|    critic_loss     | 0.00753  |
|    ent_coef        | 0.00485  |
|    ent_coef_loss   | 2.39     |
|    learning_rate   | 0.0001   |
|    n_updates       | 194739   |
---------------------------------
---------------------------------
| rollout/           |          |
|    success_rate    | 0.73     |
| time/              |          |
|    episodes        | 816      |
|    fps             | 26       |
|    time_elapsed    | 12516    |
|    total_timesteps | 360258   |
| train/             |          |
|    actor_loss      | -3.08    |
|    critic_loss     | 0.00501  |
|    ent_coef        | 0.00495  |
|    ent_coef_loss   | 1.96     |
|    learning_rate   | 0.0001   |
|    n_updates       | 195027   |
---------------------------------
---------------------------------
| rollout/           |          |
|    success_rate    | 0.73     |
| time/              |          |
|    episodes        | 820      |
|    fps             | 26       |
|    time_elapsed    | 12547    |
|    total_timesteps | 360842   |
| train/             |          |
|    actor_loss      | -2.89    |
|    critic_loss     | 0.00735  |
|    ent_coef        | 0.005    |
|    ent_coef_loss   | -3.77    |
|    learning_rate   | 0.0001   |
|    n_updates       | 195319   |
---------------------------------
---------------------------------
| rollout/           |          |
|    success_rate    | 0.75     |
| time/              |          |
|    episodes        | 824      |
|    fps             | 26       |
|    time_elapsed    | 12565    |
|    total_timesteps | 361226   |
| train/             |          |
|    actor_loss      | -2.75    |
|    critic_loss     | 0.0102   |
|    ent_coef        | 0.00505  |
|    ent_coef_loss   | 1.42     |
|    learning_rate   | 0.0001   |
|    n_updates       | 195511   |
---------------------------------
---------------------------------
| rollout/           |          |
|    success_rate    | 0.76     |
| time/              |          |
|    episodes        | 828      |
|    fps             | 26       |
|    time_elapsed    | 12583    |
|    total_timesteps | 361614   |
| train/             |          |
|    actor_loss      | -3.17    |
|    critic_loss     | 0.0211   |
|    ent_coef        | 0.0051   |
|    ent_coef_loss   | 2.22     |
|    learning_rate   | 0.0001   |
|    n_updates       | 195705   |
---------------------------------
---------------------------------
| rollout/           |          |
|    success_rate    | 0.77     |
| time/              |          |
|    episodes        | 832      |
|    fps             | 26       |
|    time_elapsed    | 12603    |
|    total_timesteps | 362008   |
| train/             |          |
|    actor_loss      | -3.14    |
|    critic_loss     | 0.00688  |
|    ent_coef        | 0.00513  |
|    ent_coef_loss   | 1.8      |
|    learning_rate   | 0.0001   |
|    n_updates       | 195902   |
---------------------------------
---------------------------------
| rollout/           |          |
|    success_rate    | 0.8      |
| time/              |          |
|    episodes        | 836      |
|    fps             | 26       |
|    time_elapsed    | 12622    |
|    total_timesteps | 362404   |
| train/             |          |
|    actor_loss      | -3.09    |
|    critic_loss     | 0.00721  |
|    ent_coef        | 0.00516  |
|    ent_coef_loss   | -2.65    |
|    learning_rate   | 0.0001   |
|    n_updates       | 196100   |
---------------------------------
---------------------------------
| rollout/           |          |
|    success_rate    | 0.82     |
| time/              |          |
|    episodes        | 840      |
|    fps             | 26       |
|    time_elapsed    | 12640    |
|    total_timesteps | 362800   |
| train/             |          |
|    actor_loss      | -3.29    |
|    critic_loss     | 0.00841  |
|    ent_coef        | 0.00519  |
|    ent_coef_loss   | -1.68    |
|    learning_rate   | 0.0001   |
|    n_updates       | 196298   |
---------------------------------
---------------------------------
| rollout/           |          |
|    success_rate    | 0.83     |
| time/              |          |
|    episodes        | 844      |
|    fps             | 26       |
|    time_elapsed    | 12659    |
|    total_timesteps | 363194   |
| train/             |          |
|    actor_loss      | -3.4     |
|    critic_loss     | 0.0104   |
|    ent_coef        | 0.00522  |
|    ent_coef_loss   | 0.161    |
|    learning_rate   | 0.0001   |
|    n_updates       | 196495   |
---------------------------------
---------------------------------
| rollout/           |          |
|    success_rate    | 0.85     |
| time/              |          |
|    episodes        | 848      |
|    fps             | 26       |
|    time_elapsed    | 12679    |
|    total_timesteps | 363598   |
| train/             |          |
|    actor_loss      | -2.9     |
|    critic_loss     | 0.00834  |
|    ent_coef        | 0.00524  |
|    ent_coef_loss   | -0.422   |
|    learning_rate   | 0.0001   |
|    n_updates       | 196697   |
---------------------------------
---------------------------------
| rollout/           |          |
|    success_rate    | 0.87     |
| time/              |          |
|    episodes        | 852      |
|    fps             | 26       |
|    time_elapsed    | 12697    |
|    total_timesteps | 363988   |
| train/             |          |
|    actor_loss      | -2.72    |
|    critic_loss     | 0.0108   |
|    ent_coef        | 0.00527  |
|    ent_coef_loss   | -1.6     |
|    learning_rate   | 0.0001   |
|    n_updates       | 196892   |
---------------------------------
---------------------------------
| rollout/           |          |
|    success_rate    | 0.88     |
| time/              |          |
|    episodes        | 856      |
|    fps             | 26       |
|    time_elapsed    | 12716    |
|    total_timesteps | 364382   |
| train/             |          |
|    actor_loss      | -3.06    |
|    critic_loss     | 0.00789  |
|    ent_coef        | 0.00529  |
|    ent_coef_loss   | 1.43     |
|    learning_rate   | 0.0001   |
|    n_updates       | 197089   |
---------------------------------
---------------------------------
| rollout/           |          |
|    success_rate    | 0.88     |
| time/              |          |
|    episodes        | 860      |
|    fps             | 26       |
|    time_elapsed    | 12735    |
|    total_timesteps | 364774   |
| train/             |          |
|    actor_loss      | -3.03    |
|    critic_loss     | 0.00603  |
|    ent_coef        | 0.00532  |
|    ent_coef_loss   | 2.2      |
|    learning_rate   | 0.0001   |
|    n_updates       | 197285   |
---------------------------------
---------------------------------
| rollout/           |          |
|    success_rate    | 0.88     |
| time/              |          |
|    episodes        | 864      |
|    fps             | 26       |
|    time_elapsed    | 12754    |
|    total_timesteps | 365168   |
| train/             |          |
|    actor_loss      | -3.25    |
|    critic_loss     | 0.0105   |
|    ent_coef        | 0.00535  |
|    ent_coef_loss   | 1.76     |
|    learning_rate   | 0.0001   |
|    n_updates       | 197482   |
---------------------------------
---------------------------------
| rollout/           |          |
|    success_rate    | 0.9      |
| time/              |          |
|    episodes        | 868      |
|    fps             | 26       |
|    time_elapsed    | 12772    |
|    total_timesteps | 365552   |
| train/             |          |
|    actor_loss      | -3.2     |
|    critic_loss     | 0.00745  |
|    ent_coef        | 0.00541  |
|    ent_coef_loss   | 0.679    |
|    learning_rate   | 0.0001   |
|    n_updates       | 197674   |
---------------------------------
---------------------------------
| rollout/           |          |
|    success_rate    | 0.93     |
| time/              |          |
|    episodes        | 872      |
|    fps             | 26       |
|    time_elapsed    | 12792    |
|    total_timesteps | 365960   |
| train/             |          |
|    actor_loss      | -3.03    |
|    critic_loss     | 0.00706  |
|    ent_coef        | 0.0055   |
|    ent_coef_loss   | 0.224    |
|    learning_rate   | 0.0001   |
|    n_updates       | 197878   |
---------------------------------
---------------------------------
| rollout/           |          |
|    success_rate    | 0.95     |
| time/              |          |
|    episodes        | 876      |
|    fps             | 26       |
|    time_elapsed    | 12816    |
|    total_timesteps | 366442   |
| train/             |          |
|    actor_loss      | -3.6     |
|    critic_loss     | 0.00358  |
|    ent_coef        | 0.00558  |
|    ent_coef_loss   | 1.63     |
|    learning_rate   | 0.0001   |
|    n_updates       | 198119   |
---------------------------------
---------------------------------
| rollout/           |          |
|    success_rate    | 0.94     |
| time/              |          |
|    episodes        | 880      |
|    fps             | 26       |
|    time_elapsed    | 12867    |
|    total_timesteps | 367554   |
| train/             |          |
|    actor_loss      | -3.89    |
|    critic_loss     | 0.00739  |
|    ent_coef        | 0.0057   |
|    ent_coef_loss   | 1.6      |
|    learning_rate   | 0.0001   |
|    n_updates       | 198675   |
---------------------------------
---------------------------------
| rollout/           |          |
|    success_rate    | 0.94     |
| time/              |          |
|    episodes        | 884      |
|    fps             | 26       |
|    time_elapsed    | 12883    |
|    total_timesteps | 368026   |
| train/             |          |
|    actor_loss      | -3.25    |
|    critic_loss     | 0.00863  |
|    ent_coef        | 0.0057   |
|    ent_coef_loss   | 1.24     |
|    learning_rate   | 0.0001   |
|    n_updates       | 198911   |
---------------------------------
---------------------------------
| rollout/           |          |
|    success_rate    | 0.94     |
| time/              |          |
|    episodes        | 888      |
|    fps             | 26       |
|    time_elapsed    | 12911    |
|    total_timesteps | 368884   |
| train/             |          |
|    actor_loss      | -4       |
|    critic_loss     | 0.00993  |
|    ent_coef        | 0.00568  |
|    ent_coef_loss   | 2.15     |
|    learning_rate   | 0.0001   |
|    n_updates       | 199340   |
---------------------------------
---------------------------------
| rollout/           |          |
|    success_rate    | 0.94     |
| time/              |          |
|    episodes        | 892      |
|    fps             | 26       |
|    time_elapsed    | 12946    |
|    total_timesteps | 369588   |
| train/             |          |
|    actor_loss      | -3.76    |
|    critic_loss     | 0.00806  |
|    ent_coef        | 0.00562  |
|    ent_coef_loss   | -2.76    |
|    learning_rate   | 0.0001   |
|    n_updates       | 199692   |
---------------------------------
---------------------------------
| rollout/           |          |
|    success_rate    | 0.95     |
| time/              |          |
|    episodes        | 896      |
|    fps             | 26       |
|    time_elapsed    | 12965    |
|    total_timesteps | 369972   |
| train/             |          |
|    actor_loss      | -3.22    |
|    critic_loss     | 0.0171   |
|    ent_coef        | 0.00561  |
|    ent_coef_loss   | -1.21    |
|    learning_rate   | 0.0001   |
|    n_updates       | 199884   |
---------------------------------
---------------------------------
| rollout/           |          |
|    success_rate    | 0.95     |
| time/              |          |
|    episodes        | 900      |
|    fps             | 26       |
|    time_elapsed    | 12985    |
|    total_timesteps | 370386   |
| train/             |          |
|    actor_loss      | -3.32    |
|    critic_loss     | 0.00622  |
|    ent_coef        | 0.00557  |
|    ent_coef_loss   | -1.99    |
|    learning_rate   | 0.0001   |
|    n_updates       | 200091   |
---------------------------------
---------------------------------
| rollout/           |          |
|    success_rate    | 0.96     |
| time/              |          |
|    episodes        | 904      |
|    fps             | 26       |
|    time_elapsed    | 13004    |
|    total_timesteps | 370790   |
| train/             |          |
|    actor_loss      | -3.41    |
|    critic_loss     | 0.011    |
|    ent_coef        | 0.00552  |
|    ent_coef_loss   | -3.7     |
|    learning_rate   | 0.0001   |
|    n_updates       | 200293   |
---------------------------------
---------------------------------
| rollout/           |          |
|    success_rate    | 0.96     |
| time/              |          |
|    episodes        | 908      |
|    fps             | 26       |
|    time_elapsed    | 13023    |
|    total_timesteps | 371194   |
| train/             |          |
|    actor_loss      | -3.65    |
|    critic_loss     | 0.0115   |
|    ent_coef        | 0.00551  |
|    ent_coef_loss   | -2.42    |
|    learning_rate   | 0.0001   |
|    n_updates       | 200495   |
---------------------------------
---------------------------------
| rollout/           |          |
|    success_rate    | 0.96     |
| time/              |          |
|    episodes        | 912      |
|    fps             | 26       |
|    time_elapsed    | 13042    |
|    total_timesteps | 371588   |
| train/             |          |
|    actor_loss      | -3.52    |
|    critic_loss     | 0.00987  |
|    ent_coef        | 0.00548  |
|    ent_coef_loss   | -1.05    |
|    learning_rate   | 0.0001   |
|    n_updates       | 200692   |
---------------------------------
---------------------------------
| rollout/           |          |
|    success_rate    | 0.96     |
| time/              |          |
|    episodes        | 916      |
|    fps             | 26       |
|    time_elapsed    | 13062    |
|    total_timesteps | 372002   |
| train/             |          |
|    actor_loss      | -3.2     |
|    critic_loss     | 0.00954  |
|    ent_coef        | 0.00544  |
|    ent_coef_loss   | -3.61    |
|    learning_rate   | 0.0001   |
|    n_updates       | 200899   |
---------------------------------
---------------------------------
| rollout/           |          |
|    success_rate    | 0.97     |
| time/              |          |
|    episodes        | 920      |
|    fps             | 26       |
|    time_elapsed    | 13081    |
|    total_timesteps | 372386   |
| train/             |          |
|    actor_loss      | -3.57    |
|    critic_loss     | 0.00705  |
|    ent_coef        | 0.0054   |
|    ent_coef_loss   | -2.24    |
|    learning_rate   | 0.0001   |
|    n_updates       | 201091   |
---------------------------------
---------------------------------
| rollout/           |          |
|    success_rate    | 0.97     |
| time/              |          |
|    episodes        | 924      |
|    fps             | 26       |
|    time_elapsed    | 13099    |
|    total_timesteps | 372772   |
| train/             |          |
|    actor_loss      | -4.06    |
|    critic_loss     | 0.0162   |
|    ent_coef        | 0.00538  |
|    ent_coef_loss   | 2.47     |
|    learning_rate   | 0.0001   |
|    n_updates       | 201284   |
---------------------------------
---------------------------------
| rollout/           |          |
|    success_rate    | 0.97     |
| time/              |          |
|    episodes        | 928      |
|    fps             | 26       |
|    time_elapsed    | 13118    |
|    total_timesteps | 373168   |
| train/             |          |
|    actor_loss      | -3.96    |
|    critic_loss     | 0.0112   |
|    ent_coef        | 0.00539  |
|    ent_coef_loss   | 0.468    |
|    learning_rate   | 0.0001   |
|    n_updates       | 201482   |
---------------------------------
---------------------------------
| rollout/           |          |
|    success_rate    | 0.97     |
| time/              |          |
|    episodes        | 932      |
|    fps             | 26       |
|    time_elapsed    | 13137    |
|    total_timesteps | 373554   |
| train/             |          |
|    actor_loss      | -3.65    |
|    critic_loss     | 0.0072   |
|    ent_coef        | 0.00541  |
|    ent_coef_loss   | -0.975   |
|    learning_rate   | 0.0001   |
|    n_updates       | 201675   |
---------------------------------
---------------------------------
| rollout/           |          |
|    success_rate    | 0.97     |
| time/              |          |
|    episodes        | 936      |
|    fps             | 26       |
|    time_elapsed    | 13150    |
|    total_timesteps | 373932   |
| train/             |          |
|    actor_loss      | -3.66    |
|    critic_loss     | 0.00476  |
|    ent_coef        | 0.00542  |
|    ent_coef_loss   | -0.353   |
|    learning_rate   | 0.0001   |
|    n_updates       | 201864   |
---------------------------------
---------------------------------
| rollout/           |          |
|    success_rate    | 0.97     |
| time/              |          |
|    episodes        | 940      |
|    fps             | 26       |
|    time_elapsed    | 13162    |
|    total_timesteps | 374366   |
| train/             |          |
|    actor_loss      | -4       |
|    critic_loss     | 0.0166   |
|    ent_coef        | 0.00543  |
|    ent_coef_loss   | 2.64     |
|    learning_rate   | 0.0001   |
|    n_updates       | 202081   |
---------------------------------
---------------------------------
| rollout/           |          |
|    success_rate    | 0.97     |
| time/              |          |
|    episodes        | 944      |
|    fps             | 26       |
|    time_elapsed    | 13174    |
|    total_timesteps | 374754   |
| train/             |          |
|    actor_loss      | -4.19    |
|    critic_loss     | 0.0861   |
|    ent_coef        | 0.00544  |
|    ent_coef_loss   | 3.11     |
|    learning_rate   | 0.0001   |
|    n_updates       | 202275   |
---------------------------------
---------------------------------
| rollout/           |          |
|    success_rate    | 0.97     |
| time/              |          |
|    episodes        | 948      |
|    fps             | 26       |
|    time_elapsed    | 13185    |
|    total_timesteps | 375148   |
| train/             |          |
|    actor_loss      | -4.12    |
|    critic_loss     | 0.00602  |
|    ent_coef        | 0.00546  |
|    ent_coef_loss   | -0.313   |
|    learning_rate   | 0.0001   |
|    n_updates       | 202472   |
---------------------------------
---------------------------------
| rollout/           |          |
|    success_rate    | 0.97     |
| time/              |          |
|    episodes        | 952      |
|    fps             | 26       |
|    time_elapsed    | 13199    |
|    total_timesteps | 375536   |
| train/             |          |
|    actor_loss      | -4.3     |
|    critic_loss     | 0.00727  |
|    ent_coef        | 0.00544  |
|    ent_coef_loss   | 4.24     |
|    learning_rate   | 0.0001   |
|    n_updates       | 202666   |
---------------------------------
---------------------------------
| rollout/           |          |
|    success_rate    | 0.97     |
| time/              |          |
|    episodes        | 956      |
|    fps             | 26       |
|    time_elapsed    | 13240    |
|    total_timesteps | 376344   |
| train/             |          |
|    actor_loss      | -3.76    |
|    critic_loss     | 0.00627  |
|    ent_coef        | 0.00544  |
|    ent_coef_loss   | -3.23    |
|    learning_rate   | 0.0001   |
|    n_updates       | 203070   |
---------------------------------
---------------------------------
| rollout/           |          |
|    success_rate    | 0.96     |
| time/              |          |
|    episodes        | 960      |
|    fps             | 26       |
|    time_elapsed    | 13257    |
|    total_timesteps | 376716   |
| train/             |          |
|    actor_loss      | -3.89    |
|    critic_loss     | 0.0103   |
|    ent_coef        | 0.00544  |
|    ent_coef_loss   | -1.09    |
|    learning_rate   | 0.0001   |
|    n_updates       | 203256   |
---------------------------------
---------------------------------
| rollout/           |          |
|    success_rate    | 0.96     |
| time/              |          |
|    episodes        | 964      |
|    fps             | 26       |
|    time_elapsed    | 13284    |
|    total_timesteps | 377266   |
| train/             |          |
|    actor_loss      | -3.99    |
|    critic_loss     | 0.0118   |
|    ent_coef        | 0.00546  |
|    ent_coef_loss   | 3.21     |
|    learning_rate   | 0.0001   |
|    n_updates       | 203531   |
---------------------------------
---------------------------------
| rollout/           |          |
|    success_rate    | 0.95     |
| time/              |          |
|    episodes        | 968      |
|    fps             | 26       |
|    time_elapsed    | 13317    |
|    total_timesteps | 377950   |
| train/             |          |
|    actor_loss      | -4.06    |
|    critic_loss     | 0.00785  |
|    ent_coef        | 0.00549  |
|    ent_coef_loss   | -1.99    |
|    learning_rate   | 0.0001   |
|    n_updates       | 203873   |
---------------------------------
---------------------------------
| rollout/           |          |
|    success_rate    | 0.91     |
| time/              |          |
|    episodes        | 972      |
|    fps             | 26       |
|    time_elapsed    | 13414    |
|    total_timesteps | 379950   |
| train/             |          |
|    actor_loss      | -4.47    |
|    critic_loss     | 0.00573  |
|    ent_coef        | 0.00558  |
|    ent_coef_loss   | 0.707    |
|    learning_rate   | 0.0001   |
|    n_updates       | 204873   |
---------------------------------
---------------------------------
| rollout/           |          |
|    success_rate    | 0.87     |
| time/              |          |
|    episodes        | 976      |
|    fps             | 26       |
|    time_elapsed    | 13510    |
|    total_timesteps | 381950   |
| train/             |          |
|    actor_loss      | -4.45    |
|    critic_loss     | 0.0102   |
|    ent_coef        | 0.00567  |
|    ent_coef_loss   | 3.74     |
|    learning_rate   | 0.0001   |
|    n_updates       | 205873   |
---------------------------------
---------------------------------
| rollout/           |          |
|    success_rate    | 0.84     |
| time/              |          |
|    episodes        | 980      |
|    fps             | 26       |
|    time_elapsed    | 13597    |
|    total_timesteps | 383950   |
| train/             |          |
|    actor_loss      | -4.72    |
|    critic_loss     | 0.0146   |
|    ent_coef        | 0.00604  |
|    ent_coef_loss   | 1.21     |
|    learning_rate   | 0.0001   |
|    n_updates       | 206873   |
---------------------------------
---------------------------------
| rollout/           |          |
|    success_rate    | 0.81     |
| time/              |          |
|    episodes        | 984      |
|    fps             | 26       |
|    time_elapsed    | 13681    |
|    total_timesteps | 385950   |
| train/             |          |
|    actor_loss      | -4.26    |
|    critic_loss     | 0.00878  |
|    ent_coef        | 0.00619  |
|    ent_coef_loss   | -2.77    |
|    learning_rate   | 0.0001   |
|    n_updates       | 207873   |
---------------------------------
---------------------------------
| rollout/           |          |
|    success_rate    | 0.77     |
| time/              |          |
|    episodes        | 988      |
|    fps             | 25       |
|    time_elapsed    | 13778    |
|    total_timesteps | 387950   |
| train/             |          |
|    actor_loss      | -4.23    |
|    critic_loss     | 0.00612  |
|    ent_coef        | 0.00607  |
|    ent_coef_loss   | -4.37    |
|    learning_rate   | 0.0001   |
|    n_updates       | 208873   |
---------------------------------
---------------------------------
| rollout/           |          |
|    success_rate    | 0.77     |
| time/              |          |
|    episodes        | 992      |
|    fps             | 25       |
|    time_elapsed    | 13835    |
|    total_timesteps | 389144   |
| train/             |          |
|    actor_loss      | -4.14    |
|    critic_loss     | 0.0135   |
|    ent_coef        | 0.00639  |
|    ent_coef_loss   | -0.667   |
|    learning_rate   | 0.0001   |
|    n_updates       | 209470   |
---------------------------------
---------------------------------
| rollout/           |          |
|    success_rate    | 0.76     |
| time/              |          |
|    episodes        | 996      |
|    fps             | 25       |
|    time_elapsed    | 13859    |
|    total_timesteps | 389644   |
| train/             |          |
|    actor_loss      | -4.57    |
|    critic_loss     | 0.00911  |
|    ent_coef        | 0.0065   |
|    ent_coef_loss   | -2.44    |
|    learning_rate   | 0.0001   |
|    n_updates       | 209720   |
---------------------------------
---------------------------------
| rollout/           |          |
|    success_rate    | 0.76     |
| time/              |          |
|    episodes        | 1000     |
|    fps             | 25       |
|    time_elapsed    | 13881    |
|    total_timesteps | 390104   |
| train/             |          |
|    actor_loss      | -4.71    |
|    critic_loss     | 0.00895  |
|    ent_coef        | 0.00653  |
|    ent_coef_loss   | -2.22    |
|    learning_rate   | 0.0001   |
|    n_updates       | 209950   |
---------------------------------
---------------------------------
| rollout/           |          |
|    success_rate    | 0.76     |
| time/              |          |
|    episodes        | 1004     |
|    fps             | 25       |
|    time_elapsed    | 13910    |
|    total_timesteps | 390720   |
| train/             |          |
|    actor_loss      | -4.75    |
|    critic_loss     | 0.0079   |
|    ent_coef        | 0.00657  |
|    ent_coef_loss   | 1.98     |
|    learning_rate   | 0.0001   |
|    n_updates       | 210258   |
---------------------------------
---------------------------------
| rollout/           |          |
|    success_rate    | 0.75     |
| time/              |          |
|    episodes        | 1008     |
|    fps             | 25       |
|    time_elapsed    | 13941    |
|    total_timesteps | 391346   |
| train/             |          |
|    actor_loss      | -4.86    |
|    critic_loss     | 0.0128   |
|    ent_coef        | 0.00662  |
|    ent_coef_loss   | 0.876    |
|    learning_rate   | 0.0001   |
|    n_updates       | 210571   |
---------------------------------
---------------------------------
| rollout/           |          |
|    success_rate    | 0.75     |
| time/              |          |
|    episodes        | 1012     |
|    fps             | 25       |
|    time_elapsed    | 13954    |
|    total_timesteps | 391754   |
| train/             |          |
|    actor_loss      | -4.66    |
|    critic_loss     | 0.0119   |
|    ent_coef        | 0.00665  |
|    ent_coef_loss   | -1.4     |
|    learning_rate   | 0.0001   |
|    n_updates       | 210775   |
---------------------------------
---------------------------------
| rollout/           |          |
|    success_rate    | 0.74     |
| time/              |          |
|    episodes        | 1016     |
|    fps             | 25       |
|    time_elapsed    | 13994    |
|    total_timesteps | 392948   |
| train/             |          |
|    actor_loss      | -4.82    |
|    critic_loss     | 0.0122   |
|    ent_coef        | 0.00682  |
|    ent_coef_loss   | -0.904   |
|    learning_rate   | 0.0001   |
|    n_updates       | 211372   |
---------------------------------
---------------------------------
| rollout/           |          |
|    success_rate    | 0.73     |
| time/              |          |
|    episodes        | 1020     |
|    fps             | 25       |
|    time_elapsed    | 14014    |
|    total_timesteps | 393360   |
| train/             |          |
|    actor_loss      | -4.53    |
|    critic_loss     | 0.00767  |
|    ent_coef        | 0.00681  |
|    ent_coef_loss   | -0.194   |
|    learning_rate   | 0.0001   |
|    n_updates       | 211578   |
---------------------------------
---------------------------------
| rollout/           |          |
|    success_rate    | 0.73     |
| time/              |          |
|    episodes        | 1024     |
|    fps             | 25       |
|    time_elapsed    | 14041    |
|    total_timesteps | 393916   |
| train/             |          |
|    actor_loss      | -4.84    |
|    critic_loss     | 0.0629   |
|    ent_coef        | 0.00683  |
|    ent_coef_loss   | -2.78    |
|    learning_rate   | 0.0001   |
|    n_updates       | 211856   |
---------------------------------
---------------------------------
| rollout/           |          |
|    success_rate    | 0.72     |
| time/              |          |
|    episodes        | 1028     |
|    fps             | 25       |
|    time_elapsed    | 14072    |
|    total_timesteps | 394566   |
| train/             |          |
|    actor_loss      | -5.03    |
|    critic_loss     | 0.0201   |
|    ent_coef        | 0.00678  |
|    ent_coef_loss   | 2.13     |
|    learning_rate   | 0.0001   |
|    n_updates       | 212181   |
---------------------------------
---------------------------------
| rollout/           |          |
|    success_rate    | 0.7      |
| time/              |          |
|    episodes        | 1032     |
|    fps             | 25       |
|    time_elapsed    | 14099    |
|    total_timesteps | 395124   |
| train/             |          |
|    actor_loss      | -5.22    |
|    critic_loss     | 0.016    |
|    ent_coef        | 0.00679  |
|    ent_coef_loss   | -0.439   |
|    learning_rate   | 0.0001   |
|    n_updates       | 212460   |
---------------------------------
---------------------------------
| rollout/           |          |
|    success_rate    | 0.7      |
| time/              |          |
|    episodes        | 1036     |
|    fps             | 25       |
|    time_elapsed    | 14120    |
|    total_timesteps | 395560   |
| train/             |          |
|    actor_loss      | -4.58    |
|    critic_loss     | 0.0122   |
|    ent_coef        | 0.00681  |
|    ent_coef_loss   | 0.229    |
|    learning_rate   | 0.0001   |
|    n_updates       | 212678   |
---------------------------------
---------------------------------
| rollout/           |          |
|    success_rate    | 0.69     |
| time/              |          |
|    episodes        | 1040     |
|    fps             | 25       |
|    time_elapsed    | 14163    |
|    total_timesteps | 396626   |
| train/             |          |
|    actor_loss      | -4.25    |
|    critic_loss     | 0.0122   |
|    ent_coef        | 0.00675  |
|    ent_coef_loss   | -0.94    |
|    learning_rate   | 0.0001   |
|    n_updates       | 213211   |
---------------------------------
---------------------------------
| rollout/           |          |
|    success_rate    | 0.68     |
| time/              |          |
|    episodes        | 1044     |
|    fps             | 25       |
|    time_elapsed    | 14183    |
|    total_timesteps | 397304   |
| train/             |          |
|    actor_loss      | -4.55    |
|    critic_loss     | 0.0102   |
|    ent_coef        | 0.00674  |
|    ent_coef_loss   | -0.515   |
|    learning_rate   | 0.0001   |
|    n_updates       | 213550   |
---------------------------------
---------------------------------
| rollout/           |          |
|    success_rate    | 0.67     |
| time/              |          |
|    episodes        | 1048     |
|    fps             | 25       |
|    time_elapsed    | 14209    |
|    total_timesteps | 397976   |
| train/             |          |
|    actor_loss      | -4.87    |
|    critic_loss     | 0.0143   |
|    ent_coef        | 0.00666  |
|    ent_coef_loss   | 2.25     |
|    learning_rate   | 0.0001   |
|    n_updates       | 213886   |
---------------------------------
---------------------------------
| rollout/           |          |
|    success_rate    | 0.67     |
| time/              |          |
|    episodes        | 1052     |
|    fps             | 25       |
|    time_elapsed    | 14228    |
|    total_timesteps | 398374   |
| train/             |          |
|    actor_loss      | -4.15    |
|    critic_loss     | 0.0174   |
|    ent_coef        | 0.00661  |
|    ent_coef_loss   | -2.44    |
|    learning_rate   | 0.0001   |
|    n_updates       | 214085   |
---------------------------------
---------------------------------
| rollout/           |          |
|    success_rate    | 0.66     |
| time/              |          |
|    episodes        | 1056     |
|    fps             | 25       |
|    time_elapsed    | 14279    |
|    total_timesteps | 399374   |
| train/             |          |
|    actor_loss      | -4.89    |
|    critic_loss     | 0.00835  |
|    ent_coef        | 0.00655  |
|    ent_coef_loss   | -0.798   |
|    learning_rate   | 0.0001   |
|    n_updates       | 214585   |
---------------------------------
---------------------------------
| rollout/           |          |
|    success_rate    | 0.66     |
| time/              |          |
|    episodes        | 1060     |
|    fps             | 25       |
|    time_elapsed    | 14309    |
|    total_timesteps | 399954   |
| train/             |          |
|    actor_loss      | -5.15    |
|    critic_loss     | 0.0214   |
|    ent_coef        | 0.00655  |
|    ent_coef_loss   | 1.32     |
|    learning_rate   | 0.0001   |
|    n_updates       | 214875   |
---------------------------------
---------------------------------
| rollout/           |          |
|    success_rate    | 0.65     |
| time/              |          |
|    episodes        | 1064     |
|    fps             | 25       |
|    time_elapsed    | 14356    |
|    total_timesteps | 400886   |
| train/             |          |
|    actor_loss      | -4.67    |
|    critic_loss     | 0.0386   |
|    ent_coef        | 0.00657  |
|    ent_coef_loss   | -2.05    |
|    learning_rate   | 0.0001   |
|    n_updates       | 215341   |
---------------------------------
---------------------------------
| rollout/           |          |
|    success_rate    | 0.65     |
| time/              |          |
|    episodes        | 1068     |
|    fps             | 25       |
|    time_elapsed    | 14390    |
|    total_timesteps | 401544   |
| train/             |          |
|    actor_loss      | -4.79    |
|    critic_loss     | 0.00938  |
|    ent_coef        | 0.00659  |
|    ent_coef_loss   | 2        |
|    learning_rate   | 0.0001   |
|    n_updates       | 215670   |
---------------------------------
---------------------------------
| rollout/           |          |
|    success_rate    | 0.69     |
| time/              |          |
|    episodes        | 1072     |
|    fps             | 25       |
|    time_elapsed    | 14419    |
|    total_timesteps | 402130   |
| train/             |          |
|    actor_loss      | -4.75    |
|    critic_loss     | 0.0152   |
|    ent_coef        | 0.00661  |
|    ent_coef_loss   | -0.624   |
|    learning_rate   | 0.0001   |
|    n_updates       | 215963   |
---------------------------------
---------------------------------
| rollout/           |          |
|    success_rate    | 0.71     |
| time/              |          |
|    episodes        | 1076     |
|    fps             | 25       |
|    time_elapsed    | 14472    |
|    total_timesteps | 403130   |
| train/             |          |
|    actor_loss      | -4.29    |
|    critic_loss     | 0.0202   |
|    ent_coef        | 0.00659  |
|    ent_coef_loss   | -1.51    |
|    learning_rate   | 0.0001   |
|    n_updates       | 216463   |
---------------------------------
---------------------------------
| rollout/           |          |
|    success_rate    | 0.73     |
| time/              |          |
|    episodes        | 1080     |
|    fps             | 25       |
|    time_elapsed    | 14534    |
|    total_timesteps | 404332   |
| train/             |          |
|    actor_loss      | -4.58    |
|    critic_loss     | 0.00923  |
|    ent_coef        | 0.00666  |
|    ent_coef_loss   | -0.898   |
|    learning_rate   | 0.0001   |
|    n_updates       | 217064   |
---------------------------------
---------------------------------
| rollout/           |          |
|    success_rate    | 0.77     |
| time/              |          |
|    episodes        | 1084     |
|    fps             | 25       |
|    time_elapsed    | 14571    |
|    total_timesteps | 405104   |
| train/             |          |
|    actor_loss      | -4.42    |
|    critic_loss     | 0.0299   |
|    ent_coef        | 0.00675  |
|    ent_coef_loss   | -1.29    |
|    learning_rate   | 0.0001   |
|    n_updates       | 217450   |
---------------------------------
---------------------------------
| rollout/           |          |
|    success_rate    | 0.8      |
| time/              |          |
|    episodes        | 1088     |
|    fps             | 25       |
|    time_elapsed    | 14602    |
|    total_timesteps | 405738   |
| train/             |          |
|    actor_loss      | -5.05    |
|    critic_loss     | 0.0117   |
|    ent_coef        | 0.00688  |
|    ent_coef_loss   | 1.89     |
|    learning_rate   | 0.0001   |
|    n_updates       | 217767   |
---------------------------------
---------------------------------
| rollout/           |          |
|    success_rate    | 0.8      |
| time/              |          |
|    episodes        | 1092     |
|    fps             | 25       |
|    time_elapsed    | 14634    |
|    total_timesteps | 406706   |
| train/             |          |
|    actor_loss      | -4.78    |
|    critic_loss     | 0.059    |
|    ent_coef        | 0.00704  |
|    ent_coef_loss   | 0.766    |
|    learning_rate   | 0.0001   |
|    n_updates       | 218251   |
---------------------------------
---------------------------------
| rollout/           |          |
|    success_rate    | 0.8      |
| time/              |          |
|    episodes        | 1096     |
|    fps             | 25       |
|    time_elapsed    | 14660    |
|    total_timesteps | 407300   |
| train/             |          |
|    actor_loss      | -4.71    |
|    critic_loss     | 0.00828  |
|    ent_coef        | 0.00714  |
|    ent_coef_loss   | -3.23    |
|    learning_rate   | 0.0001   |
|    n_updates       | 218548   |
---------------------------------
---------------------------------
| rollout/           |          |
|    success_rate    | 0.79     |
| time/              |          |
|    episodes        | 1100     |
|    fps             | 25       |
|    time_elapsed    | 14702    |
|    total_timesteps | 408130   |
| train/             |          |
|    actor_loss      | -4.44    |
|    critic_loss     | 0.014    |
|    ent_coef        | 0.00724  |
|    ent_coef_loss   | -1.12    |
|    learning_rate   | 0.0001   |
|    n_updates       | 218963   |
---------------------------------
---------------------------------
| rollout/           |          |
|    success_rate    | 0.78     |
| time/              |          |
|    episodes        | 1104     |
|    fps             | 25       |
|    time_elapsed    | 14732    |
|    total_timesteps | 408730   |
| train/             |          |
|    actor_loss      | -5.09    |
|    critic_loss     | 0.024    |
|    ent_coef        | 0.0073   |
|    ent_coef_loss   | 5.37     |
|    learning_rate   | 0.0001   |
|    n_updates       | 219263   |
---------------------------------
---------------------------------
| rollout/           |          |
|    success_rate    | 0.79     |
| time/              |          |
|    episodes        | 1108     |
|    fps             | 25       |
|    time_elapsed    | 14751    |
|    total_timesteps | 409120   |
| train/             |          |
|    actor_loss      | -4.63    |
|    critic_loss     | 0.0269   |
|    ent_coef        | 0.00738  |
|    ent_coef_loss   | 0.13     |
|    learning_rate   | 0.0001   |
|    n_updates       | 219458   |
---------------------------------
---------------------------------
| rollout/           |          |
|    success_rate    | 0.79     |
| time/              |          |
|    episodes        | 1112     |
|    fps             | 25       |
|    time_elapsed    | 14791    |
|    total_timesteps | 409912   |
| train/             |          |
|    actor_loss      | -4.74    |
|    critic_loss     | 0.012    |
|    ent_coef        | 0.00753  |
|    ent_coef_loss   | -0.0612  |
|    learning_rate   | 0.0001   |
|    n_updates       | 219854   |
---------------------------------
---------------------------------
| rollout/           |          |
|    success_rate    | 0.79     |
| time/              |          |
|    episodes        | 1116     |
|    fps             | 25       |
|    time_elapsed    | 14808    |
|    total_timesteps | 410318   |
| train/             |          |
|    actor_loss      | -5.1     |
|    critic_loss     | 0.0294   |
|    ent_coef        | 0.00764  |
|    ent_coef_loss   | -0.944   |
|    learning_rate   | 0.0001   |
|    n_updates       | 220057   |
---------------------------------
---------------------------------
| rollout/           |          |
|    success_rate    | 0.78     |
| time/              |          |
|    episodes        | 1120     |
|    fps             | 25       |
|    time_elapsed    | 14853    |
|    total_timesteps | 411526   |
| train/             |          |
|    actor_loss      | -5.04    |
|    critic_loss     | 0.0249   |
|    ent_coef        | 0.00784  |
|    ent_coef_loss   | 0.692    |
|    learning_rate   | 0.0001   |
|    n_updates       | 220661   |
---------------------------------
---------------------------------
| rollout/           |          |
|    success_rate    | 0.78     |
| time/              |          |
|    episodes        | 1124     |
|    fps             | 25       |
|    time_elapsed    | 14872    |
|    total_timesteps | 411928   |
| train/             |          |
|    actor_loss      | -5.22    |
|    critic_loss     | 0.0191   |
|    ent_coef        | 0.00782  |
|    ent_coef_loss   | -1.85    |
|    learning_rate   | 0.0001   |
|    n_updates       | 220862   |
---------------------------------
---------------------------------
| rollout/           |          |
|    success_rate    | 0.79     |
| time/              |          |
|    episodes        | 1128     |
|    fps             | 25       |
|    time_elapsed    | 14893    |
|    total_timesteps | 412372   |
| train/             |          |
|    actor_loss      | -4.91    |
|    critic_loss     | 0.0173   |
|    ent_coef        | 0.0078   |
|    ent_coef_loss   | -0.467   |
|    learning_rate   | 0.0001   |
|    n_updates       | 221084   |
---------------------------------
---------------------------------
| rollout/           |          |
|    success_rate    | 0.8      |
| time/              |          |
|    episodes        | 1132     |
|    fps             | 25       |
|    time_elapsed    | 14931    |
|    total_timesteps | 413124   |
| train/             |          |
|    actor_loss      | -5.28    |
|    critic_loss     | 0.0293   |
|    ent_coef        | 0.00779  |
|    ent_coef_loss   | -0.536   |
|    learning_rate   | 0.0001   |
|    n_updates       | 221460   |
---------------------------------
---------------------------------
| rollout/           |          |
|    success_rate    | 0.8      |
| time/              |          |
|    episodes        | 1136     |
|    fps             | 25       |
|    time_elapsed    | 14962    |
|    total_timesteps | 413738   |
| train/             |          |
|    actor_loss      | -4.91    |
|    critic_loss     | 0.0305   |
|    ent_coef        | 0.00781  |
|    ent_coef_loss   | 0.0801   |
|    learning_rate   | 0.0001   |
|    n_updates       | 221767   |
---------------------------------
---------------------------------
| rollout/           |          |
|    success_rate    | 0.8      |
| time/              |          |
|    episodes        | 1140     |
|    fps             | 25       |
|    time_elapsed    | 14991    |
|    total_timesteps | 414376   |
| train/             |          |
|    actor_loss      | -5.18    |
|    critic_loss     | 0.0497   |
|    ent_coef        | 0.00786  |
|    ent_coef_loss   | -0.713   |
|    learning_rate   | 0.0001   |
|    n_updates       | 222086   |
---------------------------------
---------------------------------
| rollout/           |          |
|    success_rate    | 0.79     |
| time/              |          |
|    episodes        | 1144     |
|    fps             | 25       |
|    time_elapsed    | 15033    |
|    total_timesteps | 415544   |
| train/             |          |
|    actor_loss      | -5.64    |
|    critic_loss     | 0.0312   |
|    ent_coef        | 0.00805  |
|    ent_coef_loss   | 3.37     |
|    learning_rate   | 0.0001   |
|    n_updates       | 222670   |
---------------------------------
---------------------------------
| rollout/           |          |
|    success_rate    | 0.79     |
| time/              |          |
|    episodes        | 1148     |
|    fps             | 25       |
|    time_elapsed    | 15075    |
|    total_timesteps | 416376   |
| train/             |          |
|    actor_loss      | -4.85    |
|    critic_loss     | 0.0212   |
|    ent_coef        | 0.00811  |
|    ent_coef_loss   | -3.48    |
|    learning_rate   | 0.0001   |
|    n_updates       | 223086   |
---------------------------------
---------------------------------
| rollout/           |          |
|    success_rate    | 0.78     |
| time/              |          |
|    episodes        | 1152     |
|    fps             | 25       |
|    time_elapsed    | 15125    |
|    total_timesteps | 417354   |
| train/             |          |
|    actor_loss      | -4.76    |
|    critic_loss     | 0.00967  |
|    ent_coef        | 0.00818  |
|    ent_coef_loss   | -1.48    |
|    learning_rate   | 0.0001   |
|    n_updates       | 223575   |
---------------------------------
---------------------------------
| rollout/           |          |
|    success_rate    | 0.78     |
| time/              |          |
|    episodes        | 1156     |
|    fps             | 25       |
|    time_elapsed    | 15152    |
|    total_timesteps | 417954   |
| train/             |          |
|    actor_loss      | -5.21    |
|    critic_loss     | 0.0771   |
|    ent_coef        | 0.00822  |
|    ent_coef_loss   | 0.397    |
|    learning_rate   | 0.0001   |
|    n_updates       | 223875   |
---------------------------------
---------------------------------
| rollout/           |          |
|    success_rate    | 0.78     |
| time/              |          |
|    episodes        | 1160     |
|    fps             | 25       |
|    time_elapsed    | 15174    |
|    total_timesteps | 418668   |
| train/             |          |
|    actor_loss      | -5.19    |
|    critic_loss     | 0.0306   |
|    ent_coef        | 0.00837  |
|    ent_coef_loss   | 2.09     |
|    learning_rate   | 0.0001   |
|    n_updates       | 224232   |
---------------------------------
---------------------------------
| rollout/           |          |
|    success_rate    | 0.78     |
| time/              |          |
|    episodes        | 1164     |
|    fps             | 25       |
|    time_elapsed    | 15205    |
|    total_timesteps | 419548   |
| train/             |          |
|    actor_loss      | -5.24    |
|    critic_loss     | 0.0167   |
|    ent_coef        | 0.00846  |
|    ent_coef_loss   | -0.279   |
|    learning_rate   | 0.0001   |
|    n_updates       | 224672   |
---------------------------------
---------------------------------
| rollout/           |          |
|    success_rate    | 0.78     |
| time/              |          |
|    episodes        | 1168     |
|    fps             | 25       |
|    time_elapsed    | 15256    |
|    total_timesteps | 420554   |
| train/             |          |
|    actor_loss      | -5.13    |
|    critic_loss     | 0.0977   |
|    ent_coef        | 0.0085   |
|    ent_coef_loss   | 3.29     |
|    learning_rate   | 0.0001   |
|    n_updates       | 225175   |
---------------------------------
---------------------------------
| rollout/           |          |
|    success_rate    | 0.76     |
| time/              |          |
|    episodes        | 1172     |
|    fps             | 25       |
|    time_elapsed    | 15312    |
|    total_timesteps | 421638   |
| train/             |          |
|    actor_loss      | -5.62    |
|    critic_loss     | 0.152    |
|    ent_coef        | 0.00855  |
|    ent_coef_loss   | 4.04     |
|    learning_rate   | 0.0001   |
|    n_updates       | 225717   |
---------------------------------
---------------------------------
| rollout/           |          |
|    success_rate    | 0.78     |
| time/              |          |
|    episodes        | 1176     |
|    fps             | 25       |
|    time_elapsed    | 15342    |
|    total_timesteps | 422500   |
| train/             |          |
|    actor_loss      | -5.25    |
|    critic_loss     | 0.0309   |
|    ent_coef        | 0.00862  |
|    ent_coef_loss   | 1.33     |
|    learning_rate   | 0.0001   |
|    n_updates       | 226148   |
---------------------------------
---------------------------------
| rollout/           |          |
|    success_rate    | 0.79     |
| time/              |          |
|    episodes        | 1180     |
|    fps             | 25       |
|    time_elapsed    | 15355    |
|    total_timesteps | 422944   |
| train/             |          |
|    actor_loss      | -4.99    |
|    critic_loss     | 0.0963   |
|    ent_coef        | 0.00868  |
|    ent_coef_loss   | 0.299    |
|    learning_rate   | 0.0001   |
|    n_updates       | 226370   |
---------------------------------
---------------------------------
| rollout/           |          |
|    success_rate    | 0.78     |
| time/              |          |
|    episodes        | 1184     |
|    fps             | 25       |
|    time_elapsed    | 15394    |
|    total_timesteps | 423922   |
| train/             |          |
|    actor_loss      | -5.16    |
|    critic_loss     | 0.0517   |
|    ent_coef        | 0.0088   |
|    ent_coef_loss   | 2.35     |
|    learning_rate   | 0.0001   |
|    n_updates       | 226859   |
---------------------------------
---------------------------------
| rollout/           |          |
|    success_rate    | 0.77     |
| time/              |          |
|    episodes        | 1188     |
|    fps             | 25       |
|    time_elapsed    | 15454    |
|    total_timesteps | 425126   |
| train/             |          |
|    actor_loss      | -4.96    |
|    critic_loss     | 0.0192   |
|    ent_coef        | 0.009    |
|    ent_coef_loss   | -0.21    |
|    learning_rate   | 0.0001   |
|    n_updates       | 227461   |
---------------------------------
---------------------------------
| rollout/           |          |
|    success_rate    | 0.78     |
| time/              |          |
|    episodes        | 1192     |
|    fps             | 25       |
|    time_elapsed    | 15494    |
|    total_timesteps | 425908   |
| train/             |          |
|    actor_loss      | -4.98    |
|    critic_loss     | 0.0458   |
|    ent_coef        | 0.00908  |
|    ent_coef_loss   | 2.34     |
|    learning_rate   | 0.0001   |
|    n_updates       | 227852   |
---------------------------------
---------------------------------
| rollout/           |          |
|    success_rate    | 0.76     |
| time/              |          |
|    episodes        | 1196     |
|    fps             | 25       |
|    time_elapsed    | 15532    |
|    total_timesteps | 427100   |
| train/             |          |
|    actor_loss      | -5.22    |
|    critic_loss     | 0.0508   |
|    ent_coef        | 0.00933  |
|    ent_coef_loss   | 0.912    |
|    learning_rate   | 0.0001   |
|    n_updates       | 228448   |
---------------------------------
---------------------------------
| rollout/           |          |
|    success_rate    | 0.77     |
| time/              |          |
|    episodes        | 1200     |
|    fps             | 25       |
|    time_elapsed    | 15545    |
|    total_timesteps | 427554   |
| train/             |          |
|    actor_loss      | -5.25    |
|    critic_loss     | 0.0467   |
|    ent_coef        | 0.00943  |
|    ent_coef_loss   | 0.74     |
|    learning_rate   | 0.0001   |
|    n_updates       | 228675   |
---------------------------------
---------------------------------
| rollout/           |          |
|    success_rate    | 0.77     |
| time/              |          |
|    episodes        | 1204     |
|    fps             | 25       |
|    time_elapsed    | 15582    |
|    total_timesteps | 428358   |
| train/             |          |
|    actor_loss      | -5.46    |
|    critic_loss     | 0.064    |
|    ent_coef        | 0.00976  |
|    ent_coef_loss   | 4.51     |
|    learning_rate   | 0.0001   |
|    n_updates       | 229077   |
---------------------------------
---------------------------------
| rollout/           |          |
|    success_rate    | 0.76     |
| time/              |          |
|    episodes        | 1208     |
|    fps             | 25       |
|    time_elapsed    | 15610    |
|    total_timesteps | 428950   |
| train/             |          |
|    actor_loss      | -4.94    |
|    critic_loss     | 0.0626   |
|    ent_coef        | 0.01     |
|    ent_coef_loss   | 0.761    |
|    learning_rate   | 0.0001   |
|    n_updates       | 229373   |
---------------------------------
---------------------------------
| rollout/           |          |
|    success_rate    | 0.76     |
| time/              |          |
|    episodes        | 1212     |
|    fps             | 25       |
|    time_elapsed    | 15640    |
|    total_timesteps | 429550   |
| train/             |          |
|    actor_loss      | -5.19    |
|    critic_loss     | 0.061    |
|    ent_coef        | 0.0103   |
|    ent_coef_loss   | 1.31     |
|    learning_rate   | 0.0001   |
|    n_updates       | 229673   |
---------------------------------
---------------------------------
| rollout/           |          |
|    success_rate    | 0.77     |
| time/              |          |
|    episodes        | 1216     |
|    fps             | 25       |
|    time_elapsed    | 15658    |
|    total_timesteps | 429948   |
| train/             |          |
|    actor_loss      | -5.45    |
|    critic_loss     | 0.0555   |
|    ent_coef        | 0.0106   |
|    ent_coef_loss   | 3.07     |
|    learning_rate   | 0.0001   |
|    n_updates       | 229872   |
---------------------------------
---------------------------------
| rollout/           |          |
|    success_rate    | 0.77     |
| time/              |          |
|    episodes        | 1220     |
|    fps             | 25       |
|    time_elapsed    | 15702    |
|    total_timesteps | 431140   |
| train/             |          |
|    actor_loss      | -5.57    |
|    critic_loss     | 0.0782   |
|    ent_coef        | 0.0112   |
|    ent_coef_loss   | 1.04     |
|    learning_rate   | 0.0001   |
|    n_updates       | 230468   |
---------------------------------
---------------------------------
| rollout/           |          |
|    success_rate    | 0.77     |
| time/              |          |
|    episodes        | 1224     |
|    fps             | 25       |
|    time_elapsed    | 15726    |
|    total_timesteps | 431948   |
| train/             |          |
|    actor_loss      | -5.27    |
|    critic_loss     | 0.028    |
|    ent_coef        | 0.0114   |
|    ent_coef_loss   | -0.229   |
|    learning_rate   | 0.0001   |
|    n_updates       | 230872   |
---------------------------------
---------------------------------
| rollout/           |          |
|    success_rate    | 0.76     |
| time/              |          |
|    episodes        | 1228     |
|    fps             | 25       |
|    time_elapsed    | 15741    |
|    total_timesteps | 432344   |
| train/             |          |
|    actor_loss      | -5.17    |
|    critic_loss     | 0.0844   |
|    ent_coef        | 0.0116   |
|    ent_coef_loss   | 0.167    |
|    learning_rate   | 0.0001   |
|    n_updates       | 231070   |
---------------------------------
---------------------------------
| rollout/           |          |
|    success_rate    | 0.77     |
| time/              |          |
|    episodes        | 1232     |
|    fps             | 25       |
|    time_elapsed    | 15765    |
|    total_timesteps | 432894   |
| train/             |          |
|    actor_loss      | -5.55    |
|    critic_loss     | 0.0225   |
|    ent_coef        | 0.0118   |
|    ent_coef_loss   | 2.1      |
|    learning_rate   | 0.0001   |
|    n_updates       | 231345   |
---------------------------------
---------------------------------
| rollout/           |          |
|    success_rate    | 0.76     |
| time/              |          |
|    episodes        | 1236     |
|    fps             | 25       |
|    time_elapsed    | 15806    |
|    total_timesteps | 433738   |
| train/             |          |
|    actor_loss      | -5.05    |
|    critic_loss     | 0.0741   |
|    ent_coef        | 0.0121   |
|    ent_coef_loss   | 0.733    |
|    learning_rate   | 0.0001   |
|    n_updates       | 231767   |
---------------------------------
---------------------------------
| rollout/           |          |
|    success_rate    | 0.75     |
| time/              |          |
|    episodes        | 1240     |
|    fps             | 25       |
|    time_elapsed    | 15851    |
|    total_timesteps | 434732   |
| train/             |          |
|    actor_loss      | -5.15    |
|    critic_loss     | 0.0888   |
|    ent_coef        | 0.0124   |
|    ent_coef_loss   | 0.758    |
|    learning_rate   | 0.0001   |
|    n_updates       | 232264   |
---------------------------------
---------------------------------
| rollout/           |          |
|    success_rate    | 0.77     |
| time/              |          |
|    episodes        | 1244     |
|    fps             | 25       |
|    time_elapsed    | 15891    |
|    total_timesteps | 435544   |
| train/             |          |
|    actor_loss      | -5.41    |
|    critic_loss     | 0.0517   |
|    ent_coef        | 0.0127   |
|    ent_coef_loss   | 1.36     |
|    learning_rate   | 0.0001   |
|    n_updates       | 232670   |
---------------------------------
---------------------------------
| rollout/           |          |
|    success_rate    | 0.77     |
| time/              |          |
|    episodes        | 1248     |
|    fps             | 25       |
|    time_elapsed    | 15911    |
|    total_timesteps | 435962   |
| train/             |          |
|    actor_loss      | -5.69    |
|    critic_loss     | 0.147    |
|    ent_coef        | 0.0127   |
|    ent_coef_loss   | 2.1      |
|    learning_rate   | 0.0001   |
|    n_updates       | 232879   |
---------------------------------
---------------------------------
| rollout/           |          |
|    success_rate    | 0.78     |
| time/              |          |
|    episodes        | 1252     |
|    fps             | 25       |
|    time_elapsed    | 15937    |
|    total_timesteps | 436576   |
| train/             |          |
|    actor_loss      | -5.2     |
|    critic_loss     | 0.0975   |
|    ent_coef        | 0.0128   |
|    ent_coef_loss   | 0.399    |
|    learning_rate   | 0.0001   |
|    n_updates       | 233186   |
---------------------------------
---------------------------------
| rollout/           |          |
|    success_rate    | 0.78     |
| time/              |          |
|    episodes        | 1256     |
|    fps             | 25       |
|    time_elapsed    | 15964    |
|    total_timesteps | 437192   |
| train/             |          |
|    actor_loss      | -5.23    |
|    critic_loss     | 0.0756   |
|    ent_coef        | 0.0128   |
|    ent_coef_loss   | 2.99     |
|    learning_rate   | 0.0001   |
|    n_updates       | 233494   |
---------------------------------
---------------------------------
| rollout/           |          |
|    success_rate    | 0.79     |
| time/              |          |
|    episodes        | 1260     |
|    fps             | 25       |
|    time_elapsed    | 15977    |
|    total_timesteps | 437620   |
| train/             |          |
|    actor_loss      | -5.51    |
|    critic_loss     | 0.101    |
|    ent_coef        | 0.0128   |
|    ent_coef_loss   | 1.07     |
|    learning_rate   | 0.0001   |
|    n_updates       | 233708   |
---------------------------------
---------------------------------
| rollout/           |          |
|    success_rate    | 0.78     |
| time/              |          |
|    episodes        | 1264     |
|    fps             | 25       |
|    time_elapsed    | 16021    |
|    total_timesteps | 438836   |
| train/             |          |
|    actor_loss      | -5.52    |
|    critic_loss     | 0.0747   |
|    ent_coef        | 0.0131   |
|    ent_coef_loss   | 1.03     |
|    learning_rate   | 0.0001   |
|    n_updates       | 234316   |
---------------------------------
---------------------------------
| rollout/           |          |
|    success_rate    | 0.79     |
| time/              |          |
|    episodes        | 1268     |
|    fps             | 25       |
|    time_elapsed    | 16040    |
|    total_timesteps | 439276   |
| train/             |          |
|    actor_loss      | -5.42    |
|    critic_loss     | 0.117    |
|    ent_coef        | 0.0132   |
|    ent_coef_loss   | 0.717    |
|    learning_rate   | 0.0001   |
|    n_updates       | 234536   |
---------------------------------
---------------------------------
| rollout/           |          |
|    success_rate    | 0.81     |
| time/              |          |
|    episodes        | 1272     |
|    fps             | 25       |
|    time_elapsed    | 16060    |
|    total_timesteps | 439716   |
| train/             |          |
|    actor_loss      | -5.23    |
|    critic_loss     | 0.0855   |
|    ent_coef        | 0.0132   |
|    ent_coef_loss   | -1.1     |
|    learning_rate   | 0.0001   |
|    n_updates       | 234756   |
---------------------------------
---------------------------------
| rollout/           |          |
|    success_rate    | 0.81     |
| time/              |          |
|    episodes        | 1276     |
|    fps             | 25       |
|    time_elapsed    | 16081    |
|    total_timesteps | 440172   |
| train/             |          |
|    actor_loss      | -5.63    |
|    critic_loss     | 0.164    |
|    ent_coef        | 0.0132   |
|    ent_coef_loss   | 1.13     |
|    learning_rate   | 0.0001   |
|    n_updates       | 234984   |
---------------------------------
---------------------------------
| rollout/           |          |
|    success_rate    | 0.81     |
| time/              |          |
|    episodes        | 1280     |
|    fps             | 25       |
|    time_elapsed    | 16108    |
|    total_timesteps | 440768   |
| train/             |          |
|    actor_loss      | -5.56    |
|    critic_loss     | 0.0196   |
|    ent_coef        | 0.0132   |
|    ent_coef_loss   | -0.383   |
|    learning_rate   | 0.0001   |
|    n_updates       | 235282   |
---------------------------------
---------------------------------
| rollout/           |          |
|    success_rate    | 0.82     |
| time/              |          |
|    episodes        | 1284     |
|    fps             | 25       |
|    time_elapsed    | 16126    |
|    total_timesteps | 441198   |
| train/             |          |
|    actor_loss      | -5.13    |
|    critic_loss     | 0.0283   |
|    ent_coef        | 0.0133   |
|    ent_coef_loss   | -0.535   |
|    learning_rate   | 0.0001   |
|    n_updates       | 235497   |
---------------------------------
---------------------------------
| rollout/           |          |
|    success_rate    | 0.84     |
| time/              |          |
|    episodes        | 1288     |
|    fps             | 25       |
|    time_elapsed    | 16163    |
|    total_timesteps | 442408   |
| train/             |          |
|    actor_loss      | -5.87    |
|    critic_loss     | 0.0266   |
|    ent_coef        | 0.0132   |
|    ent_coef_loss   | -1.31    |
|    learning_rate   | 0.0001   |
|    n_updates       | 236102   |
---------------------------------
---------------------------------
| rollout/           |          |
|    success_rate    | 0.83     |
| time/              |          |
|    episodes        | 1292     |
|    fps             | 25       |
|    time_elapsed    | 16176    |
|    total_timesteps | 442860   |
| train/             |          |
|    actor_loss      | -5.61    |
|    critic_loss     | 0.0756   |
|    ent_coef        | 0.0131   |
|    ent_coef_loss   | -1.54    |
|    learning_rate   | 0.0001   |
|    n_updates       | 236328   |
---------------------------------
---------------------------------
| rollout/           |          |
|    success_rate    | 0.85     |
| time/              |          |
|    episodes        | 1296     |
|    fps             | 25       |
|    time_elapsed    | 16199    |
|    total_timesteps | 443390   |
| train/             |          |
|    actor_loss      | -5.94    |
|    critic_loss     | 0.0987   |
|    ent_coef        | 0.0131   |
|    ent_coef_loss   | -2.22    |
|    learning_rate   | 0.0001   |
|    n_updates       | 236593   |
---------------------------------
---------------------------------
| rollout/           |          |
|    success_rate    | 0.84     |
| time/              |          |
|    episodes        | 1300     |
|    fps             | 25       |
|    time_elapsed    | 16238    |
|    total_timesteps | 444246   |
| train/             |          |
|    actor_loss      | -5.47    |
|    critic_loss     | 0.12     |
|    ent_coef        | 0.0131   |
|    ent_coef_loss   | -1.85    |
|    learning_rate   | 0.0001   |
|    n_updates       | 237021   |
---------------------------------
---------------------------------
| rollout/           |          |
|    success_rate    | 0.85     |
| time/              |          |
|    episodes        | 1304     |
|    fps             | 25       |
|    time_elapsed    | 16272    |
|    total_timesteps | 444968   |
| train/             |          |
|    actor_loss      | -5.89    |
|    critic_loss     | 0.0309   |
|    ent_coef        | 0.013    |
|    ent_coef_loss   | -1.66    |
|    learning_rate   | 0.0001   |
|    n_updates       | 237382   |
---------------------------------
---------------------------------
| rollout/           |          |
|    success_rate    | 0.86     |
| time/              |          |
|    episodes        | 1308     |
|    fps             | 25       |
|    time_elapsed    | 16301    |
|    total_timesteps | 445596   |
| train/             |          |
|    actor_loss      | -5.32    |
|    critic_loss     | 0.076    |
|    ent_coef        | 0.0129   |
|    ent_coef_loss   | -1.25    |
|    learning_rate   | 0.0001   |
|    n_updates       | 237696   |
---------------------------------
---------------------------------
| rollout/           |          |
|    success_rate    | 0.85     |
| time/              |          |
|    episodes        | 1312     |
|    fps             | 25       |
|    time_elapsed    | 16315    |
|    total_timesteps | 446078   |
| train/             |          |
|    actor_loss      | -6.22    |
|    critic_loss     | 0.112    |
|    ent_coef        | 0.0128   |
|    ent_coef_loss   | -1.64    |
|    learning_rate   | 0.0001   |
|    n_updates       | 237937   |
---------------------------------
---------------------------------
| rollout/           |          |
|    success_rate    | 0.83     |
| time/              |          |
|    episodes        | 1316     |
|    fps             | 25       |
|    time_elapsed    | 16359    |
|    total_timesteps | 447394   |
| train/             |          |
|    actor_loss      | -5.84    |
|    critic_loss     | 0.0912   |
|    ent_coef        | 0.0126   |
|    ent_coef_loss   | -1       |
|    learning_rate   | 0.0001   |
|    n_updates       | 238595   |
---------------------------------
---------------------------------
| rollout/           |          |
|    success_rate    | 0.83     |
| time/              |          |
|    episodes        | 1320     |
|    fps             | 25       |
|    time_elapsed    | 16392    |
|    total_timesteps | 448078   |
| train/             |          |
|    actor_loss      | -5.45    |
|    critic_loss     | 0.084    |
|    ent_coef        | 0.0125   |
|    ent_coef_loss   | 1.8      |
|    learning_rate   | 0.0001   |
|    n_updates       | 238937   |
---------------------------------
---------------------------------
| rollout/           |          |
|    success_rate    | 0.81     |
| time/              |          |
|    episodes        | 1324     |
|    fps             | 25       |
|    time_elapsed    | 16422    |
|    total_timesteps | 448786   |
| train/             |          |
|    actor_loss      | -5.57    |
|    critic_loss     | 0.223    |
|    ent_coef        | 0.0123   |
|    ent_coef_loss   | -1.59    |
|    learning_rate   | 0.0001   |
|    n_updates       | 239291   |
---------------------------------
---------------------------------
| rollout/           |          |
|    success_rate    | 0.8      |
| time/              |          |
|    episodes        | 1328     |
|    fps             | 25       |
|    time_elapsed    | 16477    |
|    total_timesteps | 450030   |
| train/             |          |
|    actor_loss      | -5.47    |
|    critic_loss     | 0.17     |
|    ent_coef        | 0.0121   |
|    ent_coef_loss   | -0.871   |
|    learning_rate   | 0.0001   |
|    n_updates       | 239913   |
---------------------------------
---------------------------------
| rollout/           |          |
|    success_rate    | 0.79     |
| time/              |          |
|    episodes        | 1332     |
|    fps             | 25       |
|    time_elapsed    | 16494    |
|    total_timesteps | 450590   |
| train/             |          |
|    actor_loss      | -5.25    |
|    critic_loss     | 0.115    |
|    ent_coef        | 0.0119   |
|    ent_coef_loss   | -1.49    |
|    learning_rate   | 0.0001   |
|    n_updates       | 240193   |
---------------------------------
---------------------------------
| rollout/           |          |
|    success_rate    | 0.79     |
| time/              |          |
|    episodes        | 1336     |
|    fps             | 25       |
|    time_elapsed    | 16525    |
|    total_timesteps | 451590   |
| train/             |          |
|    actor_loss      | -5.9     |
|    critic_loss     | 0.379    |
|    ent_coef        | 0.0116   |
|    ent_coef_loss   | -0.14    |
|    learning_rate   | 0.0001   |
|    n_updates       | 240693   |
---------------------------------
---------------------------------
| rollout/           |          |
|    success_rate    | 0.8      |
| time/              |          |
|    episodes        | 1340     |
|    fps             | 25       |
|    time_elapsed    | 16556    |
|    total_timesteps | 452238   |
| train/             |          |
|    actor_loss      | -5.29    |
|    critic_loss     | 0.0795   |
|    ent_coef        | 0.0115   |
|    ent_coef_loss   | 2.9      |
|    learning_rate   | 0.0001   |
|    n_updates       | 241017   |
---------------------------------
---------------------------------
| rollout/           |          |
|    success_rate    | 0.79     |
| time/              |          |
|    episodes        | 1344     |
|    fps             | 25       |
|    time_elapsed    | 16614    |
|    total_timesteps | 453526   |
| train/             |          |
|    actor_loss      | -5.31    |
|    critic_loss     | 0.228    |
|    ent_coef        | 0.0112   |
|    ent_coef_loss   | 2.1      |
|    learning_rate   | 0.0001   |
|    n_updates       | 241661   |
---------------------------------
---------------------------------
| rollout/           |          |
|    success_rate    | 0.78     |
| time/              |          |
|    episodes        | 1348     |
|    fps             | 25       |
|    time_elapsed    | 16639    |
|    total_timesteps | 454050   |
| train/             |          |
|    actor_loss      | -5.37    |
|    critic_loss     | 0.0854   |
|    ent_coef        | 0.0111   |
|    ent_coef_loss   | -0.0327  |
|    learning_rate   | 0.0001   |
|    n_updates       | 241923   |
---------------------------------
---------------------------------
| rollout/           |          |
|    success_rate    | 0.78     |
| time/              |          |
|    episodes        | 1352     |
|    fps             | 25       |
|    time_elapsed    | 16663    |
|    total_timesteps | 454744   |
| train/             |          |
|    actor_loss      | -4.93    |
|    critic_loss     | 0.388    |
|    ent_coef        | 0.0109   |
|    ent_coef_loss   | 1.52     |
|    learning_rate   | 0.0001   |
|    n_updates       | 242270   |
---------------------------------
---------------------------------
| rollout/           |          |
|    success_rate    | 0.79     |
| time/              |          |
|    episodes        | 1356     |
|    fps             | 25       |
|    time_elapsed    | 16681    |
|    total_timesteps | 455328   |
| train/             |          |
|    actor_loss      | -5.04    |
|    critic_loss     | 0.0209   |
|    ent_coef        | 0.0108   |
|    ent_coef_loss   | 0.0931   |
|    learning_rate   | 0.0001   |
|    n_updates       | 242562   |
---------------------------------
---------------------------------
| rollout/           |          |
|    success_rate    | 0.79     |
| time/              |          |
|    episodes        | 1360     |
|    fps             | 25       |
|    time_elapsed    | 16698    |
|    total_timesteps | 455910   |
| train/             |          |
|    actor_loss      | -5.24    |
|    critic_loss     | 0.057    |
|    ent_coef        | 0.0106   |
|    ent_coef_loss   | -0.0552  |
|    learning_rate   | 0.0001   |
|    n_updates       | 242853   |
---------------------------------
---------------------------------
| rollout/           |          |
|    success_rate    | 0.8      |
| time/              |          |
|    episodes        | 1364     |
|    fps             | 25       |
|    time_elapsed    | 16762    |
|    total_timesteps | 457304   |
| train/             |          |
|    actor_loss      | -4.83    |
|    critic_loss     | 0.339    |
|    ent_coef        | 0.0102   |
|    ent_coef_loss   | 0.00619  |
|    learning_rate   | 0.0001   |
|    n_updates       | 243550   |
---------------------------------
---------------------------------
| rollout/           |          |
|    success_rate    | 0.77     |
| time/              |          |
|    episodes        | 1368     |
|    fps             | 25       |
|    time_elapsed    | 16814    |
|    total_timesteps | 458510   |
| train/             |          |
|    actor_loss      | -4.95    |
|    critic_loss     | 0.0696   |
|    ent_coef        | 0.0101   |
|    ent_coef_loss   | -0.636   |
|    learning_rate   | 0.0001   |
|    n_updates       | 244153   |
---------------------------------
---------------------------------
| rollout/           |          |
|    success_rate    | 0.74     |
| time/              |          |
|    episodes        | 1372     |
|    fps             | 25       |
|    time_elapsed    | 16881    |
|    total_timesteps | 460510   |
| train/             |          |
|    actor_loss      | -5.17    |
|    critic_loss     | 0.21     |
|    ent_coef        | 0.0103   |
|    ent_coef_loss   | 2.22     |
|    learning_rate   | 0.0001   |
|    n_updates       | 245153   |
---------------------------------
---------------------------------
| rollout/           |          |
|    success_rate    | 0.73     |
| time/              |          |
|    episodes        | 1376     |
|    fps             | 25       |
|    time_elapsed    | 16933    |
|    total_timesteps | 461672   |
| train/             |          |
|    actor_loss      | -5.35    |
|    critic_loss     | 0.14     |
|    ent_coef        | 0.0103   |
|    ent_coef_loss   | 0.609    |
|    learning_rate   | 0.0001   |
|    n_updates       | 245734   |
---------------------------------
---------------------------------
| rollout/           |          |
|    success_rate    | 0.73     |
| time/              |          |
|    episodes        | 1380     |
|    fps             | 25       |
|    time_elapsed    | 16970    |
|    total_timesteps | 462468   |
| train/             |          |
|    actor_loss      | -4.67    |
|    critic_loss     | 0.097    |
|    ent_coef        | 0.0106   |
|    ent_coef_loss   | 0.726    |
|    learning_rate   | 0.0001   |
|    n_updates       | 246132   |
---------------------------------
---------------------------------
| rollout/           |          |
|    success_rate    | 0.72     |
| time/              |          |
|    episodes        | 1384     |
|    fps             | 25       |
|    time_elapsed    | 17006    |
|    total_timesteps | 463316   |
| train/             |          |
|    actor_loss      | -5.09    |
|    critic_loss     | 0.153    |
|    ent_coef        | 0.0106   |
|    ent_coef_loss   | -0.838   |
|    learning_rate   | 0.0001   |
|    n_updates       | 246556   |
---------------------------------
---------------------------------
| rollout/           |          |
|    success_rate    | 0.71     |
| time/              |          |
|    episodes        | 1388     |
|    fps             | 25       |
|    time_elapsed    | 17028    |
|    total_timesteps | 464044   |
| train/             |          |
|    actor_loss      | -4.7     |
|    critic_loss     | 0.0597   |
|    ent_coef        | 0.0106   |
|    ent_coef_loss   | -1.69    |
|    learning_rate   | 0.0001   |
|    n_updates       | 246920   |
---------------------------------
---------------------------------
| rollout/           |          |
|    success_rate    | 0.7      |
| time/              |          |
|    episodes        | 1392     |
|    fps             | 25       |
|    time_elapsed    | 17081    |
|    total_timesteps | 465468   |
| train/             |          |
|    actor_loss      | -4.54    |
|    critic_loss     | 0.0693   |
|    ent_coef        | 0.0107   |
|    ent_coef_loss   | 3        |
|    learning_rate   | 0.0001   |
|    n_updates       | 247632   |
---------------------------------
---------------------------------
| rollout/           |          |
|    success_rate    | 0.7      |
| time/              |          |
|    episodes        | 1396     |
|    fps             | 25       |
|    time_elapsed    | 17109    |
|    total_timesteps | 466058   |
| train/             |          |
|    actor_loss      | -4.74    |
|    critic_loss     | 0.1      |
|    ent_coef        | 0.0107   |
|    ent_coef_loss   | 1.05     |
|    learning_rate   | 0.0001   |
|    n_updates       | 247927   |
---------------------------------
---------------------------------
| rollout/           |          |
|    success_rate    | 0.71     |
| time/              |          |
|    episodes        | 1400     |
|    fps             | 25       |
|    time_elapsed    | 17130    |
|    total_timesteps | 466512   |
| train/             |          |
|    actor_loss      | -4.51    |
|    critic_loss     | 0.0258   |
|    ent_coef        | 0.0107   |
|    ent_coef_loss   | 0.42     |
|    learning_rate   | 0.0001   |
|    n_updates       | 248154   |
---------------------------------
---------------------------------
| rollout/           |          |
|    success_rate    | 0.7      |
| time/              |          |
|    episodes        | 1404     |
|    fps             | 25       |
|    time_elapsed    | 17153    |
|    total_timesteps | 466982   |
| train/             |          |
|    actor_loss      | -5.06    |
|    critic_loss     | 0.0628   |
|    ent_coef        | 0.0107   |
|    ent_coef_loss   | 1.47     |
|    learning_rate   | 0.0001   |
|    n_updates       | 248389   |
---------------------------------
---------------------------------
| rollout/           |          |
|    success_rate    | 0.69     |
| time/              |          |
|    episodes        | 1408     |
|    fps             | 25       |
|    time_elapsed    | 17176    |
|    total_timesteps | 467472   |
| train/             |          |
|    actor_loss      | -4.4     |
|    critic_loss     | 0.0223   |
|    ent_coef        | 0.0107   |
|    ent_coef_loss   | -2.01    |
|    learning_rate   | 0.0001   |
|    n_updates       | 248634   |
---------------------------------
---------------------------------
| rollout/           |          |
|    success_rate    | 0.69     |
| time/              |          |
|    episodes        | 1412     |
|    fps             | 25       |
|    time_elapsed    | 17189    |
|    total_timesteps | 467922   |
| train/             |          |
|    actor_loss      | -4.77    |
|    critic_loss     | 0.0814   |
|    ent_coef        | 0.0107   |
|    ent_coef_loss   | 1.4      |
|    learning_rate   | 0.0001   |
|    n_updates       | 248859   |
---------------------------------
---------------------------------
| rollout/           |          |
|    success_rate    | 0.71     |
| time/              |          |
|    episodes        | 1416     |
|    fps             | 25       |
|    time_elapsed    | 17202    |
|    total_timesteps | 468372   |
| train/             |          |
|    actor_loss      | -4.5     |
|    critic_loss     | 0.0549   |
|    ent_coef        | 0.0107   |
|    ent_coef_loss   | -2.12    |
|    learning_rate   | 0.0001   |
|    n_updates       | 249084   |
---------------------------------
---------------------------------
| rollout/           |          |
|    success_rate    | 0.72     |
| time/              |          |
|    episodes        | 1420     |
|    fps             | 25       |
|    time_elapsed    | 17215    |
|    total_timesteps | 468818   |
| train/             |          |
|    actor_loss      | -4.56    |
|    critic_loss     | 0.0315   |
|    ent_coef        | 0.0107   |
|    ent_coef_loss   | 1.85     |
|    learning_rate   | 0.0001   |
|    n_updates       | 249307   |
---------------------------------
---------------------------------
| rollout/           |          |
|    success_rate    | 0.74     |
| time/              |          |
|    episodes        | 1424     |
|    fps             | 25       |
|    time_elapsed    | 17229    |
|    total_timesteps | 469270   |
| train/             |          |
|    actor_loss      | -4.62    |
|    critic_loss     | 0.0787   |
|    ent_coef        | 0.0108   |
|    ent_coef_loss   | -1.48    |
|    learning_rate   | 0.0001   |
|    n_updates       | 249533   |
---------------------------------
---------------------------------
| rollout/           |          |
|    success_rate    | 0.76     |
| time/              |          |
|    episodes        | 1428     |
|    fps             | 25       |
|    time_elapsed    | 17249    |
|    total_timesteps | 469722   |
| train/             |          |
|    actor_loss      | -4.8     |
|    critic_loss     | 0.0558   |
|    ent_coef        | 0.0108   |
|    ent_coef_loss   | -1.23    |
|    learning_rate   | 0.0001   |
|    n_updates       | 249759   |
---------------------------------
---------------------------------
| rollout/           |          |
|    success_rate    | 0.76     |
| time/              |          |
|    episodes        | 1432     |
|    fps             | 25       |
|    time_elapsed    | 17274    |
|    total_timesteps | 470272   |
| train/             |          |
|    actor_loss      | -4.37    |
|    critic_loss     | 0.206    |
|    ent_coef        | 0.0108   |
|    ent_coef_loss   | 1.94     |
|    learning_rate   | 0.0001   |
|    n_updates       | 250034   |
---------------------------------
---------------------------------
| rollout/           |          |
|    success_rate    | 0.77     |
| time/              |          |
|    episodes        | 1436     |
|    fps             | 25       |
|    time_elapsed    | 17296    |
|    total_timesteps | 470724   |
| train/             |          |
|    actor_loss      | -4.75    |
|    critic_loss     | 0.0785   |
|    ent_coef        | 0.0108   |
|    ent_coef_loss   | 0.64     |
|    learning_rate   | 0.0001   |
|    n_updates       | 250260   |
---------------------------------
---------------------------------
| rollout/           |          |
|    success_rate    | 0.78     |
| time/              |          |
|    episodes        | 1440     |
|    fps             | 25       |
|    time_elapsed    | 17337    |
|    total_timesteps | 471614   |
| train/             |          |
|    actor_loss      | -4.83    |
|    critic_loss     | 0.071    |
|    ent_coef        | 0.0109   |
|    ent_coef_loss   | -1.08    |
|    learning_rate   | 0.0001   |
|    n_updates       | 250705   |
---------------------------------
---------------------------------
| rollout/           |          |
|    success_rate    | 0.78     |
| time/              |          |
|    episodes        | 1444     |
|    fps             | 25       |
|    time_elapsed    | 17366    |
|    total_timesteps | 472394   |
| train/             |          |
|    actor_loss      | -4.6     |
|    critic_loss     | 0.0307   |
|    ent_coef        | 0.0108   |
|    ent_coef_loss   | -1.55    |
|    learning_rate   | 0.0001   |
|    n_updates       | 251095   |
---------------------------------
---------------------------------
| rollout/           |          |
|    success_rate    | 0.79     |
| time/              |          |
|    episodes        | 1448     |
|    fps             | 25       |
|    time_elapsed    | 17379    |
|    total_timesteps | 472848   |
| train/             |          |
|    actor_loss      | -3.95    |
|    critic_loss     | 0.0907   |
|    ent_coef        | 0.0107   |
|    ent_coef_loss   | 1.75     |
|    learning_rate   | 0.0001   |
|    n_updates       | 251322   |
---------------------------------
---------------------------------
| rollout/           |          |
|    success_rate    | 0.78     |
| time/              |          |
|    episodes        | 1452     |
|    fps             | 25       |
|    time_elapsed    | 17421    |
|    total_timesteps | 474042   |
| train/             |          |
|    actor_loss      | -4.17    |
|    critic_loss     | 0.137    |
|    ent_coef        | 0.0106   |
|    ent_coef_loss   | 0.0812   |
|    learning_rate   | 0.0001   |
|    n_updates       | 251919   |
---------------------------------
---------------------------------
| rollout/           |          |
|    success_rate    | 0.77     |
| time/              |          |
|    episodes        | 1456     |
|    fps             | 25       |
|    time_elapsed    | 17478    |
|    total_timesteps | 475240   |
| train/             |          |
|    actor_loss      | -5.07    |
|    critic_loss     | 0.145    |
|    ent_coef        | 0.0107   |
|    ent_coef_loss   | -1.03    |
|    learning_rate   | 0.0001   |
|    n_updates       | 252518   |
---------------------------------
---------------------------------
| rollout/           |          |
|    success_rate    | 0.76     |
| time/              |          |
|    episodes        | 1460     |
|    fps             | 25       |
|    time_elapsed    | 17509    |
|    total_timesteps | 475884   |
| train/             |          |
|    actor_loss      | -4.16    |
|    critic_loss     | 0.0561   |
|    ent_coef        | 0.0107   |
|    ent_coef_loss   | -1.08    |
|    learning_rate   | 0.0001   |
|    n_updates       | 252840   |
---------------------------------
---------------------------------
| rollout/           |          |
|    success_rate    | 0.76     |
| time/              |          |
|    episodes        | 1464     |
|    fps             | 25       |
|    time_elapsed    | 17553    |
|    total_timesteps | 477114   |
| train/             |          |
|    actor_loss      | -4.77    |
|    critic_loss     | 0.723    |
|    ent_coef        | 0.0107   |
|    ent_coef_loss   | 0.131    |
|    learning_rate   | 0.0001   |
|    n_updates       | 253455   |
---------------------------------
---------------------------------
| rollout/           |          |
|    success_rate    | 0.78     |
| time/              |          |
|    episodes        | 1468     |
|    fps             | 25       |
|    time_elapsed    | 17576    |
|    total_timesteps | 477884   |
| train/             |          |
|    actor_loss      | -4.39    |
|    critic_loss     | 0.102    |
|    ent_coef        | 0.0108   |
|    ent_coef_loss   | 1.15     |
|    learning_rate   | 0.0001   |
|    n_updates       | 253840   |
---------------------------------
---------------------------------
| rollout/           |          |
|    success_rate    | 0.8      |
| time/              |          |
|    episodes        | 1472     |
|    fps             | 25       |
|    time_elapsed    | 17597    |
|    total_timesteps | 478360   |
| train/             |          |
|    actor_loss      | -4.25    |
|    critic_loss     | 0.0364   |
|    ent_coef        | 0.0108   |
|    ent_coef_loss   | 2.72     |
|    learning_rate   | 0.0001   |
|    n_updates       | 254078   |
---------------------------------
---------------------------------
| rollout/           |          |
|    success_rate    | 0.79     |
| time/              |          |
|    episodes        | 1476     |
|    fps             | 25       |
|    time_elapsed    | 17668    |
|    total_timesteps | 479802   |
| train/             |          |
|    actor_loss      | -4.7     |
|    critic_loss     | 0.0427   |
|    ent_coef        | 0.0108   |
|    ent_coef_loss   | -0.792   |
|    learning_rate   | 0.0001   |
|    n_updates       | 254799   |
---------------------------------
---------------------------------
| rollout/           |          |
|    success_rate    | 0.79     |
| time/              |          |
|    episodes        | 1480     |
|    fps             | 25       |
|    time_elapsed    | 17701    |
|    total_timesteps | 480486   |
| train/             |          |
|    actor_loss      | -4.71    |
|    critic_loss     | 0.236    |
|    ent_coef        | 0.0109   |
|    ent_coef_loss   | 0.515    |
|    learning_rate   | 0.0001   |
|    n_updates       | 255141   |
---------------------------------
---------------------------------
| rollout/           |          |
|    success_rate    | 0.79     |
| time/              |          |
|    episodes        | 1484     |
|    fps             | 25       |
|    time_elapsed    | 17735    |
|    total_timesteps | 481564   |
| train/             |          |
|    actor_loss      | -4.2     |
|    critic_loss     | 0.0431   |
|    ent_coef        | 0.0109   |
|    ent_coef_loss   | -0.957   |
|    learning_rate   | 0.0001   |
|    n_updates       | 255680   |
---------------------------------
---------------------------------
| rollout/           |          |
|    success_rate    | 0.78     |
| time/              |          |
|    episodes        | 1488     |
|    fps             | 25       |
|    time_elapsed    | 17789    |
|    total_timesteps | 482924   |
| train/             |          |
|    actor_loss      | -4.75    |
|    critic_loss     | 0.0633   |
|    ent_coef        | 0.0108   |
|    ent_coef_loss   | -1.36    |
|    learning_rate   | 0.0001   |
|    n_updates       | 256360   |
---------------------------------
---------------------------------
| rollout/           |          |
|    success_rate    | 0.79     |
| time/              |          |
|    episodes        | 1492     |
|    fps             | 25       |
|    time_elapsed    | 17812    |
|    total_timesteps | 483414   |
| train/             |          |
|    actor_loss      | -4.41    |
|    critic_loss     | 0.0833   |
|    ent_coef        | 0.0107   |
|    ent_coef_loss   | -2.35    |
|    learning_rate   | 0.0001   |
|    n_updates       | 256605   |
---------------------------------
---------------------------------
| rollout/           |          |
|    success_rate    | 0.79     |
| time/              |          |
|    episodes        | 1496     |
|    fps             | 25       |
|    time_elapsed    | 17860    |
|    total_timesteps | 484414   |
| train/             |          |
|    actor_loss      | -3.82    |
|    critic_loss     | 0.16     |
|    ent_coef        | 0.0106   |
|    ent_coef_loss   | 0.47     |
|    learning_rate   | 0.0001   |
|    n_updates       | 257105   |
---------------------------------
---------------------------------
| rollout/           |          |
|    success_rate    | 0.78     |
| time/              |          |
|    episodes        | 1500     |
|    fps             | 25       |
|    time_elapsed    | 17887    |
|    total_timesteps | 485056   |
| train/             |          |
|    actor_loss      | -3.93    |
|    critic_loss     | 0.103    |
|    ent_coef        | 0.0105   |
|    ent_coef_loss   | 0.391    |
|    learning_rate   | 0.0001   |
|    n_updates       | 257426   |
---------------------------------
---------------------------------
| rollout/           |          |
|    success_rate    | 0.79     |
| time/              |          |
|    episodes        | 1504     |
|    fps             | 25       |
|    time_elapsed    | 17905    |
|    total_timesteps | 485694   |
| train/             |          |
|    actor_loss      | -4.26    |
|    critic_loss     | 0.297    |
|    ent_coef        | 0.0104   |
|    ent_coef_loss   | -2.27    |
|    learning_rate   | 0.0001   |
|    n_updates       | 257745   |
---------------------------------
---------------------------------
| rollout/           |          |
|    success_rate    | 0.79     |
| time/              |          |
|    episodes        | 1508     |
|    fps             | 25       |
|    time_elapsed    | 17924    |
|    total_timesteps | 486320   |
| train/             |          |
|    actor_loss      | -3.9     |
|    critic_loss     | 0.57     |
|    ent_coef        | 0.0104   |
|    ent_coef_loss   | 1.18     |
|    learning_rate   | 0.0001   |
|    n_updates       | 258058   |
---------------------------------
---------------------------------
| rollout/           |          |
|    success_rate    | 0.78     |
| time/              |          |
|    episodes        | 1512     |
|    fps             | 25       |
|    time_elapsed    | 17979    |
|    total_timesteps | 487526   |
| train/             |          |
|    actor_loss      | -4.7     |
|    critic_loss     | 0.0263   |
|    ent_coef        | 0.0101   |
|    ent_coef_loss   | -0.98    |
|    learning_rate   | 0.0001   |
|    n_updates       | 258661   |
---------------------------------
---------------------------------
| rollout/           |          |
|    success_rate    | 0.77     |
| time/              |          |
|    episodes        | 1516     |
|    fps             | 25       |
|    time_elapsed    | 18032    |
|    total_timesteps | 488652   |
| train/             |          |
|    actor_loss      | -4.23    |
|    critic_loss     | 0.0511   |
|    ent_coef        | 0.00984  |
|    ent_coef_loss   | -2.15    |
|    learning_rate   | 0.0001   |
|    n_updates       | 259224   |
---------------------------------
---------------------------------
| rollout/           |          |
|    success_rate    | 0.78     |
| time/              |          |
|    episodes        | 1520     |
|    fps             | 25       |
|    time_elapsed    | 18070    |
|    total_timesteps | 489640   |
| train/             |          |
|    actor_loss      | -4.3     |
|    critic_loss     | 0.252    |
|    ent_coef        | 0.00959  |
|    ent_coef_loss   | -3.67    |
|    learning_rate   | 0.0001   |
|    n_updates       | 259718   |
---------------------------------
---------------------------------
| rollout/           |          |
|    success_rate    | 0.76     |
| time/              |          |
|    episodes        | 1524     |
|    fps             | 25       |
|    time_elapsed    | 18108    |
|    total_timesteps | 490868   |
| train/             |          |
|    actor_loss      | -4.13    |
|    critic_loss     | 0.272    |
|    ent_coef        | 0.00941  |
|    ent_coef_loss   | 3.2      |
|    learning_rate   | 0.0001   |
|    n_updates       | 260332   |
---------------------------------
---------------------------------
| rollout/           |          |
|    success_rate    | 0.76     |
| time/              |          |
|    episodes        | 1528     |
|    fps             | 25       |
|    time_elapsed    | 18130    |
|    total_timesteps | 491326   |
| train/             |          |
|    actor_loss      | -3.95    |
|    critic_loss     | 0.0248   |
|    ent_coef        | 0.00934  |
|    ent_coef_loss   | -1.45    |
|    learning_rate   | 0.0001   |
|    n_updates       | 260561   |
---------------------------------
---------------------------------
| rollout/           |          |
|    success_rate    | 0.77     |
| time/              |          |
|    episodes        | 1532     |
|    fps             | 25       |
|    time_elapsed    | 18162    |
|    total_timesteps | 491992   |
| train/             |          |
|    actor_loss      | -3.67    |
|    critic_loss     | 0.0253   |
|    ent_coef        | 0.00934  |
|    ent_coef_loss   | -2.59    |
|    learning_rate   | 0.0001   |
|    n_updates       | 260894   |
---------------------------------
---------------------------------
| rollout/           |          |
|    success_rate    | 0.74     |
| time/              |          |
|    episodes        | 1536     |
|    fps             | 25       |
|    time_elapsed    | 18207    |
|    total_timesteps | 492992   |
| train/             |          |
|    actor_loss      | -4       |
|    critic_loss     | 0.221    |
|    ent_coef        | 0.00919  |
|    ent_coef_loss   | -1.08    |
|    learning_rate   | 0.0001   |
|    n_updates       | 261394   |
---------------------------------
---------------------------------
| rollout/           |          |
|    success_rate    | 0.72     |
| time/              |          |
|    episodes        | 1540     |
|    fps             | 25       |
|    time_elapsed    | 18252    |
|    total_timesteps | 494206   |
| train/             |          |
|    actor_loss      | -4.49    |
|    critic_loss     | 0.264    |
|    ent_coef        | 0.0092   |
|    ent_coef_loss   | -0.467   |
|    learning_rate   | 0.0001   |
|    n_updates       | 262001   |
---------------------------------
---------------------------------
| rollout/           |          |
|    success_rate    | 0.73     |
| time/              |          |
|    episodes        | 1544     |
|    fps             | 25       |
|    time_elapsed    | 18270    |
|    total_timesteps | 494850   |
| train/             |          |
|    actor_loss      | -4.38    |
|    critic_loss     | 0.219    |
|    ent_coef        | 0.00912  |
|    ent_coef_loss   | -0.109   |
|    learning_rate   | 0.0001   |
|    n_updates       | 262323   |
---------------------------------
---------------------------------
| rollout/           |          |
|    success_rate    | 0.72     |
| time/              |          |
|    episodes        | 1548     |
|    fps             | 25       |
|    time_elapsed    | 18313    |
|    total_timesteps | 495850   |
| train/             |          |
|    actor_loss      | -3.98    |
|    critic_loss     | 0.103    |
|    ent_coef        | 0.00909  |
|    ent_coef_loss   | -1.63    |
|    learning_rate   | 0.0001   |
|    n_updates       | 262823   |
---------------------------------
---------------------------------
| rollout/           |          |
|    success_rate    | 0.73     |
| time/              |          |
|    episodes        | 1552     |
|    fps             | 25       |
|    time_elapsed    | 18335    |
|    total_timesteps | 496308   |
| train/             |          |
|    actor_loss      | -3.54    |
|    critic_loss     | 0.111    |
|    ent_coef        | 0.00908  |
|    ent_coef_loss   | 5.02     |
|    learning_rate   | 0.0001   |
|    n_updates       | 263052   |
---------------------------------
---------------------------------
| rollout/           |          |
|    success_rate    | 0.73     |
| time/              |          |
|    episodes        | 1556     |
|    fps             | 25       |
|    time_elapsed    | 18355    |
|    total_timesteps | 496784   |
| train/             |          |
|    actor_loss      | -3.89    |
|    critic_loss     | 0.137    |
|    ent_coef        | 0.00898  |
|    ent_coef_loss   | 2.27     |
|    learning_rate   | 0.0001   |
|    n_updates       | 263290   |
---------------------------------
---------------------------------
| rollout/           |          |
|    success_rate    | 0.74     |
| time/              |          |
|    episodes        | 1560     |
|    fps             | 25       |
|    time_elapsed    | 18376    |
|    total_timesteps | 497238   |
| train/             |          |
|    actor_loss      | -3.81    |
|    critic_loss     | 0.365    |
|    ent_coef        | 0.00893  |
|    ent_coef_loss   | 3.34     |
|    learning_rate   | 0.0001   |
|    n_updates       | 263517   |
---------------------------------
---------------------------------
| rollout/           |          |
|    success_rate    | 0.74     |
| time/              |          |
|    episodes        | 1564     |
|    fps             | 25       |
|    time_elapsed    | 18413    |
|    total_timesteps | 498168   |
| train/             |          |
|    actor_loss      | -3.94    |
|    critic_loss     | 0.0362   |
|    ent_coef        | 0.00885  |
|    ent_coef_loss   | 1.26     |
|    learning_rate   | 0.0001   |
|    n_updates       | 263982   |
---------------------------------
---------------------------------
| rollout/           |          |
|    success_rate    | 0.74     |
| time/              |          |
|    episodes        | 1568     |
|    fps             | 25       |
|    time_elapsed    | 18433    |
|    total_timesteps | 498846   |
| train/             |          |
|    actor_loss      | -3.98    |
|    critic_loss     | 0.043    |
|    ent_coef        | 0.00895  |
|    ent_coef_loss   | -0.657   |
|    learning_rate   | 0.0001   |
|    n_updates       | 264321   |
---------------------------------
---------------------------------
| rollout/           |          |
|    success_rate    | 0.74     |
| time/              |          |
|    episodes        | 1572     |
|    fps             | 25       |
|    time_elapsed    | 18450    |
|    total_timesteps | 499412   |
| train/             |          |
|    actor_loss      | -3.94    |
|    critic_loss     | 0.208    |
|    ent_coef        | 0.00901  |
|    ent_coef_loss   | -1.21    |
|    learning_rate   | 0.0001   |
|    n_updates       | 264604   |
---------------------------------
---------------------------------
| rollout/           |          |
|    success_rate    | 0.76     |
| time/              |          |
|    episodes        | 1576     |
|    fps             | 25       |
|    time_elapsed    | 18466    |
|    total_timesteps | 499856   |
| train/             |          |
|    actor_loss      | -4.22    |
|    critic_loss     | 0.0345   |
|    ent_coef        | 0.00902  |
|    ent_coef_loss   | -0.293   |
|    learning_rate   | 0.0001   |
|    n_updates       | 264826   |
---------------------------------
---------------------------------
| rollout/           |          |
|    success_rate    | 0.76     |
| time/              |          |
|    episodes        | 1580     |
|    fps             | 25       |
|    time_elapsed    | 18489    |
|    total_timesteps | 500348   |
| train/             |          |
|    actor_loss      | -3.82    |
|    critic_loss     | 0.0352   |
|    ent_coef        | 0.00902  |
|    ent_coef_loss   | -0.27    |
|    learning_rate   | 0.0001   |
|    n_updates       | 265072   |
---------------------------------
---------------------------------
| rollout/           |          |
|    success_rate    | 0.77     |
| time/              |          |
|    episodes        | 1584     |
|    fps             | 25       |
|    time_elapsed    | 18513    |
|    total_timesteps | 500842   |
| train/             |          |
|    actor_loss      | -4.28    |
|    critic_loss     | 0.0872   |
|    ent_coef        | 0.00896  |
|    ent_coef_loss   | 0.72     |
|    learning_rate   | 0.0001   |
|    n_updates       | 265319   |
---------------------------------
---------------------------------
| rollout/           |          |
|    success_rate    | 0.78     |
| time/              |          |
|    episodes        | 1588     |
|    fps             | 25       |
|    time_elapsed    | 18552    |
|    total_timesteps | 501732   |
| train/             |          |
|    actor_loss      | -4.58    |
|    critic_loss     | 0.0951   |
|    ent_coef        | 0.00901  |
|    ent_coef_loss   | 2.83     |
|    learning_rate   | 0.0001   |
|    n_updates       | 265764   |
---------------------------------
---------------------------------
| rollout/           |          |
|    success_rate    | 0.79     |
| time/              |          |
|    episodes        | 1592     |
|    fps             | 25       |
|    time_elapsed    | 18577    |
|    total_timesteps | 502298   |
| train/             |          |
|    actor_loss      | -3.73    |
|    critic_loss     | 0.105    |
|    ent_coef        | 0.00908  |
|    ent_coef_loss   | -0.168   |
|    learning_rate   | 0.0001   |
|    n_updates       | 266047   |
---------------------------------
---------------------------------
| rollout/           |          |
|    success_rate    | 0.8      |
| time/              |          |
|    episodes        | 1596     |
|    fps             | 25       |
|    time_elapsed    | 18592    |
|    total_timesteps | 502754   |
| train/             |          |
|    actor_loss      | -4.16    |
|    critic_loss     | 0.0693   |
|    ent_coef        | 0.00908  |
|    ent_coef_loss   | 2.11     |
|    learning_rate   | 0.0001   |
|    n_updates       | 266275   |
---------------------------------
---------------------------------
| rollout/           |          |
|    success_rate    | 0.81     |
| time/              |          |
|    episodes        | 1600     |
|    fps             | 25       |
|    time_elapsed    | 18611    |
|    total_timesteps | 503428   |
| train/             |          |
|    actor_loss      | -3.98    |
|    critic_loss     | 0.19     |
|    ent_coef        | 0.00908  |
|    ent_coef_loss   | 1.62     |
|    learning_rate   | 0.0001   |
|    n_updates       | 266612   |
---------------------------------
---------------------------------
| rollout/           |          |
|    success_rate    | 0.8      |
| time/              |          |
|    episodes        | 1604     |
|    fps             | 25       |
|    time_elapsed    | 18634    |
|    total_timesteps | 504112   |
| train/             |          |
|    actor_loss      | -4.26    |
|    critic_loss     | 0.183    |
|    ent_coef        | 0.00913  |
|    ent_coef_loss   | 2.36     |
|    learning_rate   | 0.0001   |
|    n_updates       | 266954   |
---------------------------------
---------------------------------
| rollout/           |          |
|    success_rate    | 0.79     |
| time/              |          |
|    episodes        | 1608     |
|    fps             | 25       |
|    time_elapsed    | 18690    |
|    total_timesteps | 505336   |
| train/             |          |
|    actor_loss      | -3.99    |
|    critic_loss     | 0.158    |
|    ent_coef        | 0.00919  |
|    ent_coef_loss   | 0.58     |
|    learning_rate   | 0.0001   |
|    n_updates       | 267566   |
---------------------------------
---------------------------------
| rollout/           |          |
|    success_rate    | 0.8      |
| time/              |          |
|    episodes        | 1612     |
|    fps             | 25       |
|    time_elapsed    | 18719    |
|    total_timesteps | 506002   |
| train/             |          |
|    actor_loss      | -3.95    |
|    critic_loss     | 0.0639   |
|    ent_coef        | 0.00923  |
|    ent_coef_loss   | -1.77    |
|    learning_rate   | 0.0001   |
|    n_updates       | 267899   |
---------------------------------
---------------------------------
| rollout/           |          |
|    success_rate    | 0.8      |
| time/              |          |
|    episodes        | 1616     |
|    fps             | 25       |
|    time_elapsed    | 18744    |
|    total_timesteps | 506570   |
| train/             |          |
|    actor_loss      | -4.32    |
|    critic_loss     | 0.0779   |
|    ent_coef        | 0.0092   |
|    ent_coef_loss   | -4.08    |
|    learning_rate   | 0.0001   |
|    n_updates       | 268183   |
---------------------------------
---------------------------------
| rollout/           |          |
|    success_rate    | 0.8      |
| time/              |          |
|    episodes        | 1620     |
|    fps             | 25       |
|    time_elapsed    | 18768    |
|    total_timesteps | 507266   |
| train/             |          |
|    actor_loss      | -4.53    |
|    critic_loss     | 0.0324   |
|    ent_coef        | 0.00916  |
|    ent_coef_loss   | -0.543   |
|    learning_rate   | 0.0001   |
|    n_updates       | 268531   |
---------------------------------
---------------------------------
| rollout/           |          |
|    success_rate    | 0.81     |
| time/              |          |
|    episodes        | 1624     |
|    fps             | 25       |
|    time_elapsed    | 18786    |
|    total_timesteps | 507898   |
| train/             |          |
|    actor_loss      | -3.76    |
|    critic_loss     | 0.0265   |
|    ent_coef        | 0.00906  |
|    ent_coef_loss   | -2.84    |
|    learning_rate   | 0.0001   |
|    n_updates       | 268847   |
---------------------------------
---------------------------------
| rollout/           |          |
|    success_rate    | 0.81     |
| time/              |          |
|    episodes        | 1628     |
|    fps             | 25       |
|    time_elapsed    | 18799    |
|    total_timesteps | 508336   |
| train/             |          |
|    actor_loss      | -4.29    |
|    critic_loss     | 0.0651   |
|    ent_coef        | 0.00907  |
|    ent_coef_loss   | -1.15    |
|    learning_rate   | 0.0001   |
|    n_updates       | 269066   |
---------------------------------
---------------------------------
| rollout/           |          |
|    success_rate    | 0.81     |
| time/              |          |
|    episodes        | 1632     |
|    fps             | 25       |
|    time_elapsed    | 18815    |
|    total_timesteps | 508790   |
| train/             |          |
|    actor_loss      | -4.54    |
|    critic_loss     | 0.0724   |
|    ent_coef        | 0.0091   |
|    ent_coef_loss   | 1.66     |
|    learning_rate   | 0.0001   |
|    n_updates       | 269293   |
---------------------------------
---------------------------------
| rollout/           |          |
|    success_rate    | 0.84     |
| time/              |          |
|    episodes        | 1636     |
|    fps             | 25       |
|    time_elapsed    | 18849    |
|    total_timesteps | 509486   |
| train/             |          |
|    actor_loss      | -4.35    |
|    critic_loss     | 0.0469   |
|    ent_coef        | 0.00916  |
|    ent_coef_loss   | 1.31     |
|    learning_rate   | 0.0001   |
|    n_updates       | 269641   |
---------------------------------
---------------------------------
| rollout/           |          |
|    success_rate    | 0.85     |
| time/              |          |
|    episodes        | 1640     |
|    fps             | 25       |
|    time_elapsed    | 18877    |
|    total_timesteps | 510088   |
| train/             |          |
|    actor_loss      | -4.65    |
|    critic_loss     | 0.284    |
|    ent_coef        | 0.00921  |
|    ent_coef_loss   | 0.431    |
|    learning_rate   | 0.0001   |
|    n_updates       | 269942   |
---------------------------------
---------------------------------
| rollout/           |          |
|    success_rate    | 0.85     |
| time/              |          |
|    episodes        | 1644     |
|    fps             | 25       |
|    time_elapsed    | 18898    |
|    total_timesteps | 510534   |
| train/             |          |
|    actor_loss      | -4.42    |
|    critic_loss     | 0.0437   |
|    ent_coef        | 0.00926  |
|    ent_coef_loss   | -1.49    |
|    learning_rate   | 0.0001   |
|    n_updates       | 270165   |
---------------------------------
---------------------------------
| rollout/           |          |
|    success_rate    | 0.87     |
| time/              |          |
|    episodes        | 1648     |
|    fps             | 25       |
|    time_elapsed    | 18920    |
|    total_timesteps | 510990   |
| train/             |          |
|    actor_loss      | -4.07    |
|    critic_loss     | 0.123    |
|    ent_coef        | 0.00928  |
|    ent_coef_loss   | 0.593    |
|    learning_rate   | 0.0001   |
|    n_updates       | 270393   |
---------------------------------
---------------------------------
| rollout/           |          |
|    success_rate    | 0.85     |
| time/              |          |
|    episodes        | 1652     |
|    fps             | 25       |
|    time_elapsed    | 18967    |
|    total_timesteps | 512424   |
| train/             |          |
|    actor_loss      | -4.6     |
|    critic_loss     | 0.0753   |
|    ent_coef        | 0.00927  |
|    ent_coef_loss   | 0.123    |
|    learning_rate   | 0.0001   |
|    n_updates       | 271110   |
---------------------------------
---------------------------------
| rollout/           |          |
|    success_rate    | 0.85     |
| time/              |          |
|    episodes        | 1656     |
|    fps             | 25       |
|    time_elapsed    | 18992    |
|    total_timesteps | 513044   |
| train/             |          |
|    actor_loss      | -4.52    |
|    critic_loss     | 0.425    |
|    ent_coef        | 0.00924  |
|    ent_coef_loss   | 1.51     |
|    learning_rate   | 0.0001   |
|    n_updates       | 271420   |
---------------------------------
---------------------------------
| rollout/           |          |
|    success_rate    | 0.84     |
| time/              |          |
|    episodes        | 1660     |
|    fps             | 25       |
|    time_elapsed    | 19035    |
|    total_timesteps | 513908   |
| train/             |          |
|    actor_loss      | -4.41    |
|    critic_loss     | 0.193    |
|    ent_coef        | 0.00925  |
|    ent_coef_loss   | 0.395    |
|    learning_rate   | 0.0001   |
|    n_updates       | 271852   |
---------------------------------
---------------------------------
| rollout/           |          |
|    success_rate    | 0.85     |
| time/              |          |
|    episodes        | 1664     |
|    fps             | 25       |
|    time_elapsed    | 19085    |
|    total_timesteps | 514912   |
| train/             |          |
|    actor_loss      | -4.72    |
|    critic_loss     | 0.085    |
|    ent_coef        | 0.00924  |
|    ent_coef_loss   | 0.777    |
|    learning_rate   | 0.0001   |
|    n_updates       | 272354   |
---------------------------------
---------------------------------
| rollout/           |          |
|    success_rate    | 0.85     |
| time/              |          |
|    episodes        | 1668     |
|    fps             | 25       |
|    time_elapsed    | 19106    |
|    total_timesteps | 515394   |
| train/             |          |
|    actor_loss      | -4.65    |
|    critic_loss     | 0.0603   |
|    ent_coef        | 0.00927  |
|    ent_coef_loss   | -1.42    |
|    learning_rate   | 0.0001   |
|    n_updates       | 272595   |
---------------------------------
---------------------------------
| rollout/           |          |
|    success_rate    | 0.86     |
| time/              |          |
|    episodes        | 1672     |
|    fps             | 25       |
|    time_elapsed    | 19124    |
|    total_timesteps | 516006   |
| train/             |          |
|    actor_loss      | -4.66    |
|    critic_loss     | 0.0822   |
|    ent_coef        | 0.00934  |
|    ent_coef_loss   | 1.56     |
|    learning_rate   | 0.0001   |
|    n_updates       | 272901   |
---------------------------------
---------------------------------
| rollout/           |          |
|    success_rate    | 0.85     |
| time/              |          |
|    episodes        | 1676     |
|    fps             | 25       |
|    time_elapsed    | 19160    |
|    total_timesteps | 517046   |
| train/             |          |
|    actor_loss      | -4.67    |
|    critic_loss     | 0.0329   |
|    ent_coef        | 0.00945  |
|    ent_coef_loss   | -2.33    |
|    learning_rate   | 0.0001   |
|    n_updates       | 273421   |
---------------------------------
---------------------------------
| rollout/           |          |
|    success_rate    | 0.85     |
| time/              |          |
|    episodes        | 1680     |
|    fps             | 25       |
|    time_elapsed    | 19181    |
|    total_timesteps | 517476   |
| train/             |          |
|    actor_loss      | -5.22    |
|    critic_loss     | 0.138    |
|    ent_coef        | 0.00944  |
|    ent_coef_loss   | -1.2     |
|    learning_rate   | 0.0001   |
|    n_updates       | 273636   |
---------------------------------
---------------------------------
| rollout/           |          |
|    success_rate    | 0.85     |
| time/              |          |
|    episodes        | 1684     |
|    fps             | 25       |
|    time_elapsed    | 19201    |
|    total_timesteps | 517902   |
| train/             |          |
|    actor_loss      | -4.83    |
|    critic_loss     | 0.386    |
|    ent_coef        | 0.00939  |
|    ent_coef_loss   | 1.11     |
|    learning_rate   | 0.0001   |
|    n_updates       | 273849   |
---------------------------------
---------------------------------
| rollout/           |          |
|    success_rate    | 0.86     |
| time/              |          |
|    episodes        | 1688     |
|    fps             | 25       |
|    time_elapsed    | 19230    |
|    total_timesteps | 518516   |
| train/             |          |
|    actor_loss      | -5.14    |
|    critic_loss     | 0.0825   |
|    ent_coef        | 0.00933  |
|    ent_coef_loss   | 1.94     |
|    learning_rate   | 0.0001   |
|    n_updates       | 274156   |
---------------------------------
---------------------------------
| rollout/           |          |
|    success_rate    | 0.84     |
| time/              |          |
|    episodes        | 1692     |
|    fps             | 25       |
|    time_elapsed    | 19287    |
|    total_timesteps | 519732   |
| train/             |          |
|    actor_loss      | -5.01    |
|    critic_loss     | 0.0518   |
|    ent_coef        | 0.00932  |
|    ent_coef_loss   | -0.0327  |
|    learning_rate   | 0.0001   |
|    n_updates       | 274764   |
---------------------------------
---------------------------------
| rollout/           |          |
|    success_rate    | 0.82     |
| time/              |          |
|    episodes        | 1696     |
|    fps             | 25       |
|    time_elapsed    | 19319    |
|    total_timesteps | 520752   |
| train/             |          |
|    actor_loss      | -5.26    |
|    critic_loss     | 0.193    |
|    ent_coef        | 0.0092   |
|    ent_coef_loss   | -1.21    |
|    learning_rate   | 0.0001   |
|    n_updates       | 275274   |
---------------------------------
---------------------------------
| rollout/           |          |
|    success_rate    | 0.82     |
| time/              |          |
|    episodes        | 1700     |
|    fps             | 25       |
|    time_elapsed    | 19349    |
|    total_timesteps | 521436   |
| train/             |          |
|    actor_loss      | -5.3     |
|    critic_loss     | 0.0285   |
|    ent_coef        | 0.00913  |
|    ent_coef_loss   | 0.0276   |
|    learning_rate   | 0.0001   |
|    n_updates       | 275616   |
---------------------------------
---------------------------------
| rollout/           |          |
|    success_rate    | 0.81     |
| time/              |          |
|    episodes        | 1704     |
|    fps             | 25       |
|    time_elapsed    | 19407    |
|    total_timesteps | 522652   |
| train/             |          |
|    actor_loss      | -5.15    |
|    critic_loss     | 0.109    |
|    ent_coef        | 0.00911  |
|    ent_coef_loss   | 0.687    |
|    learning_rate   | 0.0001   |
|    n_updates       | 276224   |
---------------------------------
---------------------------------
| rollout/           |          |
|    success_rate    | 0.81     |
| time/              |          |
|    episodes        | 1708     |
|    fps             | 25       |
|    time_elapsed    | 19479    |
|    total_timesteps | 524088   |
| train/             |          |
|    actor_loss      | -5.21    |
|    critic_loss     | 0.185    |
|    ent_coef        | 0.00878  |
|    ent_coef_loss   | -0.44    |
|    learning_rate   | 0.0001   |
|    n_updates       | 276942   |
---------------------------------
---------------------------------
| rollout/           |          |
|    success_rate    | 0.79     |
| time/              |          |
|    episodes        | 1712     |
|    fps             | 25       |
|    time_elapsed    | 19529    |
|    total_timesteps | 525298   |
| train/             |          |
|    actor_loss      | -5.6     |
|    critic_loss     | 0.029    |
|    ent_coef        | 0.00876  |
|    ent_coef_loss   | -1.42    |
|    learning_rate   | 0.0001   |
|    n_updates       | 277547   |
---------------------------------
---------------------------------
| rollout/           |          |
|    success_rate    | 0.8      |
| time/              |          |
|    episodes        | 1716     |
|    fps             | 25       |
|    time_elapsed    | 19540    |
|    total_timesteps | 525716   |
| train/             |          |
|    actor_loss      | -5.78    |
|    critic_loss     | 0.084    |
|    ent_coef        | 0.00874  |
|    ent_coef_loss   | -0.529   |
|    learning_rate   | 0.0001   |
|    n_updates       | 277756   |
---------------------------------
---------------------------------
| rollout/           |          |
|    success_rate    | 0.79     |
| time/              |          |
|    episodes        | 1720     |
|    fps             | 25       |
|    time_elapsed    | 19588    |
|    total_timesteps | 526784   |
| train/             |          |
|    actor_loss      | -5.39    |
|    critic_loss     | 0.104    |
|    ent_coef        | 0.00878  |
|    ent_coef_loss   | 0.48     |
|    learning_rate   | 0.0001   |
|    n_updates       | 278290   |
---------------------------------
---------------------------------
| rollout/           |          |
|    success_rate    | 0.76     |
| time/              |          |
|    episodes        | 1724     |
|    fps             | 25       |
|    time_elapsed    | 19679    |
|    total_timesteps | 528784   |
| train/             |          |
|    actor_loss      | -5.96    |
|    critic_loss     | 0.0237   |
|    ent_coef        | 0.00866  |
|    ent_coef_loss   | -1.79    |
|    learning_rate   | 0.0001   |
|    n_updates       | 279290   |
---------------------------------
---------------------------------
| rollout/           |          |
|    success_rate    | 0.72     |
| time/              |          |
|    episodes        | 1728     |
|    fps             | 25       |
|    time_elapsed    | 19750    |
|    total_timesteps | 530784   |
| train/             |          |
|    actor_loss      | -5.86    |
|    critic_loss     | 0.0593   |
|    ent_coef        | 0.00848  |
|    ent_coef_loss   | 0.522    |
|    learning_rate   | 0.0001   |
|    n_updates       | 280290   |
---------------------------------
---------------------------------
| rollout/           |          |
|    success_rate    | 0.69     |
| time/              |          |
|    episodes        | 1732     |
|    fps             | 25       |
|    time_elapsed    | 19824    |
|    total_timesteps | 532370   |
| train/             |          |
|    actor_loss      | -5.54    |
|    critic_loss     | 0.071    |
|    ent_coef        | 0.00834  |
|    ent_coef_loss   | -0.538   |
|    learning_rate   | 0.0001   |
|    n_updates       | 281083   |
---------------------------------
---------------------------------
| rollout/           |          |
|    success_rate    | 0.65     |
| time/              |          |
|    episodes        | 1736     |
|    fps             | 25       |
|    time_elapsed    | 19889    |
|    total_timesteps | 534370   |
| train/             |          |
|    actor_loss      | -5.53    |
|    critic_loss     | 0.0501   |
|    ent_coef        | 0.00825  |
|    ent_coef_loss   | 0.717    |
|    learning_rate   | 0.0001   |
|    n_updates       | 282083   |
---------------------------------
---------------------------------
| rollout/           |          |
|    success_rate    | 0.63     |
| time/              |          |
|    episodes        | 1740     |
|    fps             | 25       |
|    time_elapsed    | 19956    |
|    total_timesteps | 535784   |
| train/             |          |
|    actor_loss      | -5.73    |
|    critic_loss     | 0.0185   |
|    ent_coef        | 0.00834  |
|    ent_coef_loss   | -1.69    |
|    learning_rate   | 0.0001   |
|    n_updates       | 282790   |
---------------------------------
---------------------------------
| rollout/           |          |
|    success_rate    | 0.61     |
| time/              |          |
|    episodes        | 1744     |
|    fps             | 25       |
|    time_elapsed    | 20008    |
|    total_timesteps | 537016   |
| train/             |          |
|    actor_loss      | -5.61    |
|    critic_loss     | 0.0621   |
|    ent_coef        | 0.00836  |
|    ent_coef_loss   | 0.193    |
|    learning_rate   | 0.0001   |
|    n_updates       | 283406   |
---------------------------------
---------------------------------
| rollout/           |          |
|    success_rate    | 0.61     |
| time/              |          |
|    episodes        | 1748     |
|    fps             | 25       |
|    time_elapsed    | 20029    |
|    total_timesteps | 537706   |
| train/             |          |
|    actor_loss      | -5.59    |
|    critic_loss     | 0.0886   |
|    ent_coef        | 0.00842  |
|    ent_coef_loss   | 0.772    |
|    learning_rate   | 0.0001   |
|    n_updates       | 283751   |
---------------------------------
---------------------------------
| rollout/           |          |
|    success_rate    | 0.61     |
| time/              |          |
|    episodes        | 1752     |
|    fps             | 25       |
|    time_elapsed    | 20068    |
|    total_timesteps | 538768   |
| train/             |          |
|    actor_loss      | -5.6     |
|    critic_loss     | 0.0313   |
|    ent_coef        | 0.00838  |
|    ent_coef_loss   | 0.017    |
|    learning_rate   | 0.0001   |
|    n_updates       | 284282   |
---------------------------------
---------------------------------
| rollout/           |          |
|    success_rate    | 0.62     |
| time/              |          |
|    episodes        | 1756     |
|    fps             | 25       |
|    time_elapsed    | 20091    |
|    total_timesteps | 539276   |
| train/             |          |
|    actor_loss      | -5.14    |
|    critic_loss     | 0.0349   |
|    ent_coef        | 0.00834  |
|    ent_coef_loss   | -1.16    |
|    learning_rate   | 0.0001   |
|    n_updates       | 284536   |
---------------------------------
---------------------------------
| rollout/           |          |
|    success_rate    | 0.63     |
| time/              |          |
|    episodes        | 1760     |
|    fps             | 25       |
|    time_elapsed    | 20116    |
|    total_timesteps | 539800   |
| train/             |          |
|    actor_loss      | -5.36    |
|    critic_loss     | 0.0205   |
|    ent_coef        | 0.00817  |
|    ent_coef_loss   | -2.78    |
|    learning_rate   | 0.0001   |
|    n_updates       | 284798   |
---------------------------------
---------------------------------
| rollout/           |          |
|    success_rate    | 0.62     |
| time/              |          |
|    episodes        | 1764     |
|    fps             | 25       |
|    time_elapsed    | 20160    |
|    total_timesteps | 540736   |
| train/             |          |
|    actor_loss      | -6.07    |
|    critic_loss     | 0.0203   |
|    ent_coef        | 0.00796  |
|    ent_coef_loss   | -1.07    |
|    learning_rate   | 0.0001   |
|    n_updates       | 285266   |
---------------------------------
---------------------------------
| rollout/           |          |
|    success_rate    | 0.63     |
| time/              |          |
|    episodes        | 1768     |
|    fps             | 25       |
|    time_elapsed    | 20188    |
|    total_timesteps | 541546   |
| train/             |          |
|    actor_loss      | -5.55    |
|    critic_loss     | 0.0578   |
|    ent_coef        | 0.00785  |
|    ent_coef_loss   | -0.291   |
|    learning_rate   | 0.0001   |
|    n_updates       | 285671   |
---------------------------------
---------------------------------
| rollout/           |          |
|    success_rate    | 0.61     |
| time/              |          |
|    episodes        | 1772     |
|    fps             | 25       |
|    time_elapsed    | 20228    |
|    total_timesteps | 542766   |
| train/             |          |
|    actor_loss      | -5.28    |
|    critic_loss     | 0.0293   |
|    ent_coef        | 0.00771  |
|    ent_coef_loss   | -1.55    |
|    learning_rate   | 0.0001   |
|    n_updates       | 286281   |
---------------------------------
---------------------------------
| rollout/           |          |
|    success_rate    | 0.62     |
| time/              |          |
|    episodes        | 1776     |
|    fps             | 25       |
|    time_elapsed    | 20252    |
|    total_timesteps | 543292   |
| train/             |          |
|    actor_loss      | -5.55    |
|    critic_loss     | 0.0454   |
|    ent_coef        | 0.00768  |
|    ent_coef_loss   | -1.87    |
|    learning_rate   | 0.0001   |
|    n_updates       | 286544   |
---------------------------------
---------------------------------
| rollout/           |          |
|    success_rate    | 0.62     |
| time/              |          |
|    episodes        | 1780     |
|    fps             | 25       |
|    time_elapsed    | 20300    |
|    total_timesteps | 544292   |
| train/             |          |
|    actor_loss      | -5.32    |
|    critic_loss     | 0.0177   |
|    ent_coef        | 0.00771  |
|    ent_coef_loss   | -3.55    |
|    learning_rate   | 0.0001   |
|    n_updates       | 287044   |
---------------------------------
---------------------------------
| rollout/           |          |
|    success_rate    | 0.62     |
| time/              |          |
|    episodes        | 1784     |
|    fps             | 25       |
|    time_elapsed    | 20321    |
|    total_timesteps | 544738   |
| train/             |          |
|    actor_loss      | -5.41    |
|    critic_loss     | 0.0428   |
|    ent_coef        | 0.00767  |
|    ent_coef_loss   | -2.56    |
|    learning_rate   | 0.0001   |
|    n_updates       | 287267   |
---------------------------------
---------------------------------
| rollout/           |          |
|    success_rate    | 0.62     |
| time/              |          |
|    episodes        | 1788     |
|    fps             | 25       |
|    time_elapsed    | 20348    |
|    total_timesteps | 545414   |
| train/             |          |
|    actor_loss      | -5.59    |
|    critic_loss     | 0.0514   |
|    ent_coef        | 0.00759  |
|    ent_coef_loss   | -2.19    |
|    learning_rate   | 0.0001   |
|    n_updates       | 287605   |
---------------------------------
---------------------------------
| rollout/           |          |
|    success_rate    | 0.64     |
| time/              |          |
|    episodes        | 1792     |
|    fps             | 25       |
|    time_elapsed    | 20366    |
|    total_timesteps | 546032   |
| train/             |          |
|    actor_loss      | -5.61    |
|    critic_loss     | 0.239    |
|    ent_coef        | 0.00757  |
|    ent_coef_loss   | 0.792    |
|    learning_rate   | 0.0001   |
|    n_updates       | 287914   |
---------------------------------
---------------------------------
| rollout/           |          |
|    success_rate    | 0.65     |
| time/              |          |
|    episodes        | 1796     |
|    fps             | 25       |
|    time_elapsed    | 20383    |
|    total_timesteps | 546608   |
| train/             |          |
|    actor_loss      | -5.31    |
|    critic_loss     | 0.023    |
|    ent_coef        | 0.00755  |
|    ent_coef_loss   | -1.86    |
|    learning_rate   | 0.0001   |
|    n_updates       | 288202   |
---------------------------------
---------------------------------
| rollout/           |          |
|    success_rate    | 0.65     |
| time/              |          |
|    episodes        | 1800     |
|    fps             | 25       |
|    time_elapsed    | 20399    |
|    total_timesteps | 546990   |
| train/             |          |
|    actor_loss      | -6.04    |
|    critic_loss     | 0.0985   |
|    ent_coef        | 0.00753  |
|    ent_coef_loss   | 0.756    |
|    learning_rate   | 0.0001   |
|    n_updates       | 288393   |
---------------------------------
---------------------------------
| rollout/           |          |
|    success_rate    | 0.67     |
| time/              |          |
|    episodes        | 1804     |
|    fps             | 25       |
|    time_elapsed    | 20426    |
|    total_timesteps | 547566   |
| train/             |          |
|    actor_loss      | -5.64    |
|    critic_loss     | 0.0211   |
|    ent_coef        | 0.00749  |
|    ent_coef_loss   | -1.06    |
|    learning_rate   | 0.0001   |
|    n_updates       | 288681   |
---------------------------------
---------------------------------
| rollout/           |          |
|    success_rate    | 0.68     |
| time/              |          |
|    episodes        | 1808     |
|    fps             | 25       |
|    time_elapsed    | 20454    |
|    total_timesteps | 548144   |
| train/             |          |
|    actor_loss      | -5.83    |
|    critic_loss     | 0.357    |
|    ent_coef        | 0.00744  |
|    ent_coef_loss   | 0.547    |
|    learning_rate   | 0.0001   |
|    n_updates       | 288970   |
---------------------------------
---------------------------------
| rollout/           |          |
|    success_rate    | 0.71     |
| time/              |          |
|    episodes        | 1812     |
|    fps             | 25       |
|    time_elapsed    | 20486    |
|    total_timesteps | 548820   |
| train/             |          |
|    actor_loss      | -5.53    |
|    critic_loss     | 0.0343   |
|    ent_coef        | 0.00744  |
|    ent_coef_loss   | -0.921   |
|    learning_rate   | 0.0001   |
|    n_updates       | 289308   |
---------------------------------
---------------------------------
| rollout/           |          |
|    success_rate    | 0.7      |
| time/              |          |
|    episodes        | 1816     |
|    fps             | 25       |
|    time_elapsed    | 20513    |
|    total_timesteps | 549418   |
| train/             |          |
|    actor_loss      | -5.32    |
|    critic_loss     | 0.0277   |
|    ent_coef        | 0.00737  |
|    ent_coef_loss   | -2.31    |
|    learning_rate   | 0.0001   |
|    n_updates       | 289607   |
---------------------------------
---------------------------------
| rollout/           |          |
|    success_rate    | 0.7      |
| time/              |          |
|    episodes        | 1820     |
|    fps             | 25       |
|    time_elapsed    | 20541    |
|    total_timesteps | 550350   |
| train/             |          |
|    actor_loss      | -5.55    |
|    critic_loss     | 0.14     |
|    ent_coef        | 0.0073   |
|    ent_coef_loss   | 2.44     |
|    learning_rate   | 0.0001   |
|    n_updates       | 290073   |
---------------------------------
---------------------------------
| rollout/           |          |
|    success_rate    | 0.73     |
| time/              |          |
|    episodes        | 1824     |
|    fps             | 25       |
|    time_elapsed    | 20578    |
|    total_timesteps | 551350   |
| train/             |          |
|    actor_loss      | -5.41    |
|    critic_loss     | 0.0203   |
|    ent_coef        | 0.0071   |
|    ent_coef_loss   | 0.889    |
|    learning_rate   | 0.0001   |
|    n_updates       | 290573   |
---------------------------------
---------------------------------
| rollout/           |          |
|    success_rate    | 0.77     |
| time/              |          |
|    episodes        | 1828     |
|    fps             | 25       |
|    time_elapsed    | 20602    |
|    total_timesteps | 551834   |
| train/             |          |
|    actor_loss      | -5.73    |
|    critic_loss     | 0.0275   |
|    ent_coef        | 0.00704  |
|    ent_coef_loss   | 0.0986   |
|    learning_rate   | 0.0001   |
|    n_updates       | 290815   |
---------------------------------
---------------------------------
| rollout/           |          |
|    success_rate    | 0.8      |
| time/              |          |
|    episodes        | 1832     |
|    fps             | 25       |
|    time_elapsed    | 20625    |
|    total_timesteps | 552320   |
| train/             |          |
|    actor_loss      | -5.38    |
|    critic_loss     | 0.0564   |
|    ent_coef        | 0.00699  |
|    ent_coef_loss   | 0.445    |
|    learning_rate   | 0.0001   |
|    n_updates       | 291058   |
---------------------------------
---------------------------------
| rollout/           |          |
|    success_rate    | 0.84     |
| time/              |          |
|    episodes        | 1836     |
|    fps             | 25       |
|    time_elapsed    | 20663    |
|    total_timesteps | 553106   |
| train/             |          |
|    actor_loss      | -5.61    |
|    critic_loss     | 0.0619   |
|    ent_coef        | 0.00703  |
|    ent_coef_loss   | 0.403    |
|    learning_rate   | 0.0001   |
|    n_updates       | 291451   |
---------------------------------
---------------------------------
| rollout/           |          |
|    success_rate    | 0.86     |
| time/              |          |
|    episodes        | 1840     |
|    fps             | 25       |
|    time_elapsed    | 20699    |
|    total_timesteps | 554074   |
| train/             |          |
|    actor_loss      | -5.02    |
|    critic_loss     | 0.0214   |
|    ent_coef        | 0.00712  |
|    ent_coef_loss   | 1.17     |
|    learning_rate   | 0.0001   |
|    n_updates       | 291935   |
---------------------------------
---------------------------------
| rollout/           |          |
|    success_rate    | 0.86     |
| time/              |          |
|    episodes        | 1844     |
|    fps             | 25       |
|    time_elapsed    | 20715    |
|    total_timesteps | 554646   |
| train/             |          |
|    actor_loss      | -5.75    |
|    critic_loss     | 0.0578   |
|    ent_coef        | 0.00716  |
|    ent_coef_loss   | 1.27     |
|    learning_rate   | 0.0001   |
|    n_updates       | 292221   |
---------------------------------
---------------------------------
| rollout/           |          |
|    success_rate    | 0.86     |
| time/              |          |
|    episodes        | 1848     |
|    fps             | 25       |
|    time_elapsed    | 20728    |
|    total_timesteps | 555090   |
| train/             |          |
|    actor_loss      | -4.96    |
|    critic_loss     | 0.0184   |
|    ent_coef        | 0.00721  |
|    ent_coef_loss   | -2.25    |
|    learning_rate   | 0.0001   |
|    n_updates       | 292443   |
---------------------------------
---------------------------------
| rollout/           |          |
|    success_rate    | 0.87     |
| time/              |          |
|    episodes        | 1852     |
|    fps             | 25       |
|    time_elapsed    | 20762    |
|    total_timesteps | 555850   |
| train/             |          |
|    actor_loss      | -5.24    |
|    critic_loss     | 0.379    |
|    ent_coef        | 0.00724  |
|    ent_coef_loss   | 5.12     |
|    learning_rate   | 0.0001   |
|    n_updates       | 292823   |
---------------------------------
---------------------------------
| rollout/           |          |
|    success_rate    | 0.87     |
| time/              |          |
|    episodes        | 1856     |
|    fps             | 25       |
|    time_elapsed    | 20789    |
|    total_timesteps | 556400   |
| train/             |          |
|    actor_loss      | -5.59    |
|    critic_loss     | 0.0681   |
|    ent_coef        | 0.00725  |
|    ent_coef_loss   | 3.5      |
|    learning_rate   | 0.0001   |
|    n_updates       | 293098   |
---------------------------------
---------------------------------
| rollout/           |          |
|    success_rate    | 0.86     |
| time/              |          |
|    episodes        | 1860     |
|    fps             | 25       |
|    time_elapsed    | 20820    |
|    total_timesteps | 557050   |
| train/             |          |
|    actor_loss      | -5.78    |
|    critic_loss     | 0.27     |
|    ent_coef        | 0.00721  |
|    ent_coef_loss   | -1.91    |
|    learning_rate   | 0.0001   |
|    n_updates       | 293423   |
---------------------------------
---------------------------------
| rollout/           |          |
|    success_rate    | 0.87     |
| time/              |          |
|    episodes        | 1864     |
|    fps             | 25       |
|    time_elapsed    | 20838    |
|    total_timesteps | 557446   |
| train/             |          |
|    actor_loss      | -6.02    |
|    critic_loss     | 0.056    |
|    ent_coef        | 0.00726  |
|    ent_coef_loss   | 0.517    |
|    learning_rate   | 0.0001   |
|    n_updates       | 293621   |
---------------------------------
---------------------------------
| rollout/           |          |
|    success_rate    | 0.87     |
| time/              |          |
|    episodes        | 1868     |
|    fps             | 25       |
|    time_elapsed    | 20857    |
|    total_timesteps | 557854   |
| train/             |          |
|    actor_loss      | -5.32    |
|    critic_loss     | 0.0884   |
|    ent_coef        | 0.00728  |
|    ent_coef_loss   | -0.347   |
|    learning_rate   | 0.0001   |
|    n_updates       | 293825   |
---------------------------------
---------------------------------
| rollout/           |          |
|    success_rate    | 0.89     |
| time/              |          |
|    episodes        | 1872     |
|    fps             | 25       |
|    time_elapsed    | 20869    |
|    total_timesteps | 558254   |
| train/             |          |
|    actor_loss      | -5.32    |
|    critic_loss     | 0.0268   |
|    ent_coef        | 0.00731  |
|    ent_coef_loss   | -1.24    |
|    learning_rate   | 0.0001   |
|    n_updates       | 294025   |
---------------------------------
---------------------------------
| rollout/           |          |
|    success_rate    | 0.88     |
| time/              |          |
|    episodes        | 1876     |
|    fps             | 25       |
|    time_elapsed    | 20886    |
|    total_timesteps | 558840   |
| train/             |          |
|    actor_loss      | -5.22    |
|    critic_loss     | 0.0547   |
|    ent_coef        | 0.0074   |
|    ent_coef_loss   | -2.46    |
|    learning_rate   | 0.0001   |
|    n_updates       | 294318   |
---------------------------------
---------------------------------
| rollout/           |          |
|    success_rate    | 0.89     |
| time/              |          |
|    episodes        | 1880     |
|    fps             | 25       |
|    time_elapsed    | 20897    |
|    total_timesteps | 559238   |
| train/             |          |
|    actor_loss      | -5.99    |
|    critic_loss     | 0.0627   |
|    ent_coef        | 0.00735  |
|    ent_coef_loss   | -2.41    |
|    learning_rate   | 0.0001   |
|    n_updates       | 294517   |
---------------------------------
---------------------------------
| rollout/           |          |
|    success_rate    | 0.89     |
| time/              |          |
|    episodes        | 1884     |
|    fps             | 25       |
|    time_elapsed    | 20912    |
|    total_timesteps | 559654   |
| train/             |          |
|    actor_loss      | -5.62    |
|    critic_loss     | 0.0406   |
|    ent_coef        | 0.00734  |
|    ent_coef_loss   | 0.198    |
|    learning_rate   | 0.0001   |
|    n_updates       | 294725   |
---------------------------------
---------------------------------
| rollout/           |          |
|    success_rate    | 0.89     |
| time/              |          |
|    episodes        | 1888     |
|    fps             | 25       |
|    time_elapsed    | 20951    |
|    total_timesteps | 560462   |
| train/             |          |
|    actor_loss      | -5.76    |
|    critic_loss     | 0.069    |
|    ent_coef        | 0.00739  |
|    ent_coef_loss   | -2.08    |
|    learning_rate   | 0.0001   |
|    n_updates       | 295129   |
---------------------------------
---------------------------------
| rollout/           |          |
|    success_rate    | 0.88     |
| time/              |          |
|    episodes        | 1892     |
|    fps             | 25       |
|    time_elapsed    | 20972    |
|    total_timesteps | 560894   |
| train/             |          |
|    actor_loss      | -5.76    |
|    critic_loss     | 0.0136   |
|    ent_coef        | 0.00734  |
|    ent_coef_loss   | -0.378   |
|    learning_rate   | 0.0001   |
|    n_updates       | 295345   |
---------------------------------
---------------------------------
| rollout/           |          |
|    success_rate    | 0.89     |
| time/              |          |
|    episodes        | 1896     |
|    fps             | 25       |
|    time_elapsed    | 20991    |
|    total_timesteps | 561306   |
| train/             |          |
|    actor_loss      | -5.62    |
|    critic_loss     | 0.0432   |
|    ent_coef        | 0.00735  |
|    ent_coef_loss   | -0.319   |
|    learning_rate   | 0.0001   |
|    n_updates       | 295551   |
---------------------------------
---------------------------------
| rollout/           |          |
|    success_rate    | 0.89     |
| time/              |          |
|    episodes        | 1900     |
|    fps             | 25       |
|    time_elapsed    | 21012    |
|    total_timesteps | 561748   |
| train/             |          |
|    actor_loss      | -5.49    |
|    critic_loss     | 0.0993   |
|    ent_coef        | 0.00734  |
|    ent_coef_loss   | -0.79    |
|    learning_rate   | 0.0001   |
|    n_updates       | 295772   |
---------------------------------
---------------------------------
| rollout/           |          |
|    success_rate    | 0.89     |
| time/              |          |
|    episodes        | 1904     |
|    fps             | 25       |
|    time_elapsed    | 21030    |
|    total_timesteps | 562162   |
| train/             |          |
|    actor_loss      | -5.41    |
|    critic_loss     | 0.039    |
|    ent_coef        | 0.00728  |
|    ent_coef_loss   | -0.943   |
|    learning_rate   | 0.0001   |
|    n_updates       | 295979   |
---------------------------------
---------------------------------
| rollout/           |          |
|    success_rate    | 0.9      |
| time/              |          |
|    episodes        | 1908     |
|    fps             | 25       |
|    time_elapsed    | 21043    |
|    total_timesteps | 562576   |
| train/             |          |
|    actor_loss      | -5.56    |
|    critic_loss     | 0.0665   |
|    ent_coef        | 0.00727  |
|    ent_coef_loss   | 2.36     |
|    learning_rate   | 0.0001   |
|    n_updates       | 296186   |
---------------------------------
---------------------------------
| rollout/           |          |
|    success_rate    | 0.9      |
| time/              |          |
|    episodes        | 1912     |
|    fps             | 25       |
|    time_elapsed    | 21054    |
|    total_timesteps | 562980   |
| train/             |          |
|    actor_loss      | -5.36    |
|    critic_loss     | 0.294    |
|    ent_coef        | 0.0073   |
|    ent_coef_loss   | 1.85     |
|    learning_rate   | 0.0001   |
|    n_updates       | 296388   |
---------------------------------
---------------------------------
| rollout/           |          |
|    success_rate    | 0.9      |
| time/              |          |
|    episodes        | 1916     |
|    fps             | 25       |
|    time_elapsed    | 21082    |
|    total_timesteps | 563832   |
| train/             |          |
|    actor_loss      | -6.07    |
|    critic_loss     | 0.0543   |
|    ent_coef        | 0.00726  |
|    ent_coef_loss   | -2.04    |
|    learning_rate   | 0.0001   |
|    n_updates       | 296814   |
---------------------------------
---------------------------------
| rollout/           |          |
|    success_rate    | 0.91     |
| time/              |          |
|    episodes        | 1920     |
|    fps             | 25       |
|    time_elapsed    | 21101    |
|    total_timesteps | 564250   |
| train/             |          |
|    actor_loss      | -5.74    |
|    critic_loss     | 0.0247   |
|    ent_coef        | 0.0072   |
|    ent_coef_loss   | -0.282   |
|    learning_rate   | 0.0001   |
|    n_updates       | 297023   |
---------------------------------
---------------------------------
| rollout/           |          |
|    success_rate    | 0.92     |
| time/              |          |
|    episodes        | 1924     |
|    fps             | 25       |
|    time_elapsed    | 21120    |
|    total_timesteps | 564660   |
| train/             |          |
|    actor_loss      | -5.87    |
|    critic_loss     | 0.0232   |
|    ent_coef        | 0.00724  |
|    ent_coef_loss   | 7.75     |
|    learning_rate   | 0.0001   |
|    n_updates       | 297228   |
---------------------------------
---------------------------------
| rollout/           |          |
|    success_rate    | 0.92     |
| time/              |          |
|    episodes        | 1928     |
|    fps             | 25       |
|    time_elapsed    | 21141    |
|    total_timesteps | 565094   |
| train/             |          |
|    actor_loss      | -5.71    |
|    critic_loss     | 0.143    |
|    ent_coef        | 0.00759  |
|    ent_coef_loss   | 5.87     |
|    learning_rate   | 0.0001   |
|    n_updates       | 297445   |
---------------------------------
---------------------------------
| rollout/           |          |
|    success_rate    | 0.92     |
| time/              |          |
|    episodes        | 1932     |
|    fps             | 25       |
|    time_elapsed    | 21162    |
|    total_timesteps | 565548   |
| train/             |          |
|    actor_loss      | -5.56    |
|    critic_loss     | 0.117    |
|    ent_coef        | 0.00778  |
|    ent_coef_loss   | 2.54     |
|    learning_rate   | 0.0001   |
|    n_updates       | 297672   |
---------------------------------
---------------------------------
| rollout/           |          |
|    success_rate    | 0.92     |
| time/              |          |
|    episodes        | 1936     |
|    fps             | 25       |
|    time_elapsed    | 21182    |
|    total_timesteps | 565968   |
| train/             |          |
|    actor_loss      | -6.4     |
|    critic_loss     | 0.135    |
|    ent_coef        | 0.0079   |
|    ent_coef_loss   | -0.113   |
|    learning_rate   | 0.0001   |
|    n_updates       | 297882   |
---------------------------------
---------------------------------
| rollout/           |          |
|    success_rate    | 0.93     |
| time/              |          |
|    episodes        | 1940     |
|    fps             | 25       |
|    time_elapsed    | 21202    |
|    total_timesteps | 566440   |
| train/             |          |
|    actor_loss      | -6.16    |
|    critic_loss     | 0.12     |
|    ent_coef        | 0.00796  |
|    ent_coef_loss   | 4.35     |
|    learning_rate   | 0.0001   |
|    n_updates       | 298118   |
---------------------------------
---------------------------------
| rollout/           |          |
|    success_rate    | 0.95     |
| time/              |          |
|    episodes        | 1944     |
|    fps             | 25       |
|    time_elapsed    | 21215    |
|    total_timesteps | 566870   |
| train/             |          |
|    actor_loss      | -5.72    |
|    critic_loss     | 0.0566   |
|    ent_coef        | 0.00802  |
|    ent_coef_loss   | 0.423    |
|    learning_rate   | 0.0001   |
|    n_updates       | 298333   |
---------------------------------
---------------------------------
| rollout/           |          |
|    success_rate    | 0.94     |
| time/              |          |
|    episodes        | 1948     |
|    fps             | 25       |
|    time_elapsed    | 21256    |
|    total_timesteps | 568080   |
| train/             |          |
|    actor_loss      | -6.27    |
|    critic_loss     | 0.0336   |
|    ent_coef        | 0.0082   |
|    ent_coef_loss   | -1.2     |
|    learning_rate   | 0.0001   |
|    n_updates       | 298938   |
---------------------------------
---------------------------------
| rollout/           |          |
|    success_rate    | 0.94     |
| time/              |          |
|    episodes        | 1952     |
|    fps             | 25       |
|    time_elapsed    | 21278    |
|    total_timesteps | 568558   |
| train/             |          |
|    actor_loss      | -6.02    |
|    critic_loss     | 0.0191   |
|    ent_coef        | 0.00825  |
|    ent_coef_loss   | 0.744    |
|    learning_rate   | 0.0001   |
|    n_updates       | 299177   |
---------------------------------
---------------------------------
| rollout/           |          |
|    success_rate    | 0.93     |
| time/              |          |
|    episodes        | 1956     |
|    fps             | 25       |
|    time_elapsed    | 21315    |
|    total_timesteps | 569290   |
| train/             |          |
|    actor_loss      | -6.02    |
|    critic_loss     | 0.0496   |
|    ent_coef        | 0.0083   |
|    ent_coef_loss   | 0.398    |
|    learning_rate   | 0.0001   |
|    n_updates       | 299543   |
---------------------------------
---------------------------------
| rollout/           |          |
|    success_rate    | 0.94     |
| time/              |          |
|    episodes        | 1960     |
|    fps             | 25       |
|    time_elapsed    | 21336    |
|    total_timesteps | 569720   |
| train/             |          |
|    actor_loss      | -5.8     |
|    critic_loss     | 0.0324   |
|    ent_coef        | 0.00827  |
|    ent_coef_loss   | -0.861   |
|    learning_rate   | 0.0001   |
|    n_updates       | 299758   |
---------------------------------
---------------------------------
| rollout/           |          |
|    success_rate    | 0.94     |
| time/              |          |
|    episodes        | 1964     |
|    fps             | 25       |
|    time_elapsed    | 21357    |
|    total_timesteps | 570160   |
| train/             |          |
|    actor_loss      | -6.5     |
|    critic_loss     | 0.124    |
|    ent_coef        | 0.00823  |
|    ent_coef_loss   | -1.38    |
|    learning_rate   | 0.0001   |
|    n_updates       | 299978   |
---------------------------------
---------------------------------
| rollout/           |          |
|    success_rate    | 0.93     |
| time/              |          |
|    episodes        | 1968     |
|    fps             | 25       |
|    time_elapsed    | 21399    |
|    total_timesteps | 571370   |
| train/             |          |
|    actor_loss      | -6.49    |
|    critic_loss     | 0.0703   |
|    ent_coef        | 0.00816  |
|    ent_coef_loss   | 1.71     |
|    learning_rate   | 0.0001   |
|    n_updates       | 300583   |
---------------------------------
---------------------------------
| rollout/           |          |
|    success_rate    | 0.92     |
| time/              |          |
|    episodes        | 1972     |
|    fps             | 25       |
|    time_elapsed    | 21446    |
|    total_timesteps | 572576   |
| train/             |          |
|    actor_loss      | -6.43    |
|    critic_loss     | 0.0914   |
|    ent_coef        | 0.00805  |
|    ent_coef_loss   | 0.159    |
|    learning_rate   | 0.0001   |
|    n_updates       | 301186   |
---------------------------------
---------------------------------
| rollout/           |          |
|    success_rate    | 0.92     |
| time/              |          |
|    episodes        | 1976     |
|    fps             | 25       |
|    time_elapsed    | 21475    |
|    total_timesteps | 573188   |
| train/             |          |
|    actor_loss      | -6.37    |
|    critic_loss     | 0.0613   |
|    ent_coef        | 0.00798  |
|    ent_coef_loss   | -3.39    |
|    learning_rate   | 0.0001   |
|    n_updates       | 301492   |
---------------------------------
---------------------------------
| rollout/           |          |
|    success_rate    | 0.91     |
| time/              |          |
|    episodes        | 1980     |
|    fps             | 25       |
|    time_elapsed    | 21507    |
|    total_timesteps | 573864   |
| train/             |          |
|    actor_loss      | -6.08    |
|    critic_loss     | 0.0261   |
|    ent_coef        | 0.00789  |
|    ent_coef_loss   | -1.42    |
|    learning_rate   | 0.0001   |
|    n_updates       | 301830   |
---------------------------------
---------------------------------
| rollout/           |          |
|    success_rate    | 0.91     |
| time/              |          |
|    episodes        | 1984     |
|    fps             | 25       |
|    time_elapsed    | 21538    |
|    total_timesteps | 574480   |
| train/             |          |
|    actor_loss      | -6.19    |
|    critic_loss     | 0.0871   |
|    ent_coef        | 0.00777  |
|    ent_coef_loss   | -0.02    |
|    learning_rate   | 0.0001   |
|    n_updates       | 302138   |
---------------------------------
---------------------------------
| rollout/           |          |
|    success_rate    | 0.91     |
| time/              |          |
|    episodes        | 1988     |
|    fps             | 25       |
|    time_elapsed    | 21558    |
|    total_timesteps | 575098   |
| train/             |          |
|    actor_loss      | -6.39    |
|    critic_loss     | 0.0628   |
|    ent_coef        | 0.00771  |
|    ent_coef_loss   | -0.659   |
|    learning_rate   | 0.0001   |
|    n_updates       | 302447   |
---------------------------------
---------------------------------
| rollout/           |          |
|    success_rate    | 0.9      |
| time/              |          |
|    episodes        | 1992     |
|    fps             | 25       |
|    time_elapsed    | 21588    |
|    total_timesteps | 576098   |
| train/             |          |
|    actor_loss      | -6.3     |
|    critic_loss     | 0.0777   |
|    ent_coef        | 0.00757  |
|    ent_coef_loss   | 0.0583   |
|    learning_rate   | 0.0001   |
|    n_updates       | 302947   |
---------------------------------
---------------------------------
| rollout/           |          |
|    success_rate    | 0.9      |
| time/              |          |
|    episodes        | 1996     |
|    fps             | 25       |
|    time_elapsed    | 21607    |
|    total_timesteps | 576514   |
| train/             |          |
|    actor_loss      | -6.49    |
|    critic_loss     | 0.0751   |
|    ent_coef        | 0.00754  |
|    ent_coef_loss   | 2.81     |
|    learning_rate   | 0.0001   |
|    n_updates       | 303155   |
---------------------------------
---------------------------------
| rollout/           |          |
|    success_rate    | 0.9      |
| time/              |          |
|    episodes        | 2000     |
|    fps             | 25       |
|    time_elapsed    | 21630    |
|    total_timesteps | 576986   |
| train/             |          |
|    actor_loss      | -6.49    |
|    critic_loss     | 0.0432   |
|    ent_coef        | 0.00754  |
|    ent_coef_loss   | 0.668    |
|    learning_rate   | 0.0001   |
|    n_updates       | 303391   |
---------------------------------
---------------------------------
| rollout/           |          |
|    success_rate    | 0.9      |
| time/              |          |
|    episodes        | 2004     |
|    fps             | 25       |
|    time_elapsed    | 21671    |
|    total_timesteps | 577840   |
| train/             |          |
|    actor_loss      | -6.32    |
|    critic_loss     | 0.0258   |
|    ent_coef        | 0.00755  |
|    ent_coef_loss   | 0.204    |
|    learning_rate   | 0.0001   |
|    n_updates       | 303818   |
---------------------------------
---------------------------------
| rollout/           |          |
|    success_rate    | 0.89     |
| time/              |          |
|    episodes        | 2008     |
|    fps             | 25       |
|    time_elapsed    | 21693    |
|    total_timesteps | 578298   |
| train/             |          |
|    actor_loss      | -6.02    |
|    critic_loss     | 0.0156   |
|    ent_coef        | 0.0075   |
|    ent_coef_loss   | 1.3      |
|    learning_rate   | 0.0001   |
|    n_updates       | 304047   |
---------------------------------
---------------------------------
| rollout/           |          |
|    success_rate    | 0.89     |
| time/              |          |
|    episodes        | 2012     |
|    fps             | 25       |
|    time_elapsed    | 21713    |
|    total_timesteps | 578732   |
| train/             |          |
|    actor_loss      | -6.54    |
|    critic_loss     | 0.0215   |
|    ent_coef        | 0.00752  |
|    ent_coef_loss   | -2.51    |
|    learning_rate   | 0.0001   |
|    n_updates       | 304264   |
---------------------------------
---------------------------------
| rollout/           |          |
|    success_rate    | 0.89     |
| time/              |          |
|    episodes        | 2016     |
|    fps             | 25       |
|    time_elapsed    | 21749    |
|    total_timesteps | 579942   |
| train/             |          |
|    actor_loss      | -6.36    |
|    critic_loss     | 0.0143   |
|    ent_coef        | 0.00731  |
|    ent_coef_loss   | 2.23     |
|    learning_rate   | 0.0001   |
|    n_updates       | 304869   |
---------------------------------
---------------------------------
| rollout/           |          |
|    success_rate    | 0.88     |
| time/              |          |
|    episodes        | 2020     |
|    fps             | 25       |
|    time_elapsed    | 21762    |
|    total_timesteps | 580368   |
| train/             |          |
|    actor_loss      | -6.1     |
|    critic_loss     | 0.215    |
|    ent_coef        | 0.00723  |
|    ent_coef_loss   | 0.804    |
|    learning_rate   | 0.0001   |
|    n_updates       | 305082   |
---------------------------------
---------------------------------
| rollout/           |          |
|    success_rate    | 0.88     |
| time/              |          |
|    episodes        | 2024     |
|    fps             | 25       |
|    time_elapsed    | 21782    |
|    total_timesteps | 580814   |
| train/             |          |
|    actor_loss      | -6.81    |
|    critic_loss     | 0.042    |
|    ent_coef        | 0.00718  |
|    ent_coef_loss   | 0.233    |
|    learning_rate   | 0.0001   |
|    n_updates       | 305305   |
---------------------------------
---------------------------------
| rollout/           |          |
|    success_rate    | 0.88     |
| time/              |          |
|    episodes        | 2028     |
|    fps             | 25       |
|    time_elapsed    | 21802    |
|    total_timesteps | 581292   |
| train/             |          |
|    actor_loss      | -6.34    |
|    critic_loss     | 0.0325   |
|    ent_coef        | 0.00714  |
|    ent_coef_loss   | -0.27    |
|    learning_rate   | 0.0001   |
|    n_updates       | 305544   |
---------------------------------
---------------------------------
| rollout/           |          |
|    success_rate    | 0.88     |
| time/              |          |
|    episodes        | 2032     |
|    fps             | 25       |
|    time_elapsed    | 21823    |
|    total_timesteps | 581734   |
| train/             |          |
|    actor_loss      | -6.64    |
|    critic_loss     | 0.153    |
|    ent_coef        | 0.00716  |
|    ent_coef_loss   | -3.74    |
|    learning_rate   | 0.0001   |
|    n_updates       | 305765   |
---------------------------------
---------------------------------
| rollout/           |          |
|    success_rate    | 0.88     |
| time/              |          |
|    episodes        | 2036     |
|    fps             | 25       |
|    time_elapsed    | 21850    |
|    total_timesteps | 582290   |
| train/             |          |
|    actor_loss      | -6       |
|    critic_loss     | 0.034    |
|    ent_coef        | 0.00712  |
|    ent_coef_loss   | -2.22    |
|    learning_rate   | 0.0001   |
|    n_updates       | 306043   |
---------------------------------
---------------------------------
| rollout/           |          |
|    success_rate    | 0.87     |
| time/              |          |
|    episodes        | 2040     |
|    fps             | 25       |
|    time_elapsed    | 21884    |
|    total_timesteps | 582948   |
| train/             |          |
|    actor_loss      | -6.31    |
|    critic_loss     | 0.215    |
|    ent_coef        | 0.00707  |
|    ent_coef_loss   | 1.5      |
|    learning_rate   | 0.0001   |
|    n_updates       | 306372   |
---------------------------------
---------------------------------
| rollout/           |          |
|    success_rate    | 0.87     |
| time/              |          |
|    episodes        | 2044     |
|    fps             | 25       |
|    time_elapsed    | 21897    |
|    total_timesteps | 583390   |
| train/             |          |
|    actor_loss      | -5.94    |
|    critic_loss     | 0.0152   |
|    ent_coef        | 0.00697  |
|    ent_coef_loss   | -1.62    |
|    learning_rate   | 0.0001   |
|    n_updates       | 306593   |
---------------------------------
---------------------------------
| rollout/           |          |
|    success_rate    | 0.86     |
| time/              |          |
|    episodes        | 2048     |
|    fps             | 25       |
|    time_elapsed    | 21934    |
|    total_timesteps | 584604   |
| train/             |          |
|    actor_loss      | -6.6     |
|    critic_loss     | 0.082    |
|    ent_coef        | 0.00676  |
|    ent_coef_loss   | -1.46    |
|    learning_rate   | 0.0001   |
|    n_updates       | 307200   |
---------------------------------
---------------------------------
| rollout/           |          |
|    success_rate    | 0.86     |
| time/              |          |
|    episodes        | 2052     |
|    fps             | 25       |
|    time_elapsed    | 21994    |
|    total_timesteps | 585816   |
| train/             |          |
|    actor_loss      | -5.95    |
|    critic_loss     | 0.0383   |
|    ent_coef        | 0.00672  |
|    ent_coef_loss   | -3.16    |
|    learning_rate   | 0.0001   |
|    n_updates       | 307806   |
---------------------------------
---------------------------------
| rollout/           |          |
|    success_rate    | 0.86     |
| time/              |          |
|    episodes        | 2056     |
|    fps             | 25       |
|    time_elapsed    | 22014    |
|    total_timesteps | 586244   |
| train/             |          |
|    actor_loss      | -6.04    |
|    critic_loss     | 0.0248   |
|    ent_coef        | 0.00666  |
|    ent_coef_loss   | -0.773   |
|    learning_rate   | 0.0001   |
|    n_updates       | 308020   |
---------------------------------
---------------------------------
| rollout/           |          |
|    success_rate    | 0.86     |
| time/              |          |
|    episodes        | 2060     |
|    fps             | 25       |
|    time_elapsed    | 22043    |
|    total_timesteps | 586872   |
| train/             |          |
|    actor_loss      | -5.98    |
|    critic_loss     | 0.0752   |
|    ent_coef        | 0.00662  |
|    ent_coef_loss   | -0.326   |
|    learning_rate   | 0.0001   |
|    n_updates       | 308334   |
---------------------------------
---------------------------------
| rollout/           |          |
|    success_rate    | 0.85     |
| time/              |          |
|    episodes        | 2064     |
|    fps             | 25       |
|    time_elapsed    | 22074    |
|    total_timesteps | 587514   |
| train/             |          |
|    actor_loss      | -5.79    |
|    critic_loss     | 0.0301   |
|    ent_coef        | 0.00657  |
|    ent_coef_loss   | -1.23    |
|    learning_rate   | 0.0001   |
|    n_updates       | 308655   |
---------------------------------
---------------------------------
| rollout/           |          |
|    success_rate    | 0.86     |
| time/              |          |
|    episodes        | 2068     |
|    fps             | 25       |
|    time_elapsed    | 22094    |
|    total_timesteps | 587938   |
| train/             |          |
|    actor_loss      | -6.47    |
|    critic_loss     | 0.0592   |
|    ent_coef        | 0.00647  |
|    ent_coef_loss   | -1.19    |
|    learning_rate   | 0.0001   |
|    n_updates       | 308867   |
---------------------------------
---------------------------------
| rollout/           |          |
|    success_rate    | 0.87     |
| time/              |          |
|    episodes        | 2072     |
|    fps             | 25       |
|    time_elapsed    | 22115    |
|    total_timesteps | 588386   |
| train/             |          |
|    actor_loss      | -6.13    |
|    critic_loss     | 0.0348   |
|    ent_coef        | 0.00649  |
|    ent_coef_loss   | 0.119    |
|    learning_rate   | 0.0001   |
|    n_updates       | 309091   |
---------------------------------
---------------------------------
| rollout/           |          |
|    success_rate    | 0.88     |
| time/              |          |
|    episodes        | 2076     |
|    fps             | 25       |
|    time_elapsed    | 22134    |
|    total_timesteps | 588812   |
| train/             |          |
|    actor_loss      | -6.06    |
|    critic_loss     | 0.0625   |
|    ent_coef        | 0.00653  |
|    ent_coef_loss   | 0.499    |
|    learning_rate   | 0.0001   |
|    n_updates       | 309304   |
---------------------------------
---------------------------------
| rollout/           |          |
|    success_rate    | 0.89     |
| time/              |          |
|    episodes        | 2080     |
|    fps             | 25       |
|    time_elapsed    | 22154    |
|    total_timesteps | 589230   |
| train/             |          |
|    actor_loss      | -6.14    |
|    critic_loss     | 0.105    |
|    ent_coef        | 0.0065   |
|    ent_coef_loss   | -0.645   |
|    learning_rate   | 0.0001   |
|    n_updates       | 309513   |
---------------------------------
---------------------------------
| rollout/           |          |
|    success_rate    | 0.89     |
| time/              |          |
|    episodes        | 2084     |
|    fps             | 25       |
|    time_elapsed    | 22192    |
|    total_timesteps | 590008   |
| train/             |          |
|    actor_loss      | -5.85    |
|    critic_loss     | 0.0374   |
|    ent_coef        | 0.00655  |
|    ent_coef_loss   | -2.7     |
|    learning_rate   | 0.0001   |
|    n_updates       | 309902   |
---------------------------------
---------------------------------
| rollout/           |          |
|    success_rate    | 0.88     |
| time/              |          |
|    episodes        | 2088     |
|    fps             | 25       |
|    time_elapsed    | 22220    |
|    total_timesteps | 590896   |
| train/             |          |
|    actor_loss      | -6.15    |
|    critic_loss     | 0.0943   |
|    ent_coef        | 0.00654  |
|    ent_coef_loss   | 0.607    |
|    learning_rate   | 0.0001   |
|    n_updates       | 310346   |
---------------------------------
---------------------------------
| rollout/           |          |
|    success_rate    | 0.89     |
| time/              |          |
|    episodes        | 2092     |
|    fps             | 25       |
|    time_elapsed    | 22233    |
|    total_timesteps | 591336   |
| train/             |          |
|    actor_loss      | -6.21    |
|    critic_loss     | 0.103    |
|    ent_coef        | 0.00655  |
|    ent_coef_loss   | -0.108   |
|    learning_rate   | 0.0001   |
|    n_updates       | 310566   |
---------------------------------
---------------------------------
| rollout/           |          |
|    success_rate    | 0.89     |
| time/              |          |
|    episodes        | 2096     |
|    fps             | 25       |
|    time_elapsed    | 22254    |
|    total_timesteps | 591780   |
| train/             |          |
|    actor_loss      | -5.5     |
|    critic_loss     | 0.0361   |
|    ent_coef        | 0.00643  |
|    ent_coef_loss   | -2.98    |
|    learning_rate   | 0.0001   |
|    n_updates       | 310788   |
---------------------------------
---------------------------------
| rollout/           |          |
|    success_rate    | 0.89     |
| time/              |          |
|    episodes        | 2100     |
|    fps             | 25       |
|    time_elapsed    | 22275    |
|    total_timesteps | 592208   |
| train/             |          |
|    actor_loss      | -6.23    |
|    critic_loss     | 0.0564   |
|    ent_coef        | 0.00638  |
|    ent_coef_loss   | -0.308   |
|    learning_rate   | 0.0001   |
|    n_updates       | 311002   |
---------------------------------
---------------------------------
| rollout/           |          |
|    success_rate    | 0.89     |
| time/              |          |
|    episodes        | 2104     |
|    fps             | 25       |
|    time_elapsed    | 22294    |
|    total_timesteps | 592620   |
| train/             |          |
|    actor_loss      | -6.09    |
|    critic_loss     | 0.0162   |
|    ent_coef        | 0.00634  |
|    ent_coef_loss   | -3.38    |
|    learning_rate   | 0.0001   |
|    n_updates       | 311208   |
---------------------------------
---------------------------------
| rollout/           |          |
|    success_rate    | 0.9      |
| time/              |          |
|    episodes        | 2108     |
|    fps             | 25       |
|    time_elapsed    | 22313    |
|    total_timesteps | 593040   |
| train/             |          |
|    actor_loss      | -6.12    |
|    critic_loss     | 0.142    |
|    ent_coef        | 0.00622  |
|    ent_coef_loss   | -0.182   |
|    learning_rate   | 0.0001   |
|    n_updates       | 311418   |
---------------------------------
---------------------------------
| rollout/           |          |
|    success_rate    | 0.9      |
| time/              |          |
|    episodes        | 2112     |
|    fps             | 25       |
|    time_elapsed    | 22334    |
|    total_timesteps | 593476   |
| train/             |          |
|    actor_loss      | -5.59    |
|    critic_loss     | 0.114    |
|    ent_coef        | 0.00613  |
|    ent_coef_loss   | -0.897   |
|    learning_rate   | 0.0001   |
|    n_updates       | 311636   |
---------------------------------
---------------------------------
| rollout/           |          |
|    success_rate    | 0.91     |
| time/              |          |
|    episodes        | 2116     |
|    fps             | 25       |
|    time_elapsed    | 22354    |
|    total_timesteps | 593898   |
| train/             |          |
|    actor_loss      | -6.12    |
|    critic_loss     | 0.119    |
|    ent_coef        | 0.00609  |
|    ent_coef_loss   | -3.79    |
|    learning_rate   | 0.0001   |
|    n_updates       | 311847   |
---------------------------------
---------------------------------
| rollout/           |          |
|    success_rate    | 0.92     |
| time/              |          |
|    episodes        | 2120     |
|    fps             | 25       |
|    time_elapsed    | 22367    |
|    total_timesteps | 594322   |
| train/             |          |
|    actor_loss      | -6.08    |
|    critic_loss     | 0.0899   |
|    ent_coef        | 0.0061   |
|    ent_coef_loss   | 0.417    |
|    learning_rate   | 0.0001   |
|    n_updates       | 312059   |
---------------------------------
---------------------------------
| rollout/           |          |
|    success_rate    | 0.92     |
| time/              |          |
|    episodes        | 2124     |
|    fps             | 25       |
|    time_elapsed    | 22379    |
|    total_timesteps | 594744   |
| train/             |          |
|    actor_loss      | -6.21    |
|    critic_loss     | 0.186    |
|    ent_coef        | 0.00608  |
|    ent_coef_loss   | 4.81     |
|    learning_rate   | 0.0001   |
|    n_updates       | 312270   |
---------------------------------
---------------------------------
| rollout/           |          |
|    success_rate    | 0.92     |
| time/              |          |
|    episodes        | 2128     |
|    fps             | 25       |
|    time_elapsed    | 22391    |
|    total_timesteps | 595166   |
| train/             |          |
|    actor_loss      | -6.51    |
|    critic_loss     | 0.0886   |
|    ent_coef        | 0.00608  |
|    ent_coef_loss   | 1.83     |
|    learning_rate   | 0.0001   |
|    n_updates       | 312481   |
---------------------------------
---------------------------------
| rollout/           |          |
|    success_rate    | 0.92     |
| time/              |          |
|    episodes        | 2132     |
|    fps             | 25       |
|    time_elapsed    | 22404    |
|    total_timesteps | 595608   |
| train/             |          |
|    actor_loss      | -6.23    |
|    critic_loss     | 0.074    |
|    ent_coef        | 0.00605  |
|    ent_coef_loss   | 1.28     |
|    learning_rate   | 0.0001   |
|    n_updates       | 312702   |
---------------------------------
---------------------------------
| rollout/           |          |
|    success_rate    | 0.92     |
| time/              |          |
|    episodes        | 2136     |
|    fps             | 25       |
|    time_elapsed    | 22424    |
|    total_timesteps | 596064   |
| train/             |          |
|    actor_loss      | -5.58    |
|    critic_loss     | 0.0172   |
|    ent_coef        | 0.00606  |
|    ent_coef_loss   | -0.666   |
|    learning_rate   | 0.0001   |
|    n_updates       | 312930   |
---------------------------------
---------------------------------
| rollout/           |          |
|    success_rate    | 0.93     |
| time/              |          |
|    episodes        | 2140     |
|    fps             | 25       |
|    time_elapsed    | 22444    |
|    total_timesteps | 596480   |
| train/             |          |
|    actor_loss      | -6.21    |
|    critic_loss     | 0.15     |
|    ent_coef        | 0.00604  |
|    ent_coef_loss   | -0.856   |
|    learning_rate   | 0.0001   |
|    n_updates       | 313138   |
---------------------------------
---------------------------------
| rollout/           |          |
|    success_rate    | 0.93     |
| time/              |          |
|    episodes        | 2144     |
|    fps             | 25       |
|    time_elapsed    | 22463    |
|    total_timesteps | 596902   |
| train/             |          |
|    actor_loss      | -6.02    |
|    critic_loss     | 0.105    |
|    ent_coef        | 0.00603  |
|    ent_coef_loss   | 1.25     |
|    learning_rate   | 0.0001   |
|    n_updates       | 313349   |
---------------------------------
---------------------------------
| rollout/           |          |
|    success_rate    | 0.95     |
| time/              |          |
|    episodes        | 2148     |
|    fps             | 25       |
|    time_elapsed    | 22489    |
|    total_timesteps | 597452   |
| train/             |          |
|    actor_loss      | -5.95    |
|    critic_loss     | 0.0207   |
|    ent_coef        | 0.00602  |
|    ent_coef_loss   | -2.22    |
|    learning_rate   | 0.0001   |
|    n_updates       | 313624   |
---------------------------------
---------------------------------
| rollout/           |          |
|    success_rate    | 0.96     |
| time/              |          |
|    episodes        | 2152     |
|    fps             | 25       |
|    time_elapsed    | 22520    |
|    total_timesteps | 598084   |
| train/             |          |
|    actor_loss      | -6       |
|    critic_loss     | 0.0155   |
|    ent_coef        | 0.00599  |
|    ent_coef_loss   | -2.01    |
|    learning_rate   | 0.0001   |
|    n_updates       | 313940   |
---------------------------------
---------------------------------
| rollout/           |          |
|    success_rate    | 0.96     |
| time/              |          |
|    episodes        | 2156     |
|    fps             | 25       |
|    time_elapsed    | 22542    |
|    total_timesteps | 598710   |
| train/             |          |
|    actor_loss      | -5.75    |
|    critic_loss     | 0.154    |
|    ent_coef        | 0.00598  |
|    ent_coef_loss   | 3.37     |
|    learning_rate   | 0.0001   |
|    n_updates       | 314253   |
---------------------------------
---------------------------------
| rollout/           |          |
|    success_rate    | 0.96     |
| time/              |          |
|    episodes        | 2160     |
|    fps             | 25       |
|    time_elapsed    | 22555    |
|    total_timesteps | 599154   |
| train/             |          |
|    actor_loss      | -6.3     |
|    critic_loss     | 0.292    |
|    ent_coef        | 0.00601  |
|    ent_coef_loss   | 1.51     |
|    learning_rate   | 0.0001   |
|    n_updates       | 314475   |
---------------------------------
---------------------------------
| rollout/           |          |
|    success_rate    | 0.97     |
| time/              |          |
|    episodes        | 2164     |
|    fps             | 25       |
|    time_elapsed    | 22566    |
|    total_timesteps | 599552   |
| train/             |          |
|    actor_loss      | -5.92    |
|    critic_loss     | 0.184    |
|    ent_coef        | 0.00598  |
|    ent_coef_loss   | -0.858   |
|    learning_rate   | 0.0001   |
|    n_updates       | 314674   |
---------------------------------
---------------------------------
| rollout/           |          |
|    success_rate    | 0.97     |
| time/              |          |
|    episodes        | 2168     |
|    fps             | 25       |
|    time_elapsed    | 22579    |
|    total_timesteps | 599968   |
| train/             |          |
|    actor_loss      | -6.1     |
|    critic_loss     | 0.175    |
|    ent_coef        | 0.00596  |
|    ent_coef_loss   | -1.69    |
|    learning_rate   | 0.0001   |
|    n_updates       | 314882   |
---------------------------------
---------------------------------
| rollout/           |          |
|    success_rate    | 0.97     |
| time/              |          |
|    episodes        | 2172     |
|    fps             | 25       |
|    time_elapsed    | 22598    |
|    total_timesteps | 600384   |
| train/             |          |
|    actor_loss      | -6.34    |
|    critic_loss     | 0.0458   |
|    ent_coef        | 0.00597  |
|    ent_coef_loss   | 2.25     |
|    learning_rate   | 0.0001   |
|    n_updates       | 315090   |
---------------------------------
---------------------------------
| rollout/           |          |
|    success_rate    | 0.97     |
| time/              |          |
|    episodes        | 2176     |
|    fps             | 25       |
|    time_elapsed    | 22617    |
|    total_timesteps | 600794   |
| train/             |          |
|    actor_loss      | -6.35    |
|    critic_loss     | 0.0548   |
|    ent_coef        | 0.00601  |
|    ent_coef_loss   | 3.47     |
|    learning_rate   | 0.0001   |
|    n_updates       | 315295   |
---------------------------------
---------------------------------
| rollout/           |          |
|    success_rate    | 0.96     |
| time/              |          |
|    episodes        | 2180     |
|    fps             | 25       |
|    time_elapsed    | 22656    |
|    total_timesteps | 601600   |
| train/             |          |
|    actor_loss      | -6.26    |
|    critic_loss     | 0.0819   |
|    ent_coef        | 0.00603  |
|    ent_coef_loss   | -2.61    |
|    learning_rate   | 0.0001   |
|    n_updates       | 315698   |
---------------------------------
---------------------------------
| rollout/           |          |
|    success_rate    | 0.96     |
| time/              |          |
|    episodes        | 2184     |
|    fps             | 25       |
|    time_elapsed    | 22680    |
|    total_timesteps | 602106   |
| train/             |          |
|    actor_loss      | -6.46    |
|    critic_loss     | 0.256    |
|    ent_coef        | 0.00598  |
|    ent_coef_loss   | -2.29    |
|    learning_rate   | 0.0001   |
|    n_updates       | 315951   |
---------------------------------
---------------------------------
| rollout/           |          |
|    success_rate    | 0.96     |
| time/              |          |
|    episodes        | 2188     |
|    fps             | 25       |
|    time_elapsed    | 22710    |
|    total_timesteps | 602804   |
| train/             |          |
|    actor_loss      | -6.18    |
|    critic_loss     | 0.0114   |
|    ent_coef        | 0.0059   |
|    ent_coef_loss   | -1.01    |
|    learning_rate   | 0.0001   |
|    n_updates       | 316300   |
---------------------------------
---------------------------------
| rollout/           |          |
|    success_rate    | 0.97     |
| time/              |          |
|    episodes        | 2192     |
|    fps             | 25       |
|    time_elapsed    | 22724    |
|    total_timesteps | 603264   |
| train/             |          |
|    actor_loss      | -6.24    |
|    critic_loss     | 0.0162   |
|    ent_coef        | 0.0059   |
|    ent_coef_loss   | 3.96     |
|    learning_rate   | 0.0001   |
|    n_updates       | 316530   |
---------------------------------
---------------------------------
| rollout/           |          |
|    success_rate    | 0.96     |
| time/              |          |
|    episodes        | 2196     |
|    fps             | 25       |
|    time_elapsed    | 22752    |
|    total_timesteps | 604222   |
| train/             |          |
|    actor_loss      | -6.25    |
|    critic_loss     | 0.111    |
|    ent_coef        | 0.00594  |
|    ent_coef_loss   | 4.63     |
|    learning_rate   | 0.0001   |
|    n_updates       | 317009   |
---------------------------------
---------------------------------
| rollout/           |          |
|    success_rate    | 0.96     |
| time/              |          |
|    episodes        | 2200     |
|    fps             | 25       |
|    time_elapsed    | 22787    |
|    total_timesteps | 604966   |
| train/             |          |
|    actor_loss      | -6.29    |
|    critic_loss     | 0.128    |
|    ent_coef        | 0.00597  |
|    ent_coef_loss   | -0.134   |
|    learning_rate   | 0.0001   |
|    n_updates       | 317381   |
---------------------------------
---------------------------------
| rollout/           |          |
|    success_rate    | 0.95     |
| time/              |          |
|    episodes        | 2204     |
|    fps             | 25       |
|    time_elapsed    | 22819    |
|    total_timesteps | 605630   |
| train/             |          |
|    actor_loss      | -6.61    |
|    critic_loss     | 0.248    |
|    ent_coef        | 0.00593  |
|    ent_coef_loss   | 3.56     |
|    learning_rate   | 0.0001   |
|    n_updates       | 317713   |
---------------------------------
---------------------------------
| rollout/           |          |
|    success_rate    | 0.94     |
| time/              |          |
|    episodes        | 2208     |
|    fps             | 25       |
|    time_elapsed    | 22862    |
|    total_timesteps | 606498   |
| train/             |          |
|    actor_loss      | -6.25    |
|    critic_loss     | 0.0363   |
|    ent_coef        | 0.00588  |
|    ent_coef_loss   | -2.43    |
|    learning_rate   | 0.0001   |
|    n_updates       | 318147   |
---------------------------------
---------------------------------
| rollout/           |          |
|    success_rate    | 0.94     |
| time/              |          |
|    episodes        | 2212     |
|    fps             | 25       |
|    time_elapsed    | 22880    |
|    total_timesteps | 606892   |
| train/             |          |
|    actor_loss      | -6.67    |
|    critic_loss     | 0.0144   |
|    ent_coef        | 0.00593  |
|    ent_coef_loss   | 0.545    |
|    learning_rate   | 0.0001   |
|    n_updates       | 318344   |
---------------------------------
---------------------------------
| rollout/           |          |
|    success_rate    | 0.93     |
| time/              |          |
|    episodes        | 2216     |
|    fps             | 25       |
|    time_elapsed    | 22910    |
|    total_timesteps | 607878   |
| train/             |          |
|    actor_loss      | -6.32    |
|    critic_loss     | 0.0354   |
|    ent_coef        | 0.00589  |
|    ent_coef_loss   | -0.998   |
|    learning_rate   | 0.0001   |
|    n_updates       | 318837   |
---------------------------------
---------------------------------
| rollout/           |          |
|    success_rate    | 0.93     |
| time/              |          |
|    episodes        | 2220     |
|    fps             | 25       |
|    time_elapsed    | 22922    |
|    total_timesteps | 608286   |
| train/             |          |
|    actor_loss      | -6.11    |
|    critic_loss     | 0.0446   |
|    ent_coef        | 0.00586  |
|    ent_coef_loss   | 1.05     |
|    learning_rate   | 0.0001   |
|    n_updates       | 319041   |
---------------------------------
---------------------------------
| rollout/           |          |
|    success_rate    | 0.93     |
| time/              |          |
|    episodes        | 2224     |
|    fps             | 25       |
|    time_elapsed    | 22937    |
|    total_timesteps | 608700   |
| train/             |          |
|    actor_loss      | -6.35    |
|    critic_loss     | 0.0221   |
|    ent_coef        | 0.00581  |
|    ent_coef_loss   | -0.788   |
|    learning_rate   | 0.0001   |
|    n_updates       | 319248   |
---------------------------------
---------------------------------
| rollout/           |          |
|    success_rate    | 0.93     |
| time/              |          |
|    episodes        | 2228     |
|    fps             | 25       |
|    time_elapsed    | 22957    |
|    total_timesteps | 609116   |
| train/             |          |
|    actor_loss      | -6.12    |
|    critic_loss     | 0.0401   |
|    ent_coef        | 0.00575  |
|    ent_coef_loss   | -0.71    |
|    learning_rate   | 0.0001   |
|    n_updates       | 319456   |
---------------------------------
---------------------------------
| rollout/           |          |
|    success_rate    | 0.93     |
| time/              |          |
|    episodes        | 2232     |
|    fps             | 25       |
|    time_elapsed    | 22996    |
|    total_timesteps | 609950   |
| train/             |          |
|    actor_loss      | -6.4     |
|    critic_loss     | 0.0433   |
|    ent_coef        | 0.00563  |
|    ent_coef_loss   | 3.31     |
|    learning_rate   | 0.0001   |
|    n_updates       | 319873   |
---------------------------------
---------------------------------
| rollout/           |          |
|    success_rate    | 0.92     |
| time/              |          |
|    episodes        | 2236     |
|    fps             | 25       |
|    time_elapsed    | 23017    |
|    total_timesteps | 610386   |
| train/             |          |
|    actor_loss      | -6.68    |
|    critic_loss     | 0.168    |
|    ent_coef        | 0.00559  |
|    ent_coef_loss   | -0.399   |
|    learning_rate   | 0.0001   |
|    n_updates       | 320091   |
---------------------------------
---------------------------------
| rollout/           |          |
|    success_rate    | 0.92     |
| time/              |          |
|    episodes        | 2240     |
|    fps             | 25       |
|    time_elapsed    | 23035    |
|    total_timesteps | 610774   |
| train/             |          |
|    actor_loss      | -6.21    |
|    critic_loss     | 0.0821   |
|    ent_coef        | 0.00559  |
|    ent_coef_loss   | 1.86     |
|    learning_rate   | 0.0001   |
|    n_updates       | 320285   |
---------------------------------
---------------------------------
| rollout/           |          |
|    success_rate    | 0.91     |
| time/              |          |
|    episodes        | 2244     |
|    fps             | 25       |
|    time_elapsed    | 23079    |
|    total_timesteps | 611970   |
| train/             |          |
|    actor_loss      | -6.47    |
|    critic_loss     | 0.0801   |
|    ent_coef        | 0.00553  |
|    ent_coef_loss   | 6.11     |
|    learning_rate   | 0.0001   |
|    n_updates       | 320883   |
---------------------------------
---------------------------------
| rollout/           |          |
|    success_rate    | 0.88     |
| time/              |          |
|    episodes        | 2248     |
|    fps             | 25       |
|    time_elapsed    | 23129    |
|    total_timesteps | 613356   |
| train/             |          |
|    actor_loss      | -5.85    |
|    critic_loss     | 0.181    |
|    ent_coef        | 0.0055   |
|    ent_coef_loss   | 2.97     |
|    learning_rate   | 0.0001   |
|    n_updates       | 321576   |
---------------------------------
---------------------------------
| rollout/           |          |
|    success_rate    | 0.86     |
| time/              |          |
|    episodes        | 2252     |
|    fps             | 25       |
|    time_elapsed    | 23186    |
|    total_timesteps | 614546   |
| train/             |          |
|    actor_loss      | -6.22    |
|    critic_loss     | 0.114    |
|    ent_coef        | 0.00542  |
|    ent_coef_loss   | -2.98    |
|    learning_rate   | 0.0001   |
|    n_updates       | 322171   |
---------------------------------
---------------------------------
| rollout/           |          |
|    success_rate    | 0.85     |
| time/              |          |
|    episodes        | 2256     |
|    fps             | 25       |
|    time_elapsed    | 23240    |
|    total_timesteps | 615754   |
| train/             |          |
|    actor_loss      | -5.96    |
|    critic_loss     | 0.0242   |
|    ent_coef        | 0.00544  |
|    ent_coef_loss   | 0.829    |
|    learning_rate   | 0.0001   |
|    n_updates       | 322775   |
---------------------------------
---------------------------------
| rollout/           |          |
|    success_rate    | 0.83     |
| time/              |          |
|    episodes        | 2260     |
|    fps             | 25       |
|    time_elapsed    | 23275    |
|    total_timesteps | 616940   |
| train/             |          |
|    actor_loss      | -6.28    |
|    critic_loss     | 0.0343   |
|    ent_coef        | 0.00544  |
|    ent_coef_loss   | -2.9     |
|    learning_rate   | 0.0001   |
|    n_updates       | 323368   |
---------------------------------
---------------------------------
| rollout/           |          |
|    success_rate    | 0.8      |
| time/              |          |
|    episodes        | 2264     |
|    fps             | 25       |
|    time_elapsed    | 23358    |
|    total_timesteps | 618752   |
| train/             |          |
|    actor_loss      | -6.24    |
|    critic_loss     | 0.162    |
|    ent_coef        | 0.00548  |
|    ent_coef_loss   | -1.29    |
|    learning_rate   | 0.0001   |
|    n_updates       | 324274   |
---------------------------------
---------------------------------
| rollout/           |          |
|    success_rate    | 0.79     |
| time/              |          |
|    episodes        | 2268     |
|    fps             | 25       |
|    time_elapsed    | 23386    |
|    total_timesteps | 619340   |
| train/             |          |
|    actor_loss      | -6.12    |
|    critic_loss     | 0.146    |
|    ent_coef        | 0.0055   |
|    ent_coef_loss   | 4.44     |
|    learning_rate   | 0.0001   |
|    n_updates       | 324568   |
---------------------------------
---------------------------------
| rollout/           |          |
|    success_rate    | 0.78     |
| time/              |          |
|    episodes        | 2272     |
|    fps             | 25       |
|    time_elapsed    | 23437    |
|    total_timesteps | 620428   |
| train/             |          |
|    actor_loss      | -6.01    |
|    critic_loss     | 0.168    |
|    ent_coef        | 0.00551  |
|    ent_coef_loss   | 0.73     |
|    learning_rate   | 0.0001   |
|    n_updates       | 325112   |
---------------------------------
---------------------------------
| rollout/           |          |
|    success_rate    | 0.77     |
| time/              |          |
|    episodes        | 2276     |
|    fps             | 25       |
|    time_elapsed    | 23472    |
|    total_timesteps | 621178   |
| train/             |          |
|    actor_loss      | -6.43    |
|    critic_loss     | 0.122    |
|    ent_coef        | 0.00554  |
|    ent_coef_loss   | 4.14     |
|    learning_rate   | 0.0001   |
|    n_updates       | 325487   |
---------------------------------
---------------------------------
| rollout/           |          |
|    success_rate    | 0.77     |
| time/              |          |
|    episodes        | 2280     |
|    fps             | 25       |
|    time_elapsed    | 23502    |
|    total_timesteps | 621802   |
| train/             |          |
|    actor_loss      | -5.97    |
|    critic_loss     | 0.159    |
|    ent_coef        | 0.00561  |
|    ent_coef_loss   | 1.47     |
|    learning_rate   | 0.0001   |
|    n_updates       | 325799   |
---------------------------------
---------------------------------
| rollout/           |          |
|    success_rate    | 0.76     |
| time/              |          |
|    episodes        | 2284     |
|    fps             | 25       |
|    time_elapsed    | 23540    |
|    total_timesteps | 622802   |
| train/             |          |
|    actor_loss      | -6.36    |
|    critic_loss     | 0.29     |
|    ent_coef        | 0.00559  |
|    ent_coef_loss   | 2.56     |
|    learning_rate   | 0.0001   |
|    n_updates       | 326299   |
---------------------------------
---------------------------------
| rollout/           |          |
|    success_rate    | 0.75     |
| time/              |          |
|    episodes        | 2288     |
|    fps             | 25       |
|    time_elapsed    | 23587    |
|    total_timesteps | 624006   |
| train/             |          |
|    actor_loss      | -5.69    |
|    critic_loss     | 0.016    |
|    ent_coef        | 0.00559  |
|    ent_coef_loss   | -2.72    |
|    learning_rate   | 0.0001   |
|    n_updates       | 326901   |
---------------------------------
---------------------------------
| rollout/           |          |
|    success_rate    | 0.71     |
| time/              |          |
|    episodes        | 2292     |
|    fps             | 25       |
|    time_elapsed    | 23683    |
|    total_timesteps | 626006   |
| train/             |          |
|    actor_loss      | -6.17    |
|    critic_loss     | 0.0692   |
|    ent_coef        | 0.00531  |
|    ent_coef_loss   | 3.24     |
|    learning_rate   | 0.0001   |
|    n_updates       | 327901   |
---------------------------------
---------------------------------
| rollout/           |          |
|    success_rate    | 0.7      |
| time/              |          |
|    episodes        | 2296     |
|    fps             | 25       |
|    time_elapsed    | 23713    |
|    total_timesteps | 627006   |
| train/             |          |
|    actor_loss      | -6.03    |
|    critic_loss     | 0.174    |
|    ent_coef        | 0.00526  |
|    ent_coef_loss   | 0.12     |
|    learning_rate   | 0.0001   |
|    n_updates       | 328401   |
---------------------------------
---------------------------------
| rollout/           |          |
|    success_rate    | 0.68     |
| time/              |          |
|    episodes        | 2300     |
|    fps             | 25       |
|    time_elapsed    | 23767    |
|    total_timesteps | 628432   |
| train/             |          |
|    actor_loss      | -5.58    |
|    critic_loss     | 0.0224   |
|    ent_coef        | 0.00505  |
|    ent_coef_loss   | -2.48    |
|    learning_rate   | 0.0001   |
|    n_updates       | 329114   |
---------------------------------
---------------------------------
| rollout/           |          |
|    success_rate    | 0.68     |
| time/              |          |
|    episodes        | 2304     |
|    fps             | 25       |
|    time_elapsed    | 23806    |
|    total_timesteps | 629252   |
| train/             |          |
|    actor_loss      | -6.13    |
|    critic_loss     | 0.0953   |
|    ent_coef        | 0.00498  |
|    ent_coef_loss   | 1.12     |
|    learning_rate   | 0.0001   |
|    n_updates       | 329524   |
---------------------------------
---------------------------------
| rollout/           |          |
|    success_rate    | 0.69     |
| time/              |          |
|    episodes        | 2308     |
|    fps             | 25       |
|    time_elapsed    | 23825    |
|    total_timesteps | 629668   |
| train/             |          |
|    actor_loss      | -6.15    |
|    critic_loss     | 0.0259   |
|    ent_coef        | 0.00503  |
|    ent_coef_loss   | -2.11    |
|    learning_rate   | 0.0001   |
|    n_updates       | 329732   |
---------------------------------
Training Completed and Model Saved!
[23858.208s] Simulation App Shutting Down
[23858.194s] Simulation App Shutting Down
